FAC_PARTY_ID,is_active,date_first_seen,last_vacancy_under36,last_vacancy_30mos_5yrs,last_vacancy_licpre,last_vacancy_gr1_age12
1,TRUE,NA,NA,NA,NA,NA
2,TRUE,NA,NA,2026-07-10,NA,2026-07-10
3,TRUE,NA,2026-07-10,2026-07-10,2026-07-10,NA
4,TRUE,NA,NA,NA,NA,NA
5,TRUE,NA,2026-07-10,2026-07-10,NA,NA
6,TRUE,NA,NA,NA,NA,NA
7,TRUE,NA,NA,NA,NA,NA
8,TRUE,NA,2026-07-10,2026-07-10,NA,NA
9,TRUE,NA,NA,NA,NA,NA
10,TRUE,NA,NA,NA,NA,NA
11,TRUE,NA,NA,NA,NA,NA
12,TRUE,NA,NA,NA,NA,NA
13,TRUE,NA,NA,NA,NA,NA
14,TRUE,NA,NA,NA,NA,NA
15,TRUE,NA,NA,NA,NA,NA
16,TRUE,NA,NA,NA,NA,NA
17,TRUE,NA,NA,NA,NA,NA
18,TRUE,NA,2026-05-28,2026-07-10,NA,2026-07-10
19,TRUE,NA,NA,2026-07-10,NA,2026-07-10
20,TRUE,NA,NA,2026-07-10,NA,2026-07-10
21,TRUE,NA,NA,2026-06-11,NA,NA
22,TRUE,NA,NA,NA,NA,NA
23,TRUE,NA,NA,2026-05-18,NA,2026-07-10
24,TRUE,NA,NA,NA,NA,NA
25,TRUE,NA,NA,NA,NA,NA
26,TRUE,NA,NA,2026-07-10,NA,2026-07-08
27,TRUE,NA,NA,NA,NA,2026-07-10
28,TRUE,NA,NA,NA,NA,NA
29,TRUE,NA,NA,NA,2026-07-10,NA
30,TRUE,NA,NA,NA,NA,NA
31,TRUE,NA,NA,NA,NA,NA
32,TRUE,NA,NA,NA,NA,NA
33,TRUE,NA,NA,NA,NA,NA
34,TRUE,NA,NA,NA,NA,NA
35,TRUE,NA,NA,NA,NA,NA
36,TRUE,NA,NA,NA,NA,NA
37,TRUE,NA,NA,2026-07-05,NA,NA
38,TRUE,NA,2026-07-10,2026-07-10,NA,2026-06-16
39,TRUE,NA,NA,NA,NA,NA
40,TRUE,NA,NA,NA,NA,NA
41,TRUE,NA,NA,NA,NA,NA
42,TRUE,NA,NA,NA,NA,NA
43,TRUE,NA,NA,NA,NA,NA
44,TRUE,NA,NA,NA,NA,NA
45,TRUE,NA,NA,NA,NA,NA
46,TRUE,NA,NA,NA,NA,NA
47,TRUE,NA,NA,NA,NA,NA
48,TRUE,NA,NA,NA,NA,NA
49,TRUE,NA,NA,NA,NA,NA
50,TRUE,NA,NA,NA,NA,NA
51,TRUE,NA,NA,NA,NA,NA
52,TRUE,NA,NA,2026-07-10,NA,NA
53,TRUE,NA,NA,NA,NA,NA
54,TRUE,NA,NA,NA,NA,NA
55,TRUE,NA,NA,NA,NA,NA
56,TRUE,NA,NA,NA,NA,NA
57,TRUE,NA,NA,NA,NA,NA
58,TRUE,NA,NA,NA,NA,NA
59,TRUE,NA,NA,2026-07-10,NA,2026-07-10
60,TRUE,NA,NA,NA,NA,NA
61,TRUE,NA,NA,NA,2026-07-10,NA
62,TRUE,NA,NA,NA,NA,NA
63,TRUE,NA,NA,NA,NA,NA
64,TRUE,NA,NA,NA,NA,NA
65,TRUE,NA,NA,2026-07-10,NA,NA
66,TRUE,NA,NA,2026-07-10,NA,NA
67,TRUE,NA,NA,2026-07-10,NA,NA
68,TRUE,NA,NA,NA,NA,NA
69,TRUE,NA,NA,NA,NA,NA
70,TRUE,NA,NA,2026-07-10,NA,NA
71,TRUE,NA,2026-07-07,2026-07-10,NA,NA
72,TRUE,NA,NA,NA,NA,NA
73,TRUE,NA,NA,NA,2026-07-10,NA
74,TRUE,NA,NA,NA,NA,NA
75,TRUE,NA,NA,NA,NA,NA
76,TRUE,NA,NA,2026-07-10,NA,NA
77,TRUE,NA,NA,2026-07-10,NA,2026-07-10
78,TRUE,NA,NA,NA,NA,2026-06-15
79,TRUE,NA,NA,NA,NA,NA
80,TRUE,NA,NA,2026-07-10,2026-07-10,NA
81,TRUE,NA,NA,NA,NA,NA
82,TRUE,NA,NA,NA,NA,NA
83,TRUE,NA,NA,NA,NA,NA
84,TRUE,NA,NA,NA,NA,NA
85,TRUE,NA,NA,NA,NA,NA
86,TRUE,NA,NA,NA,NA,NA
87,TRUE,NA,2026-07-10,2026-07-10,2026-07-10,2026-07-10
88,TRUE,NA,NA,NA,NA,NA
89,TRUE,NA,NA,2026-07-10,NA,NA
90,TRUE,NA,NA,NA,NA,NA
91,TRUE,NA,NA,NA,NA,NA
92,TRUE,NA,NA,NA,NA,NA
93,TRUE,NA,NA,NA,NA,NA
94,TRUE,NA,NA,NA,NA,NA
95,TRUE,NA,NA,NA,NA,NA
96,TRUE,NA,NA,NA,NA,NA
97,TRUE,NA,NA,NA,NA,NA
98,TRUE,NA,NA,NA,2026-07-10,NA
99,TRUE,NA,NA,NA,NA,NA
100,TRUE,NA,2026-07-10,2026-07-10,NA,2026-07-10
101,TRUE,NA,2026-06-18,NA,NA,NA
102,TRUE,NA,NA,2026-07-10,NA,2026-07-10
103,TRUE,NA,NA,NA,2026-07-02,NA
104,TRUE,NA,NA,NA,NA,NA
105,TRUE,NA,NA,2026-07-10,NA,NA
106,TRUE,NA,NA,NA,NA,NA
107,TRUE,NA,NA,NA,2026-07-10,NA
108,TRUE,NA,NA,NA,NA,NA
109,TRUE,NA,NA,NA,NA,NA
110,TRUE,NA,2026-07-10,2026-07-10,2026-06-02,2026-06-02
111,TRUE,NA,2026-07-10,2026-07-10,NA,2026-07-10
112,TRUE,NA,2026-07-10,2026-07-10,NA,NA
113,TRUE,NA,NA,NA,2026-07-07,NA
114,TRUE,NA,NA,NA,NA,2026-07-10
115,TRUE,NA,NA,NA,NA,NA
116,TRUE,NA,NA,2026-06-29,NA,NA
117,TRUE,NA,NA,2026-06-19,NA,2026-06-19
118,TRUE,NA,NA,NA,NA,NA
119,TRUE,NA,NA,2026-07-10,2026-07-10,2026-07-10
120,TRUE,NA,NA,2026-07-10,NA,NA
121,TRUE,NA,NA,NA,NA,NA
122,TRUE,NA,2026-07-10,2026-07-10,2026-06-01,2026-07-10
123,TRUE,NA,NA,NA,NA,NA
124,TRUE,NA,NA,NA,2026-07-10,NA
125,TRUE,NA,NA,NA,2026-07-10,NA
126,TRUE,NA,NA,NA,2026-07-10,NA
127,TRUE,NA,NA,NA,NA,NA
128,TRUE,NA,NA,NA,NA,NA
129,TRUE,NA,NA,NA,NA,NA
130,TRUE,NA,NA,NA,NA,NA
131,TRUE,NA,2026-07-08,2026-07-10,2026-06-09,NA
132,TRUE,NA,NA,NA,NA,NA
133,TRUE,NA,NA,NA,NA,NA
134,TRUE,NA,NA,NA,NA,NA
135,TRUE,NA,NA,NA,NA,NA
136,TRUE,NA,NA,NA,2026-06-10,NA
137,TRUE,NA,NA,NA,NA,NA
138,TRUE,NA,NA,NA,NA,NA
139,TRUE,NA,NA,NA,NA,NA
140,TRUE,NA,NA,NA,2026-07-10,NA
141,TRUE,NA,NA,NA,NA,NA
142,TRUE,NA,NA,NA,NA,NA
143,TRUE,NA,NA,NA,NA,NA
144,TRUE,NA,NA,NA,2026-07-10,NA
145,TRUE,NA,NA,NA,NA,NA
146,TRUE,NA,NA,NA,NA,NA
147,TRUE,NA,NA,NA,NA,NA
148,TRUE,NA,NA,NA,NA,NA
149,TRUE,NA,NA,NA,2026-07-10,NA
150,TRUE,NA,NA,NA,NA,NA
151,TRUE,NA,NA,NA,NA,NA
152,TRUE,NA,NA,2026-07-07,NA,NA
153,TRUE,NA,NA,NA,NA,NA
154,TRUE,NA,NA,NA,NA,NA
155,TRUE,NA,NA,NA,2026-07-10,NA
156,TRUE,NA,NA,NA,NA,NA
157,TRUE,NA,NA,NA,NA,NA
158,TRUE,NA,NA,NA,2026-07-10,NA
159,TRUE,NA,NA,NA,NA,NA
160,TRUE,NA,NA,NA,NA,NA
161,TRUE,NA,NA,NA,2026-07-10,NA
162,TRUE,NA,NA,2026-07-10,NA,NA
163,TRUE,NA,NA,NA,2026-05-20,2026-06-17
164,TRUE,NA,NA,NA,NA,2026-07-10
165,TRUE,NA,NA,NA,NA,NA
166,TRUE,NA,NA,2026-06-03,NA,NA
167,TRUE,NA,NA,NA,NA,NA
168,TRUE,NA,NA,NA,NA,NA
169,TRUE,NA,NA,2026-07-02,2026-07-02,NA
170,TRUE,NA,NA,NA,2026-07-10,NA
171,TRUE,NA,NA,NA,NA,NA
172,TRUE,NA,NA,NA,NA,NA
173,TRUE,NA,NA,NA,NA,NA
174,TRUE,NA,NA,NA,NA,NA
175,TRUE,NA,NA,NA,NA,NA
176,TRUE,NA,NA,NA,2026-07-10,NA
177,TRUE,NA,NA,NA,2026-07-10,NA
178,TRUE,NA,NA,NA,2026-07-10,NA
179,TRUE,NA,NA,NA,NA,NA
180,TRUE,NA,NA,NA,NA,NA
181,TRUE,NA,NA,NA,NA,2026-06-22
182,TRUE,NA,NA,2026-07-10,NA,2026-07-10
183,TRUE,NA,NA,NA,2026-07-10,NA
184,TRUE,NA,NA,NA,2026-07-10,NA
185,TRUE,NA,NA,NA,NA,NA
186,TRUE,NA,NA,2026-07-10,NA,NA
187,TRUE,NA,NA,NA,NA,2026-06-02
188,TRUE,NA,NA,2026-07-10,NA,NA
189,TRUE,NA,NA,NA,NA,NA
190,TRUE,NA,NA,NA,2026-07-10,NA
191,TRUE,NA,NA,NA,2026-07-10,NA
192,TRUE,NA,NA,NA,2026-07-03,NA
193,TRUE,NA,NA,NA,2026-07-10,NA
194,TRUE,NA,NA,NA,NA,NA
195,TRUE,NA,NA,NA,NA,NA
196,TRUE,NA,NA,NA,NA,NA
197,TRUE,NA,NA,2026-07-10,NA,NA
198,TRUE,NA,NA,2026-07-10,NA,NA
199,TRUE,NA,NA,NA,2026-07-10,NA
200,TRUE,NA,NA,NA,NA,NA
201,TRUE,NA,NA,NA,NA,NA
202,TRUE,NA,NA,NA,NA,NA
203,TRUE,NA,NA,NA,NA,2026-05-25
204,TRUE,NA,2026-07-10,2026-07-10,NA,2026-06-15
205,TRUE,NA,NA,NA,2026-07-10,NA
206,TRUE,NA,NA,NA,NA,NA
207,TRUE,NA,NA,NA,NA,NA
208,TRUE,NA,NA,NA,2026-07-10,NA
209,TRUE,NA,NA,NA,2026-07-10,NA
210,TRUE,NA,NA,NA,NA,NA
211,TRUE,NA,2026-07-10,2026-07-10,NA,NA
212,TRUE,NA,NA,NA,NA,2026-07-10
213,TRUE,NA,NA,NA,2026-07-02,NA
214,TRUE,NA,NA,NA,2026-07-10,NA
215,TRUE,NA,NA,NA,2026-06-22,NA
216,TRUE,NA,NA,NA,2026-07-02,NA
217,TRUE,NA,NA,NA,NA,NA
218,TRUE,NA,NA,NA,NA,NA
219,TRUE,NA,NA,2026-07-08,2026-06-22,2026-07-10
220,TRUE,NA,2026-07-10,2026-07-10,NA,NA
221,TRUE,NA,NA,NA,NA,NA
222,TRUE,NA,NA,2026-07-10,NA,NA
223,TRUE,NA,NA,NA,NA,NA
224,TRUE,NA,2026-06-01,2026-07-10,NA,2026-06-01
225,TRUE,NA,NA,NA,NA,NA
226,TRUE,NA,NA,NA,NA,NA
227,TRUE,NA,2026-06-22,2026-07-10,NA,2026-07-10
228,TRUE,NA,2026-07-10,2026-07-10,NA,NA
229,TRUE,NA,2026-07-10,2026-07-10,NA,2026-07-10
230,TRUE,NA,2026-07-10,2026-07-10,NA,2026-07-10
231,TRUE,NA,NA,NA,2026-06-15,NA
232,TRUE,NA,NA,NA,NA,NA
233,TRUE,NA,NA,NA,NA,NA
234,TRUE,NA,2026-07-10,2026-07-10,2026-05-29,2026-06-30
235,TRUE,NA,NA,NA,NA,NA
236,TRUE,NA,NA,NA,NA,NA
237,TRUE,NA,2026-06-18,2026-07-10,2026-07-10,2026-07-10
238,TRUE,NA,2026-07-10,2026-07-10,NA,NA
239,TRUE,NA,2026-06-02,NA,NA,2026-07-02
240,TRUE,NA,NA,2026-07-10,NA,NA
241,TRUE,NA,2026-07-10,2026-07-10,NA,2026-07-10
242,TRUE,NA,NA,2026-07-10,NA,2026-06-28
243,TRUE,NA,NA,2026-07-10,NA,2026-06-28
244,TRUE,NA,NA,NA,NA,NA
245,TRUE,NA,NA,NA,NA,NA
246,TRUE,NA,NA,2026-07-07,2026-07-10,NA
247,TRUE,NA,NA,NA,NA,NA
248,TRUE,NA,2026-07-10,NA,NA,NA
249,TRUE,NA,NA,NA,NA,NA
250,TRUE,NA,NA,NA,NA,NA
251,TRUE,NA,NA,NA,NA,NA
252,TRUE,NA,2026-06-01,2026-07-10,NA,NA
253,TRUE,NA,NA,NA,NA,NA
254,TRUE,NA,2026-07-08,2026-07-08,2026-07-08,NA
255,TRUE,NA,2026-07-10,2026-07-10,NA,NA
256,TRUE,NA,NA,2026-07-10,NA,NA
257,TRUE,NA,NA,NA,2026-07-10,NA
258,TRUE,NA,NA,NA,NA,NA
259,TRUE,NA,NA,NA,2026-07-10,NA
260,TRUE,NA,NA,NA,2026-07-10,NA
261,TRUE,NA,NA,NA,2026-07-10,NA
262,TRUE,NA,NA,NA,NA,NA
263,TRUE,NA,2026-07-10,2026-07-10,2026-07-10,2026-07-10
264,TRUE,NA,2026-07-05,NA,NA,NA
265,TRUE,NA,NA,NA,NA,NA
266,TRUE,NA,NA,NA,2026-07-10,NA
267,TRUE,NA,NA,NA,NA,2026-07-10
268,TRUE,NA,NA,NA,NA,NA
269,TRUE,NA,NA,NA,NA,NA
270,TRUE,NA,NA,NA,NA,NA
271,TRUE,NA,NA,NA,NA,NA
272,TRUE,NA,NA,NA,NA,NA
273,TRUE,NA,NA,NA,NA,NA
274,TRUE,NA,NA,NA,NA,NA
275,TRUE,NA,NA,NA,NA,NA
276,TRUE,NA,NA,NA,NA,2026-07-10
277,TRUE,NA,NA,NA,NA,NA
278,TRUE,NA,2026-07-10,NA,2026-06-04,2026-06-04
279,TRUE,NA,NA,NA,2026-07-10,NA
280,TRUE,NA,NA,2026-06-22,NA,2026-06-22
281,TRUE,NA,NA,NA,NA,NA
282,TRUE,NA,2026-07-10,2026-07-10,NA,NA
283,TRUE,NA,NA,2026-07-10,NA,NA
284,TRUE,NA,2026-05-26,2026-05-26,NA,NA
285,TRUE,NA,NA,NA,NA,NA
286,TRUE,NA,NA,NA,NA,NA
287,TRUE,NA,2026-07-09,2026-07-10,NA,NA
288,TRUE,NA,NA,NA,2026-07-10,NA
289,TRUE,NA,2026-07-10,2026-07-10,2026-07-10,2026-07-10
290,TRUE,NA,NA,NA,NA,NA
291,TRUE,NA,NA,2026-07-10,2026-07-01,2026-07-10
292,TRUE,NA,NA,NA,2026-07-10,NA
293,TRUE,NA,NA,NA,NA,NA
294,TRUE,NA,NA,NA,NA,NA
295,TRUE,NA,NA,NA,NA,NA
296,TRUE,NA,NA,NA,NA,NA
297,TRUE,NA,NA,NA,NA,NA
298,TRUE,NA,NA,2026-07-10,NA,NA
299,TRUE,NA,NA,2026-07-10,NA,2026-07-10
300,TRUE,NA,NA,2026-07-10,NA,2026-07-10
301,TRUE,NA,NA,NA,2026-07-10,2026-07-10
302,TRUE,NA,NA,NA,NA,NA
303,TRUE,NA,NA,NA,2026-07-10,NA
304,TRUE,NA,2026-07-10,2026-07-10,NA,NA
305,TRUE,NA,NA,2026-07-10,NA,2026-07-10
306,TRUE,NA,NA,NA,NA,NA
307,TRUE,NA,NA,NA,NA,NA
308,TRUE,NA,2026-06-16,2026-07-10,2026-07-10,2026-05-18
309,TRUE,NA,NA,2026-06-15,2026-07-07,NA
310,TRUE,NA,NA,NA,NA,NA
311,TRUE,NA,NA,NA,NA,NA
312,TRUE,NA,NA,NA,2026-07-10,2026-07-10
313,TRUE,NA,2026-07-10,NA,NA,NA
314,TRUE,NA,NA,NA,NA,NA
315,TRUE,NA,NA,NA,NA,NA
316,TRUE,NA,NA,2026-07-10,NA,2026-07-10
317,TRUE,NA,NA,NA,NA,2026-07-10
318,TRUE,NA,NA,NA,NA,2026-07-02
319,TRUE,NA,NA,NA,NA,2026-07-10
320,TRUE,NA,NA,NA,NA,2026-07-10
321,TRUE,NA,NA,2026-07-10,NA,2026-07-10
322,TRUE,NA,2026-07-10,2026-06-03,NA,2026-06-03
323,TRUE,NA,2026-06-03,2026-06-03,NA,NA
324,TRUE,NA,NA,2026-06-06,NA,NA
325,TRUE,NA,NA,2026-06-03,NA,NA
326,TRUE,NA,NA,NA,NA,NA
327,TRUE,NA,NA,NA,NA,NA
328,TRUE,NA,NA,2026-07-10,2026-07-10,2026-07-10
329,TRUE,NA,NA,2026-06-03,2026-06-03,2026-06-03
330,TRUE,NA,NA,NA,NA,NA
331,TRUE,NA,2026-07-10,2026-07-10,NA,NA
332,TRUE,NA,NA,NA,NA,NA
333,TRUE,NA,NA,NA,NA,NA
334,TRUE,NA,2026-07-10,2026-07-10,NA,NA
335,TRUE,NA,2026-06-03,2026-06-03,NA,2026-07-10
336,TRUE,NA,NA,NA,NA,2026-07-10
337,TRUE,NA,NA,NA,NA,2026-06-03
338,TRUE,NA,NA,2026-07-10,NA,NA
339,TRUE,NA,NA,2026-06-03,NA,NA
340,TRUE,NA,NA,NA,2026-07-10,NA
341,TRUE,NA,NA,NA,2026-06-03,NA
342,TRUE,NA,NA,NA,2026-07-10,NA
343,TRUE,NA,NA,NA,2026-07-10,NA
344,TRUE,NA,NA,2026-07-10,2026-06-03,NA
345,TRUE,NA,NA,2026-06-15,NA,NA
346,TRUE,NA,NA,2026-06-03,NA,NA
347,TRUE,NA,NA,NA,2026-07-10,NA
348,TRUE,NA,NA,NA,2026-06-03,NA
349,TRUE,NA,NA,NA,NA,NA
350,TRUE,NA,NA,NA,NA,2026-07-10
351,TRUE,NA,NA,NA,NA,2026-06-03
352,TRUE,NA,NA,NA,NA,NA
353,TRUE,NA,NA,NA,NA,NA
354,TRUE,NA,NA,NA,2026-07-10,2026-07-10
355,TRUE,NA,2026-06-15,NA,2026-06-03,2026-06-03
356,TRUE,NA,2026-06-03,NA,NA,NA
357,TRUE,NA,2026-05-18,2026-06-22,NA,NA
358,TRUE,NA,NA,2026-06-03,NA,2026-06-22
359,TRUE,NA,NA,2026-07-10,NA,2026-06-03
360,TRUE,NA,NA,2026-07-10,NA,NA
361,TRUE,NA,2026-07-02,2026-07-10,NA,2026-07-10
362,TRUE,NA,2026-06-03,2026-06-03,NA,2026-06-03
363,TRUE,NA,NA,NA,NA,NA
364,TRUE,NA,NA,2026-07-10,NA,2026-07-10
365,TRUE,NA,2026-07-10,2026-07-10,NA,2026-06-03
366,TRUE,NA,2026-06-03,2026-06-03,NA,NA
367,TRUE,NA,2026-07-10,2026-07-10,NA,NA
368,TRUE,NA,2026-07-05,2026-07-10,NA,NA
369,TRUE,NA,2026-06-03,2026-06-03,2026-07-10,2026-06-15
370,TRUE,NA,NA,NA,2026-06-03,2026-06-03
371,TRUE,NA,NA,NA,NA,NA
372,TRUE,NA,2026-07-10,2026-07-10,2026-07-10,NA
373,TRUE,NA,2026-06-03,2026-06-03,2026-06-03,NA
374,TRUE,NA,NA,2026-07-10,NA,2026-06-21
375,TRUE,NA,NA,2026-06-03,NA,2026-06-03
376,TRUE,NA,NA,NA,NA,2026-07-10
377,TRUE,NA,NA,NA,NA,2026-06-03
378,TRUE,NA,NA,2026-07-10,NA,NA
379,TRUE,NA,2026-07-10,2026-07-10,NA,NA
380,TRUE,NA,2026-06-03,2026-06-03,NA,NA
381,TRUE,NA,NA,2026-07-10,NA,2026-07-10
382,TRUE,NA,NA,2026-07-10,NA,2026-07-10
383,TRUE,NA,NA,2026-07-10,NA,2026-06-03
384,TRUE,NA,NA,NA,NA,NA
385,TRUE,NA,NA,2026-07-10,NA,2026-07-10
386,TRUE,NA,NA,2026-06-03,NA,2026-06-03
387,TRUE,NA,NA,NA,NA,NA
388,TRUE,NA,NA,NA,NA,2026-07-10
389,TRUE,NA,NA,NA,NA,2026-06-03
390,TRUE,NA,NA,NA,NA,NA
391,TRUE,NA,NA,NA,NA,NA
392,TRUE,NA,NA,2026-07-10,NA,2026-07-10
393,TRUE,NA,NA,2026-06-03,NA,NA
394,TRUE,NA,NA,2026-07-10,NA,2026-07-10
395,TRUE,NA,NA,2026-06-03,2026-07-01,2026-07-10
396,TRUE,NA,NA,2026-07-10,2026-06-03,2026-07-10
397,TRUE,NA,NA,2026-06-03,2026-05-26,2026-06-03
398,TRUE,NA,2026-07-10,2026-07-10,NA,2026-07-10
399,TRUE,NA,2026-06-03,2026-07-10,NA,2026-07-10
400,TRUE,NA,NA,NA,NA,2026-06-03
401,TRUE,NA,2026-07-10,NA,NA,NA
402,TRUE,NA,2026-05-29,2026-05-29,NA,NA
403,TRUE,NA,NA,NA,2026-07-10,NA
404,TRUE,NA,NA,NA,2026-07-10,2026-07-10
405,TRUE,NA,NA,NA,2026-07-05,2026-06-03
406,TRUE,NA,NA,NA,NA,NA
407,TRUE,NA,2026-07-10,2026-07-10,NA,2026-07-10
408,TRUE,NA,NA,2026-06-03,NA,2026-06-03
409,TRUE,NA,NA,NA,NA,NA
410,TRUE,NA,NA,NA,2026-07-10,NA
411,TRUE,NA,NA,NA,2026-06-03,NA
412,TRUE,NA,NA,NA,NA,NA
413,TRUE,NA,2026-07-10,2026-06-26,NA,NA
414,TRUE,NA,NA,2026-06-03,NA,NA
415,TRUE,NA,NA,NA,NA,NA
416,TRUE,NA,NA,NA,NA,NA
417,TRUE,NA,NA,NA,2026-07-10,NA
418,TRUE,NA,2026-07-10,2026-07-10,NA,NA
419,TRUE,NA,NA,NA,2026-07-05,NA
420,TRUE,NA,NA,2026-06-22,2026-06-03,NA
421,TRUE,NA,NA,2026-06-03,NA,NA
422,TRUE,NA,NA,NA,NA,NA
423,TRUE,NA,2026-07-10,NA,NA,NA
424,TRUE,NA,2026-07-10,2026-07-10,NA,2026-07-10
425,TRUE,NA,2026-07-10,2026-07-10,NA,2026-06-03
426,TRUE,NA,2026-06-03,2026-07-10,NA,2026-05-21
427,TRUE,NA,2026-05-21,2026-06-03,NA,NA
428,TRUE,NA,NA,2026-05-21,NA,NA
429,TRUE,NA,NA,NA,NA,NA
430,TRUE,NA,NA,NA,NA,NA
431,TRUE,NA,NA,NA,NA,NA
432,TRUE,NA,2026-07-10,2026-06-30,NA,NA
433,TRUE,NA,2026-06-03,2026-06-03,NA,NA
434,TRUE,NA,2026-06-15,2026-07-10,NA,2026-06-15
435,TRUE,NA,2026-06-03,NA,NA,2026-06-03
436,TRUE,NA,2026-05-21,2026-06-21,NA,2026-05-21
437,TRUE,NA,NA,2026-06-03,NA,2026-07-10
438,TRUE,NA,2026-05-20,2026-05-21,NA,2026-06-03
439,TRUE,NA,NA,NA,NA,2026-05-21
440,TRUE,NA,NA,NA,NA,NA
441,TRUE,NA,NA,NA,NA,NA
442,TRUE,NA,NA,NA,NA,NA
443,TRUE,NA,2026-07-10,2026-07-10,NA,2026-06-22
444,TRUE,NA,2026-07-10,2026-07-10,NA,2026-06-03
445,TRUE,NA,2026-06-03,2026-07-10,NA,2026-05-21
446,TRUE,NA,2026-05-21,2026-06-03,NA,NA
447,TRUE,NA,2026-07-10,2026-07-10,NA,2026-07-10
448,TRUE,NA,2026-06-03,2026-07-10,NA,NA
449,TRUE,NA,2026-05-21,2026-07-10,NA,NA
450,TRUE,NA,NA,2026-06-03,NA,NA
451,TRUE,NA,2026-05-20,2026-05-21,NA,NA
452,TRUE,NA,2026-07-10,2026-07-10,NA,NA
453,TRUE,NA,2026-06-03,2026-06-03,NA,NA
454,TRUE,NA,2026-07-10,2026-07-10,NA,2026-07-10
455,TRUE,NA,2026-07-10,2026-07-10,NA,NA
456,TRUE,NA,2026-06-03,2026-06-03,NA,NA
457,TRUE,NA,2026-05-21,2026-07-10,NA,NA
458,TRUE,NA,2026-07-10,2026-07-10,NA,2026-07-10
459,TRUE,NA,2026-07-10,2026-07-10,NA,2026-06-03
460,TRUE,NA,2026-05-21,2026-06-03,NA,2026-05-21
461,TRUE,NA,NA,2026-05-21,NA,NA
462,TRUE,NA,NA,NA,NA,NA
463,TRUE,NA,2026-07-10,2026-07-10,NA,NA
464,TRUE,NA,2026-06-19,2026-07-10,NA,2026-06-19
465,TRUE,NA,2026-07-10,2026-07-10,NA,NA
466,TRUE,NA,2026-06-03,2026-06-03,NA,NA
467,TRUE,NA,2026-05-21,2026-05-21,NA,NA
468,TRUE,NA,NA,NA,NA,NA
469,TRUE,NA,2026-07-10,2026-07-10,NA,NA
470,TRUE,NA,2026-06-03,2026-06-03,NA,NA
471,TRUE,NA,2026-05-21,2026-05-21,NA,NA
472,TRUE,NA,NA,2026-07-10,NA,NA
473,TRUE,NA,NA,NA,NA,NA
474,TRUE,NA,NA,NA,NA,NA
475,TRUE,NA,NA,NA,NA,NA
476,TRUE,NA,NA,NA,NA,2026-06-15
477,TRUE,NA,NA,NA,NA,2026-06-03
478,TRUE,NA,2026-07-10,2026-07-10,NA,2026-07-10
479,TRUE,NA,2026-06-03,2026-06-03,NA,NA
480,TRUE,NA,2026-05-21,2026-05-21,NA,NA
481,TRUE,NA,NA,NA,NA,NA
482,TRUE,NA,NA,NA,NA,NA
483,TRUE,NA,NA,NA,NA,NA
484,TRUE,NA,NA,NA,NA,NA
485,TRUE,NA,NA,2026-07-10,NA,NA
486,TRUE,NA,NA,2026-07-10,NA,NA
487,TRUE,NA,NA,2026-07-10,NA,2026-06-15
488,TRUE,NA,NA,2026-06-03,NA,2026-06-03
489,TRUE,NA,NA,2026-05-21,NA,2026-05-21
490,TRUE,NA,NA,2026-07-10,NA,2026-07-10
491,TRUE,NA,2026-06-01,2026-06-18,NA,2026-06-18
492,TRUE,NA,2026-05-21,2026-07-10,NA,2026-06-03
493,TRUE,NA,NA,2026-06-18,NA,2026-05-21
494,TRUE,NA,NA,2026-07-10,NA,NA
495,TRUE,NA,2026-07-10,2026-06-18,NA,NA
496,TRUE,NA,NA,NA,NA,NA
497,TRUE,NA,2026-06-22,2026-05-21,NA,NA
498,TRUE,NA,2026-07-10,2026-06-22,NA,NA
499,TRUE,NA,2026-07-10,2026-07-10,NA,NA
500,TRUE,NA,2026-06-22,2026-06-03,NA,2026-06-22
501,TRUE,NA,2026-07-07,2026-06-15,NA,2026-07-07
502,TRUE,NA,2026-06-22,2026-06-03,NA,NA
503,TRUE,NA,2026-07-10,2026-06-22,NA,NA
504,TRUE,NA,2026-06-03,2026-07-10,NA,NA
505,TRUE,NA,2026-05-21,2026-06-03,NA,NA
506,TRUE,NA,2026-06-22,2026-05-21,NA,NA
507,TRUE,NA,2026-07-10,2026-06-22,NA,NA
508,TRUE,NA,2026-06-03,2026-07-10,NA,NA
509,TRUE,NA,2026-05-21,2026-06-03,NA,NA
510,TRUE,NA,2026-06-22,2026-06-22,NA,NA
511,TRUE,NA,2026-07-10,2026-07-05,NA,NA
512,TRUE,NA,2026-07-10,2026-07-10,NA,NA
513,TRUE,NA,2026-06-22,2026-06-22,NA,2026-06-22
514,TRUE,NA,2026-07-10,2026-07-10,NA,2026-07-10
515,TRUE,NA,2026-06-03,2026-07-10,NA,2026-06-03
516,TRUE,NA,2026-05-21,2026-06-03,NA,2026-05-21
517,TRUE,NA,NA,2026-05-21,NA,NA
518,TRUE,NA,NA,NA,NA,NA
519,TRUE,NA,NA,NA,NA,NA
520,TRUE,NA,NA,2026-06-22,NA,NA
521,TRUE,NA,NA,2026-07-10,NA,NA
522,TRUE,NA,2026-06-22,2026-06-22,NA,NA
523,TRUE,NA,2026-07-10,2026-07-10,NA,2026-07-10
524,TRUE,NA,2026-06-03,2026-06-03,NA,2026-06-03
525,TRUE,NA,2026-06-22,2026-06-22,NA,2026-05-21
526,TRUE,NA,2026-07-10,2026-07-10,NA,2026-07-10
527,TRUE,NA,2026-06-03,2026-06-15,NA,2026-06-03
528,TRUE,NA,2026-05-21,2026-06-03,NA,NA
529,TRUE,NA,NA,2026-06-22,NA,NA
530,TRUE,NA,NA,2026-07-10,NA,NA
531,TRUE,NA,2026-06-15,2026-07-10,NA,2026-06-15
532,TRUE,NA,2026-07-10,2026-07-10,NA,NA
533,TRUE,NA,2026-07-10,2026-07-10,NA,2026-06-22
534,TRUE,NA,2026-06-03,2026-07-05,NA,2026-07-03
535,TRUE,NA,2026-06-22,2026-05-28,NA,2026-06-03
536,TRUE,NA,2026-07-10,2026-07-10,NA,NA
537,TRUE,NA,2026-06-22,2026-07-10,NA,NA
538,TRUE,NA,2026-07-10,2026-07-10,NA,2026-06-15
539,TRUE,NA,2026-06-03,2026-06-03,NA,2026-06-03
540,TRUE,NA,2026-05-21,2026-05-21,NA,2026-05-21
541,TRUE,NA,NA,2026-06-22,NA,NA
542,TRUE,NA,NA,2026-07-10,NA,NA
543,TRUE,NA,NA,2026-06-03,NA,NA
544,TRUE,NA,NA,2026-05-21,NA,2026-06-22
545,TRUE,NA,2026-06-22,2026-06-22,NA,2026-07-10
546,TRUE,NA,2026-07-10,2026-07-10,NA,NA
547,TRUE,NA,NA,NA,NA,NA
548,TRUE,NA,NA,NA,NA,NA
549,TRUE,NA,NA,NA,NA,NA
550,TRUE,NA,NA,NA,NA,NA
551,TRUE,NA,NA,NA,NA,NA
552,TRUE,NA,2026-06-03,2026-06-22,NA,NA
553,TRUE,NA,2026-05-21,2026-07-10,NA,NA
554,TRUE,NA,2026-07-10,2026-06-18,NA,NA
555,TRUE,NA,NA,2026-06-03,NA,NA
556,TRUE,NA,2026-05-20,2026-05-21,2026-06-22,2026-06-22
557,TRUE,NA,NA,2026-05-18,2026-06-18,2026-07-10
558,TRUE,NA,NA,2026-06-22,2026-06-03,2026-06-22
559,TRUE,NA,NA,2026-07-10,2026-05-21,2026-07-10
560,TRUE,NA,NA,2026-06-22,NA,2026-07-10
561,TRUE,NA,NA,2026-07-10,NA,2026-07-10
562,TRUE,NA,NA,NA,2026-06-22,2026-06-10
563,TRUE,NA,NA,2026-06-22,2026-07-10,2026-06-03
564,TRUE,NA,NA,2026-07-10,2026-06-03,2026-05-21
565,TRUE,NA,NA,2026-07-10,2026-05-21,NA
566,TRUE,NA,2026-07-10,2026-06-22,NA,NA
567,TRUE,NA,NA,2026-07-10,NA,NA
568,TRUE,NA,NA,2026-06-22,NA,NA
569,TRUE,NA,NA,2026-07-10,NA,NA
570,TRUE,NA,NA,2026-06-18,NA,NA
571,TRUE,NA,NA,2026-06-03,NA,NA
572,TRUE,NA,NA,2026-05-21,NA,NA
573,TRUE,NA,NA,2026-06-03,NA,NA
574,TRUE,NA,2026-06-22,2026-06-22,NA,NA
575,TRUE,NA,2026-07-10,2026-07-10,NA,NA
576,TRUE,NA,2026-06-03,2026-06-22,NA,NA
577,TRUE,NA,2026-06-22,2026-07-10,NA,NA
578,TRUE,NA,2026-07-10,NA,NA,NA
579,TRUE,NA,2026-06-22,2026-06-22,NA,NA
580,TRUE,NA,2026-07-09,2026-07-10,NA,2026-06-22
581,TRUE,NA,2026-06-15,2026-07-05,NA,2026-07-05
582,TRUE,NA,2026-06-03,2026-06-22,NA,NA
583,TRUE,NA,2026-06-16,2026-07-10,NA,NA
584,TRUE,NA,2026-06-22,2026-06-22,NA,NA
585,TRUE,NA,2026-07-10,2026-07-10,NA,NA
586,TRUE,NA,2026-07-10,2026-06-22,NA,NA
587,TRUE,NA,2026-06-03,2026-07-10,NA,NA
588,TRUE,NA,2026-07-10,2026-06-03,NA,NA
589,TRUE,NA,2026-06-01,NA,NA,NA
590,TRUE,NA,2026-05-21,NA,NA,NA
591,TRUE,NA,NA,NA,NA,NA
592,TRUE,NA,NA,NA,NA,NA
593,TRUE,NA,2026-06-22,NA,NA,NA
594,TRUE,NA,2026-07-10,NA,NA,NA
595,TRUE,NA,2026-06-22,2026-06-22,NA,NA
596,TRUE,NA,2026-07-10,2026-07-10,NA,NA
597,TRUE,NA,2026-07-10,2026-07-10,NA,NA
598,TRUE,NA,2026-07-10,2026-06-22,NA,NA
599,TRUE,NA,2026-06-03,2026-07-10,NA,NA
600,TRUE,NA,2026-05-21,NA,NA,NA
601,TRUE,NA,NA,NA,NA,NA
602,TRUE,NA,NA,NA,NA,NA
603,TRUE,NA,2026-06-22,NA,NA,NA
604,TRUE,NA,2026-07-10,NA,NA,NA
605,TRUE,NA,2026-07-10,NA,NA,NA
606,TRUE,NA,2026-06-03,NA,NA,NA
607,TRUE,NA,2026-05-21,NA,NA,NA
608,TRUE,NA,NA,NA,NA,NA
609,TRUE,NA,NA,NA,NA,NA
610,TRUE,NA,NA,2026-06-22,NA,NA
611,TRUE,NA,2026-06-22,2026-07-10,NA,NA
612,TRUE,NA,2026-07-10,2026-06-22,NA,2026-06-22
613,TRUE,NA,2026-06-22,2026-06-22,NA,2026-06-18
614,TRUE,NA,2026-07-10,2026-07-10,NA,NA
615,TRUE,NA,2026-07-10,2026-07-10,NA,2026-06-01
616,TRUE,NA,2026-06-22,2026-06-22,NA,2026-06-01
617,TRUE,NA,2026-07-10,2026-07-10,NA,2026-05-21
618,TRUE,NA,NA,NA,NA,NA
619,TRUE,NA,NA,NA,NA,NA
620,TRUE,NA,2026-06-22,2026-06-22,2026-06-22,2026-06-22
621,TRUE,NA,2026-07-10,2026-07-10,2026-07-10,2026-07-10
622,TRUE,NA,2026-06-03,2026-06-03,2026-06-03,2026-06-03
623,TRUE,NA,2026-06-22,2026-06-22,2026-05-21,2026-05-21
624,TRUE,NA,2026-07-10,2026-07-10,NA,NA
625,TRUE,NA,2026-06-03,2026-06-03,NA,NA
626,TRUE,NA,2026-05-21,2026-05-21,NA,NA
627,TRUE,NA,NA,NA,NA,NA
628,TRUE,NA,NA,NA,NA,NA
629,TRUE,NA,2026-07-10,2026-07-10,NA,NA
630,TRUE,NA,2026-06-30,2026-06-30,NA,NA
631,TRUE,NA,2026-06-03,2026-06-03,NA,NA
632,TRUE,NA,2026-06-22,2026-06-22,NA,2026-06-22
633,TRUE,NA,2026-07-10,2026-07-10,NA,2026-07-10
634,TRUE,NA,2026-06-03,2026-06-03,NA,2026-06-03
635,TRUE,NA,2026-05-21,2026-06-22,NA,2026-06-22
636,TRUE,NA,2026-05-25,2026-07-10,NA,2026-07-10
637,TRUE,NA,2026-05-21,NA,NA,2026-06-03
638,TRUE,NA,NA,NA,NA,2026-06-22
639,TRUE,NA,NA,NA,NA,2026-07-09
640,TRUE,NA,NA,NA,NA,2026-06-03
641,TRUE,NA,NA,2026-06-22,NA,2026-06-22
642,TRUE,NA,2026-07-10,2026-07-05,NA,2026-07-05
643,TRUE,NA,NA,2026-06-03,NA,2026-06-03
644,TRUE,NA,NA,2026-05-21,NA,2026-05-21
645,TRUE,NA,NA,NA,NA,NA
646,TRUE,NA,NA,NA,NA,NA
647,TRUE,NA,NA,NA,NA,NA
648,TRUE,NA,2026-05-28,2026-05-28,NA,NA
649,TRUE,NA,2026-06-03,2026-06-03,NA,NA
650,TRUE,NA,NA,2026-06-22,NA,NA
651,TRUE,NA,2026-06-17,2026-07-10,NA,2026-06-17
652,TRUE,NA,2026-06-03,2026-06-03,2026-05-18,2026-06-03
653,TRUE,NA,2026-05-18,2026-05-18,NA,NA
654,TRUE,NA,NA,NA,NA,NA
655,TRUE,NA,NA,NA,NA,NA
656,TRUE,NA,2026-06-22,2026-06-22,NA,NA
657,TRUE,NA,2026-07-10,2026-07-10,NA,NA
658,TRUE,NA,2026-06-03,2026-06-03,NA,NA
659,TRUE,NA,NA,2026-07-10,2026-07-10,NA
660,TRUE,NA,NA,2026-06-22,2026-06-22,NA
661,TRUE,NA,2026-07-10,2026-07-10,2026-06-29,NA
662,TRUE,NA,2026-06-22,2026-07-10,2026-06-03,NA
663,TRUE,NA,2026-07-10,2026-07-10,NA,2026-07-10
664,TRUE,NA,2026-07-10,2026-07-10,NA,2026-06-22
665,TRUE,NA,2026-06-29,2026-06-29,NA,2026-06-29
666,TRUE,NA,2026-07-05,2026-06-29,NA,2026-06-03
667,TRUE,NA,2026-06-22,NA,NA,NA
668,TRUE,NA,2026-07-10,NA,NA,NA
669,TRUE,NA,2026-06-22,NA,NA,NA
670,TRUE,NA,2026-06-29,NA,NA,NA
671,TRUE,NA,2026-06-03,2026-07-10,NA,NA
672,TRUE,NA,NA,2026-06-22,NA,NA
673,TRUE,NA,NA,2026-07-10,NA,NA
674,TRUE,NA,NA,2026-07-10,NA,NA
675,TRUE,NA,NA,2026-06-29,NA,2026-07-10
676,TRUE,NA,NA,2026-06-29,NA,NA
677,TRUE,NA,NA,2026-06-03,NA,2026-05-28
678,TRUE,NA,NA,2026-07-10,NA,2026-05-29
679,TRUE,NA,NA,2026-06-22,NA,NA
680,TRUE,NA,NA,2026-06-29,NA,NA
681,TRUE,NA,2026-07-05,2026-07-05,NA,2026-07-05
682,TRUE,NA,2026-06-22,2026-06-22,NA,2026-06-22
683,TRUE,NA,2026-07-10,2026-06-29,NA,2026-06-29
684,TRUE,NA,2026-07-10,2026-07-10,NA,NA
685,TRUE,NA,2026-06-29,2026-06-22,NA,NA
686,TRUE,NA,2026-06-29,2026-07-10,2026-06-15,NA
687,TRUE,NA,NA,2026-06-22,2026-06-03,NA
688,TRUE,NA,NA,2026-06-29,NA,NA
689,TRUE,NA,NA,NA,2026-07-10,NA
690,TRUE,NA,2026-07-10,2026-07-10,2026-06-22,2026-07-10
691,TRUE,NA,2026-06-22,2026-06-22,2026-06-29,2026-06-22
692,TRUE,NA,2026-06-29,2026-06-29,2026-06-03,2026-06-29
693,TRUE,NA,2026-07-10,2026-07-10,NA,2026-05-18
694,TRUE,NA,2026-06-22,2026-06-22,NA,NA
695,TRUE,NA,2026-06-29,2026-06-29,NA,NA
696,TRUE,NA,2026-07-10,2026-07-10,NA,NA
697,TRUE,NA,2026-06-22,2026-07-10,NA,2026-07-10
698,TRUE,NA,2026-06-29,2026-06-29,NA,2026-06-22
699,TRUE,NA,2026-06-03,2026-07-10,NA,2026-06-29
700,TRUE,NA,NA,2026-06-22,NA,2026-06-03
701,TRUE,NA,NA,2026-06-29,NA,NA
702,TRUE,NA,NA,2026-06-03,NA,NA
703,TRUE,NA,NA,NA,NA,NA
704,TRUE,NA,NA,NA,NA,NA
705,TRUE,NA,NA,NA,NA,NA
706,TRUE,NA,NA,NA,NA,NA
707,TRUE,NA,NA,NA,NA,NA
708,TRUE,NA,NA,NA,NA,NA
709,TRUE,NA,NA,NA,NA,NA
710,TRUE,NA,NA,NA,NA,NA
711,TRUE,NA,NA,NA,NA,NA
712,TRUE,NA,NA,NA,NA,NA
713,TRUE,NA,2026-07-10,2026-07-10,NA,2026-07-10
714,TRUE,NA,2026-06-03,NA,NA,NA
715,TRUE,NA,2026-06-22,2026-07-10,NA,NA
716,TRUE,NA,2026-06-29,2026-06-29,NA,NA
717,TRUE,NA,NA,2026-06-22,NA,NA
718,TRUE,NA,2026-07-10,2026-06-29,NA,NA
719,TRUE,NA,2026-07-10,2026-06-18,NA,NA
720,TRUE,NA,2026-06-22,2026-06-03,NA,NA
721,TRUE,NA,2026-07-10,2026-07-10,NA,NA
722,TRUE,NA,2026-07-10,2026-07-10,NA,NA
723,TRUE,NA,2026-07-10,2026-06-22,NA,NA
724,TRUE,NA,2026-07-10,2026-06-29,NA,NA
725,TRUE,NA,2026-07-10,2026-07-10,NA,NA
726,TRUE,NA,2026-07-10,2026-07-10,NA,NA
727,TRUE,NA,NA,2026-07-10,NA,NA
728,TRUE,NA,2026-06-29,2026-06-29,NA,NA
729,TRUE,NA,2026-06-29,2026-06-29,NA,NA
730,TRUE,NA,2026-07-10,2026-07-10,NA,NA
731,TRUE,NA,NA,NA,NA,NA
732,TRUE,NA,2026-06-22,2026-06-22,NA,NA
733,TRUE,NA,2026-06-29,2026-06-29,NA,NA
734,TRUE,NA,NA,2026-07-10,NA,NA
735,TRUE,NA,NA,NA,NA,NA
736,TRUE,NA,NA,2026-06-22,NA,2026-07-10
737,TRUE,NA,2026-07-10,2026-07-10,NA,NA
738,TRUE,NA,NA,2026-06-10,NA,2026-06-22
739,TRUE,NA,2026-07-10,2026-06-22,NA,2026-06-29
740,TRUE,NA,2026-06-29,2026-07-10,NA,2026-06-10
741,TRUE,NA,2026-06-22,2026-06-10,NA,NA
742,TRUE,NA,2026-06-29,2026-06-22,NA,NA
743,TRUE,NA,2026-06-10,2026-06-29,NA,NA
744,TRUE,NA,NA,2026-06-10,NA,NA
745,TRUE,NA,NA,NA,NA,NA
746,TRUE,NA,2026-07-10,NA,NA,NA
747,TRUE,NA,NA,NA,NA,NA
748,TRUE,NA,2026-07-10,2026-07-10,NA,NA
749,TRUE,NA,2026-06-29,2026-06-16,NA,NA
750,TRUE,NA,2026-06-22,2026-07-10,NA,2026-07-10
751,TRUE,NA,2026-07-10,2026-07-10,NA,NA
752,TRUE,NA,2026-06-22,2026-06-22,NA,2026-07-10
753,TRUE,NA,2026-06-22,2026-06-29,NA,2026-06-29
754,TRUE,NA,2026-06-29,2026-06-29,NA,2026-06-22
755,TRUE,NA,2026-06-10,2026-06-10,NA,2026-06-29
756,TRUE,NA,NA,NA,NA,2026-06-10
757,TRUE,NA,NA,NA,NA,NA
758,TRUE,NA,NA,NA,NA,NA
759,TRUE,NA,2026-07-10,2026-07-10,NA,NA
760,TRUE,NA,NA,NA,NA,2026-07-10
761,TRUE,NA,2026-06-22,2026-06-22,2026-07-10,NA
762,TRUE,NA,2026-06-29,2026-06-29,NA,2026-06-22
763,TRUE,NA,2026-06-10,2026-06-10,2026-06-22,2026-07-10
764,TRUE,NA,NA,2026-07-10,2026-06-29,2026-07-10
765,TRUE,NA,NA,2026-06-21,2026-06-10,2026-06-22
766,TRUE,NA,NA,2026-06-22,NA,2026-06-29
767,TRUE,NA,NA,2026-07-08,NA,2026-06-29
768,TRUE,NA,NA,2026-06-10,NA,2026-06-10
769,TRUE,NA,NA,2026-06-22,2026-07-10,2026-07-10
770,TRUE,NA,2026-07-10,2026-07-10,NA,NA
771,TRUE,NA,2026-07-10,2026-06-10,2026-06-22,2026-06-22
772,TRUE,NA,2026-07-10,2026-07-10,2026-06-29,2026-06-29
773,TRUE,NA,2026-06-29,2026-06-29,2026-06-10,2026-06-10
774,TRUE,NA,2026-06-22,2026-06-22,NA,2026-06-15
775,TRUE,NA,2026-07-10,2026-07-10,NA,2026-07-10
776,TRUE,NA,2026-06-10,2026-06-10,NA,NA
777,TRUE,NA,2026-06-22,2026-06-22,NA,2026-06-22
778,TRUE,NA,2026-07-10,2026-06-29,NA,2026-06-29
779,TRUE,NA,2026-06-10,2026-06-10,NA,2026-06-10
780,TRUE,NA,2026-06-22,NA,NA,NA
781,TRUE,NA,2026-07-10,2026-07-10,NA,2026-07-10
782,TRUE,NA,2026-07-10,NA,NA,2026-07-10
783,TRUE,NA,2026-06-22,NA,NA,2026-06-22
784,TRUE,NA,2026-06-29,NA,NA,2026-06-29
785,TRUE,NA,NA,NA,NA,2026-05-21
786,TRUE,NA,NA,NA,NA,NA
787,TRUE,NA,NA,2026-07-03,NA,NA
788,TRUE,NA,NA,2026-07-10,NA,NA
789,TRUE,NA,NA,2026-06-22,NA,NA
790,TRUE,NA,2026-07-03,2026-07-03,2026-07-03,2026-07-03
791,TRUE,NA,2026-07-10,2026-07-10,2026-07-10,2026-07-10
792,TRUE,NA,2026-06-22,2026-06-22,2026-06-22,2026-06-22
793,TRUE,NA,2026-06-29,2026-07-03,2026-06-29,2026-06-29
794,TRUE,NA,2026-05-21,2026-07-10,2026-05-21,2026-05-21
795,TRUE,NA,2026-07-03,2026-07-03,2026-06-22,NA
796,TRUE,NA,2026-07-10,2026-07-10,2026-06-25,NA
797,TRUE,NA,2026-06-22,2026-07-10,NA,NA
798,TRUE,NA,2026-06-29,2026-06-29,NA,NA
799,TRUE,NA,2026-05-21,2026-06-29,NA,NA
800,TRUE,NA,2026-07-03,2026-07-03,NA,2026-07-03
801,TRUE,NA,2026-07-10,2026-07-10,NA,2026-07-10
802,TRUE,NA,2026-05-28,2026-06-22,NA,2026-06-22
803,TRUE,NA,2026-06-29,2026-06-29,NA,2026-06-29
804,TRUE,NA,2026-05-21,2026-06-10,NA,2026-06-10
805,TRUE,NA,NA,2026-05-21,NA,NA
806,TRUE,NA,2026-07-03,2026-07-03,2026-07-03,2026-07-03
807,TRUE,NA,2026-07-10,2026-07-10,2026-07-10,2026-07-10
808,TRUE,NA,2026-07-10,2026-07-10,2026-07-10,2026-07-10
809,TRUE,NA,2026-07-10,2026-07-10,2026-07-10,2026-07-10
810,TRUE,NA,2026-07-03,2026-07-10,2026-06-29,2026-06-29
811,TRUE,NA,2026-07-10,2026-07-03,2026-07-03,2026-06-29
812,TRUE,NA,2026-07-03,2026-07-10,2026-07-10,2026-06-10
813,TRUE,NA,2026-07-10,2026-07-10,NA,2026-06-22
814,TRUE,NA,2026-06-22,2026-06-22,NA,2026-06-29
815,TRUE,NA,2026-06-29,2026-06-29,NA,NA
816,TRUE,NA,2026-05-28,2026-07-03,NA,2026-06-10
817,TRUE,NA,2026-07-03,2026-07-05,NA,NA
818,TRUE,NA,2026-07-10,2026-07-03,NA,NA
819,TRUE,NA,2026-06-22,2026-07-10,NA,NA
820,TRUE,NA,2026-06-29,2026-07-10,NA,NA
821,TRUE,NA,2026-07-03,2026-07-03,NA,2026-07-03
822,TRUE,NA,2026-07-10,2026-07-10,NA,2026-07-10
823,TRUE,NA,2026-07-03,2026-07-10,NA,2026-06-22
824,TRUE,NA,2026-07-10,2026-07-10,NA,2026-06-29
825,TRUE,NA,2026-07-03,2026-07-10,NA,2026-05-28
826,TRUE,NA,2026-07-05,2026-07-10,2026-07-03,2026-06-10
827,TRUE,NA,2026-07-03,2026-07-10,2026-07-10,NA
828,TRUE,NA,2026-07-10,2026-07-10,2026-06-22,NA
829,TRUE,NA,2026-07-10,2026-06-29,2026-06-29,NA
830,TRUE,NA,2026-06-29,2026-06-29,2026-05-28,2026-07-03
831,TRUE,NA,2026-06-29,2026-06-10,2026-06-10,2026-07-10
832,TRUE,NA,2026-06-10,2026-06-10,NA,2026-06-22
833,TRUE,NA,2026-06-10,2026-07-03,NA,2026-06-29
834,TRUE,NA,2026-07-03,2026-07-10,NA,2026-05-28
835,TRUE,NA,2026-07-10,2026-06-22,NA,2026-06-10
836,TRUE,NA,2026-06-22,2026-06-29,NA,NA
837,TRUE,NA,2026-06-29,2026-05-28,NA,NA
838,TRUE,NA,2026-06-08,2026-06-10,NA,NA
839,TRUE,NA,2026-06-10,NA,NA,NA
840,TRUE,NA,NA,NA,NA,NA
841,TRUE,NA,NA,NA,2026-07-03,NA
842,TRUE,NA,NA,2026-07-10,2026-07-05,NA
843,TRUE,NA,NA,2026-07-03,2026-06-22,NA
844,TRUE,NA,NA,2026-07-10,2026-06-29,2026-05-20
845,TRUE,NA,NA,2026-07-10,2026-05-28,NA
846,TRUE,NA,NA,2026-06-29,2026-07-03,NA
847,TRUE,NA,2026-07-03,2026-07-03,2026-07-10,2026-07-03
848,TRUE,NA,2026-07-10,2026-07-10,2026-07-10,2026-07-10
849,TRUE,NA,2026-06-22,2026-06-22,2026-06-29,2026-05-22
850,TRUE,NA,2026-06-29,2026-06-29,2026-06-29,2026-06-29
851,TRUE,NA,2026-05-28,2026-05-28,2026-06-10,NA
852,TRUE,NA,2026-07-03,NA,NA,NA
853,TRUE,NA,2026-07-10,2026-07-03,NA,NA
854,TRUE,NA,NA,2026-07-05,NA,NA
855,TRUE,NA,2026-07-03,2026-07-03,NA,NA
856,TRUE,NA,2026-07-05,2026-07-05,NA,NA
857,TRUE,NA,2026-07-10,2026-07-10,2026-07-03,2026-07-03
858,TRUE,NA,2026-06-29,2026-06-29,2026-07-05,2026-07-10
859,TRUE,NA,NA,NA,2026-07-10,2026-07-10
860,TRUE,NA,NA,NA,2026-06-29,2026-06-29
861,TRUE,NA,2026-07-03,2026-07-03,2026-06-29,2026-06-29
862,TRUE,NA,2026-07-10,2026-07-10,2026-06-10,2026-06-10
863,TRUE,NA,2026-07-10,2026-07-10,2026-06-10,2026-06-10
864,TRUE,NA,2026-06-29,2026-06-29,2026-05-25,2026-05-25
865,TRUE,NA,2026-07-03,2026-07-03,NA,NA
866,TRUE,NA,2026-07-10,2026-07-10,NA,NA
867,TRUE,NA,2026-06-22,2026-06-22,NA,2026-07-03
868,TRUE,NA,2026-06-29,2026-06-29,NA,2026-07-10
869,TRUE,NA,2026-05-28,2026-05-28,2026-07-03,2026-07-03
870,TRUE,NA,2026-06-10,2026-06-10,2026-07-10,2026-07-10
871,TRUE,NA,2026-07-03,2026-07-03,2026-07-10,2026-07-03
872,TRUE,NA,2026-07-10,2026-07-10,2026-06-29,2026-07-10
873,TRUE,NA,2026-07-03,2026-06-22,2026-06-29,2026-06-22
874,TRUE,NA,2026-07-10,2026-06-29,2026-06-10,2026-06-29
875,TRUE,NA,2026-06-22,2026-07-10,2026-06-10,2026-05-28
876,TRUE,NA,2026-06-29,2026-06-10,NA,2026-06-10
877,TRUE,NA,2026-05-28,2026-05-25,NA,2026-05-25
878,TRUE,NA,2026-06-10,NA,NA,NA
879,TRUE,NA,NA,2026-05-25,NA,NA
880,TRUE,NA,NA,2026-07-03,NA,NA
881,TRUE,NA,NA,2026-07-10,NA,NA
882,TRUE,NA,NA,2026-06-22,NA,NA
883,TRUE,NA,NA,2026-06-29,NA,NA
884,TRUE,NA,NA,2026-07-03,NA,NA
885,TRUE,NA,NA,2026-07-09,2026-07-03,NA
886,TRUE,NA,NA,2026-06-22,2026-07-10,NA
887,TRUE,NA,NA,2026-06-29,2026-06-22,NA
888,TRUE,NA,NA,2026-05-28,2026-06-29,NA
889,TRUE,NA,NA,2026-06-10,2026-05-28,NA
890,TRUE,NA,2026-07-03,2026-07-03,2026-06-10,NA
891,TRUE,NA,2026-07-10,2026-07-10,2026-07-03,NA
892,TRUE,NA,2026-06-22,2026-07-10,2026-07-10,NA
893,TRUE,NA,2026-06-29,2026-07-03,2026-07-03,2026-07-03
894,TRUE,NA,2026-05-28,2026-07-10,2026-07-10,2026-07-10
895,TRUE,NA,2026-06-10,2026-06-22,2026-06-22,2026-06-22
896,TRUE,NA,NA,NA,NA,NA
897,TRUE,NA,NA,NA,NA,NA
898,TRUE,NA,2026-07-10,2026-07-10,NA,NA
899,TRUE,NA,2026-07-10,2026-07-10,NA,NA
900,TRUE,NA,2026-06-29,2026-06-29,NA,NA
901,TRUE,NA,2026-07-03,2026-07-03,NA,NA
902,TRUE,NA,2026-07-10,2026-07-10,NA,NA
903,TRUE,NA,2026-06-22,2026-06-22,NA,NA
904,TRUE,NA,2026-06-29,2026-06-29,NA,NA
905,TRUE,NA,2026-05-28,NA,NA,NA
906,TRUE,NA,2026-06-10,NA,NA,2026-07-03
907,TRUE,NA,2026-05-25,NA,NA,2026-07-10
908,TRUE,NA,NA,NA,2026-05-28,2026-06-22
909,TRUE,NA,2026-07-03,2026-07-03,2026-06-08,2026-07-03
910,TRUE,NA,2026-07-10,2026-07-10,2026-05-25,2026-07-10
911,TRUE,NA,2026-06-22,2026-06-22,NA,2026-06-22
912,TRUE,NA,2026-06-29,2026-06-29,NA,2026-06-29
913,TRUE,NA,2026-05-28,2026-07-03,NA,2026-05-28
914,TRUE,NA,2026-06-10,2026-07-10,NA,2026-06-10
915,TRUE,NA,2026-07-03,2026-07-03,NA,2026-05-25
916,TRUE,NA,2026-07-10,2026-07-10,NA,NA
917,TRUE,NA,2026-06-22,2026-07-10,NA,NA
918,TRUE,NA,2026-06-29,2026-06-29,NA,NA
919,TRUE,NA,2026-05-28,2026-06-29,NA,NA
920,TRUE,NA,2026-07-03,2026-07-03,NA,NA
921,TRUE,NA,2026-07-10,2026-07-10,NA,NA
922,TRUE,NA,2026-06-22,2026-07-03,NA,NA
923,TRUE,NA,NA,2026-07-10,NA,NA
924,TRUE,NA,NA,NA,NA,NA
925,TRUE,NA,2026-07-03,2026-07-10,2026-07-03,NA
926,TRUE,NA,2026-07-10,2026-07-10,2026-07-10,NA
927,TRUE,NA,2026-07-10,2026-07-10,NA,NA
928,TRUE,NA,2026-06-29,2026-07-03,2026-06-29,NA
929,TRUE,NA,2026-06-29,2026-07-10,2026-05-28,NA
930,TRUE,NA,2026-07-03,2026-07-03,2026-07-03,2026-07-03
931,TRUE,NA,2026-07-10,2026-07-10,2026-07-10,2026-07-10
932,TRUE,NA,2026-07-03,2026-07-03,2026-06-22,2026-06-22
933,TRUE,NA,2026-07-10,2026-07-10,2026-07-03,2026-07-03
934,TRUE,NA,2026-07-10,2026-07-10,2026-07-10,2026-07-10
935,TRUE,NA,2026-06-29,2026-06-29,2026-06-22,2026-06-22
936,TRUE,NA,2026-07-03,2026-07-03,2026-06-29,2026-06-29
937,TRUE,NA,2026-07-10,2026-07-10,2026-05-28,2026-05-28
938,TRUE,NA,2026-07-10,2026-07-10,2026-06-10,2026-06-10
939,TRUE,NA,2026-06-29,2026-06-29,2026-05-25,2026-05-25
940,TRUE,NA,2026-06-29,2026-06-29,NA,NA
941,TRUE,NA,2026-07-03,2026-06-10,NA,NA
942,TRUE,NA,2026-07-10,2026-06-10,NA,NA
943,TRUE,NA,2026-06-22,2026-05-25,NA,NA
944,TRUE,NA,2026-06-29,NA,NA,NA
945,TRUE,NA,2026-07-10,2026-07-10,NA,2026-07-10
946,TRUE,NA,2026-07-09,2026-07-09,NA,2026-07-09
947,TRUE,NA,2026-05-25,2026-07-10,NA,2026-07-10
948,TRUE,NA,2026-06-29,2026-07-09,NA,2026-07-09
949,TRUE,NA,NA,2026-06-22,NA,2026-06-22
950,TRUE,NA,NA,2026-07-10,NA,2026-06-29
951,TRUE,NA,NA,2026-07-09,NA,2026-05-28
952,TRUE,NA,NA,2026-07-10,NA,2026-07-10
953,TRUE,NA,NA,2026-07-09,NA,2026-07-09
954,TRUE,NA,2026-07-10,2026-07-10,2026-07-10,2026-07-10
955,TRUE,NA,2026-07-09,2026-07-09,2026-07-09,2026-07-09
956,TRUE,NA,2026-06-22,2026-06-22,2026-07-10,2026-06-22
957,TRUE,NA,2026-06-29,2026-06-29,2026-07-09,2026-06-29
958,TRUE,NA,2026-05-28,2026-05-28,2026-06-22,2026-05-28
959,TRUE,NA,2026-06-10,2026-07-03,2026-06-29,2026-06-10
960,TRUE,NA,2026-07-10,2026-07-10,2026-05-28,2026-06-22
961,TRUE,NA,2026-07-09,2026-07-09,2026-06-10,2026-06-18
962,TRUE,NA,2026-06-22,2026-06-29,2026-05-25,2026-05-28
963,TRUE,NA,2026-07-10,2026-07-10,NA,2026-06-10
964,TRUE,NA,2026-07-09,2026-07-09,NA,2026-05-25
965,TRUE,NA,2026-06-22,2026-06-22,NA,NA
966,TRUE,NA,2026-07-10,2026-07-10,NA,NA
967,TRUE,NA,2026-07-09,2026-07-09,NA,NA
968,TRUE,NA,2026-06-22,2026-06-22,NA,NA
969,TRUE,NA,2026-06-29,2026-06-29,NA,NA
970,TRUE,NA,2026-07-10,2026-07-10,NA,NA
971,TRUE,NA,2026-07-09,2026-07-09,NA,NA
972,TRUE,NA,NA,2026-05-25,NA,NA
973,TRUE,NA,2026-06-22,2026-06-22,NA,NA
974,TRUE,NA,2026-06-25,2026-07-10,NA,NA
975,TRUE,NA,2026-05-28,2026-07-09,NA,NA
976,TRUE,NA,2026-06-10,2026-06-22,NA,NA
977,TRUE,NA,2026-05-25,2026-07-10,NA,NA
978,TRUE,NA,NA,2026-07-09,NA,NA
979,TRUE,NA,NA,2026-06-22,NA,2026-06-15
980,TRUE,NA,NA,2026-07-10,NA,NA
981,TRUE,NA,2026-07-10,2026-07-10,NA,2026-05-28
982,TRUE,NA,2026-07-09,2026-07-09,NA,NA
983,TRUE,NA,2026-07-10,2026-07-10,NA,2026-07-10
984,TRUE,NA,2026-07-09,2026-07-09,NA,2026-07-09
985,TRUE,NA,2026-07-10,2026-07-10,NA,2026-06-22
986,TRUE,NA,2026-07-09,2026-07-09,NA,2026-06-29
987,TRUE,NA,2026-06-22,2026-06-22,NA,2026-06-05
988,TRUE,NA,2026-06-29,2026-07-10,NA,2026-06-10
989,TRUE,NA,2026-06-05,2026-07-09,NA,NA
990,TRUE,NA,2026-06-10,2026-06-22,NA,NA
991,TRUE,NA,NA,2026-06-29,NA,NA
992,TRUE,NA,NA,2026-07-10,NA,NA
993,TRUE,NA,NA,2026-07-10,NA,NA
994,TRUE,NA,NA,2026-07-09,NA,NA
995,TRUE,NA,2026-06-22,2026-06-29,NA,NA
996,TRUE,NA,2026-06-29,2026-05-28,NA,NA
997,TRUE,NA,2026-06-09,2026-06-10,NA,NA
998,TRUE,NA,2026-07-10,2026-07-10,NA,NA
999,TRUE,NA,2026-07-10,2026-07-10,NA,NA
1000,TRUE,NA,2026-07-09,2026-07-09,NA,2026-06-15
1001,TRUE,NA,2026-06-29,2026-06-29,NA,2026-06-16
1002,TRUE,NA,2026-06-18,2026-07-10,2026-07-10,2026-07-10
1003,TRUE,NA,2026-07-10,2026-07-10,NA,2026-07-10
1004,TRUE,NA,2026-07-09,2026-07-09,NA,2026-07-09
1005,TRUE,NA,2026-06-22,2026-07-10,NA,2026-06-29
1006,TRUE,NA,2026-07-10,2026-07-10,2026-07-10,2026-07-10
1007,TRUE,NA,2026-07-09,2026-07-09,2026-07-09,2026-07-09
1008,TRUE,NA,2026-06-22,2026-06-29,2026-06-22,2026-06-22
1009,TRUE,NA,2026-07-10,2026-07-10,2026-06-29,2026-06-29
1010,TRUE,NA,2026-07-10,2026-07-10,2026-06-05,2026-06-05
1011,TRUE,NA,2026-07-09,2026-07-09,2026-06-10,2026-06-10
1012,TRUE,NA,2026-07-10,2026-06-29,NA,NA
1013,TRUE,NA,2026-07-09,NA,NA,NA
1014,TRUE,NA,2026-06-22,2026-06-10,NA,NA
1015,TRUE,NA,2026-07-10,2026-07-10,NA,NA
1016,TRUE,NA,2026-07-09,2026-07-09,NA,NA
1017,TRUE,NA,2026-07-10,2026-07-10,NA,NA
1018,TRUE,NA,2026-07-10,2026-07-09,NA,NA
1019,TRUE,NA,2026-07-09,2026-07-10,NA,NA
1020,TRUE,NA,2026-07-10,2026-07-10,NA,NA
1021,TRUE,NA,2026-07-09,2026-07-09,NA,NA
1022,TRUE,NA,2026-06-22,2026-06-29,NA,NA
1023,TRUE,NA,2026-06-29,2026-06-29,NA,2026-07-10
1024,TRUE,NA,2026-06-05,2026-06-10,NA,2026-07-09
1025,TRUE,NA,2026-07-10,2026-07-10,NA,2026-06-22
1026,TRUE,NA,2026-07-10,2026-07-10,2026-07-10,2026-06-29
1027,TRUE,NA,2026-07-09,2026-07-09,2026-07-09,2026-06-05
1028,TRUE,NA,2026-06-29,2026-07-10,2026-07-10,2026-06-10
1029,TRUE,NA,2026-06-29,2026-07-09,2026-07-09,NA
1030,TRUE,NA,2026-06-10,2026-06-22,2026-06-22,NA
1031,TRUE,NA,2026-07-10,2026-06-29,2026-06-29,NA
1032,TRUE,NA,2026-07-09,2026-07-10,2026-06-05,2026-07-10
1033,TRUE,NA,2026-06-22,2026-07-09,2026-06-10,2026-07-09
1034,TRUE,NA,2026-06-29,2026-06-22,NA,2026-06-22
1035,TRUE,NA,NA,2026-06-29,2026-07-10,2026-06-29
1036,TRUE,NA,2026-06-10,2026-06-08,2026-07-09,2026-06-05
1037,TRUE,NA,NA,2026-06-22,NA,2026-06-10
1038,TRUE,NA,NA,2026-06-30,2026-06-29,NA
1039,TRUE,NA,2026-06-22,2026-07-10,NA,2026-06-22
1040,TRUE,NA,2026-06-29,2026-07-09,NA,2026-06-29
1041,TRUE,NA,2026-06-05,2026-06-29,NA,2026-06-05
1042,TRUE,NA,2026-07-10,2026-07-10,2026-07-03,2026-06-10
1043,TRUE,NA,NA,2026-07-09,2026-07-09,NA
1044,TRUE,NA,2026-06-12,2026-06-22,2026-06-22,NA
1045,TRUE,NA,2026-06-02,2026-06-29,2026-06-29,NA
1046,TRUE,NA,2026-06-05,2026-07-10,2026-06-05,NA
1047,TRUE,NA,2026-06-10,2026-07-10,2026-07-10,2026-07-10
1048,TRUE,NA,2026-06-14,2026-07-09,2026-07-09,2026-07-09
1049,TRUE,NA,2026-06-02,2026-06-29,2026-06-22,2026-06-22
1050,TRUE,NA,2026-06-05,2026-06-18,2026-06-29,2026-06-29
1051,TRUE,NA,2026-06-10,2026-06-10,2026-06-05,2026-06-05
1052,TRUE,NA,2026-07-10,2026-07-10,2026-06-10,2026-06-10
1053,TRUE,NA,2026-07-10,2026-07-10,NA,2026-07-10
1054,TRUE,NA,2026-07-09,2026-07-09,NA,2026-07-09
1055,TRUE,NA,2026-07-10,2026-07-10,NA,2026-06-22
1056,TRUE,NA,2026-07-10,2026-07-10,NA,2026-07-10
1057,TRUE,NA,2026-07-10,2026-07-10,NA,2026-07-09
1058,TRUE,NA,2026-07-09,2026-07-09,NA,2026-06-22
1059,TRUE,NA,2026-06-29,2026-06-29,NA,2026-06-29
1060,TRUE,NA,2026-07-10,2026-07-10,NA,2026-06-05
1061,TRUE,NA,2026-07-09,2026-07-09,NA,2026-06-10
1062,TRUE,NA,2026-06-10,2026-07-10,NA,NA
1063,TRUE,NA,2026-06-10,2026-07-09,NA,NA
1064,TRUE,NA,2026-06-30,2026-07-10,NA,2026-07-10
1065,TRUE,NA,2026-07-10,2026-07-09,NA,2026-07-09
1066,TRUE,NA,2026-07-09,2026-06-22,NA,2026-06-22
1067,TRUE,NA,2026-06-29,2026-06-29,NA,2026-06-29
1068,TRUE,NA,2026-07-03,2026-06-05,NA,2026-06-10
1069,TRUE,NA,2026-07-07,2026-06-10,NA,2026-06-10
1070,TRUE,NA,2026-06-22,NA,NA,NA
1071,TRUE,NA,2026-06-29,NA,NA,NA
1072,TRUE,NA,2026-07-10,NA,2026-06-22,NA
1073,TRUE,NA,2026-07-09,NA,2026-06-27,NA
1074,TRUE,NA,2026-06-22,NA,2026-06-05,NA
1075,TRUE,NA,2026-06-29,NA,2026-06-10,NA
1076,TRUE,NA,2026-07-03,2026-07-03,NA,NA
1077,TRUE,NA,2026-07-05,2026-07-05,NA,2026-07-10
1078,TRUE,NA,2026-07-10,2026-07-10,NA,2026-07-09
1079,TRUE,NA,2026-07-10,2026-07-10,NA,2026-06-22
1080,TRUE,NA,2026-07-09,2026-07-09,NA,2026-06-29
1081,TRUE,NA,2026-06-29,2026-06-29,NA,2026-06-05
1082,TRUE,NA,2026-07-10,2026-07-10,NA,2026-06-10
1083,TRUE,NA,2026-06-10,2026-06-10,NA,NA
1084,TRUE,NA,2026-06-10,2026-06-10,NA,NA
1085,TRUE,NA,NA,2026-06-05,NA,NA
1086,TRUE,NA,NA,2026-06-08,NA,NA
1087,TRUE,NA,NA,2026-05-20,NA,NA
1088,TRUE,NA,NA,NA,2026-07-10,2026-07-10
1089,TRUE,NA,NA,NA,2026-07-10,2026-07-10
1090,TRUE,NA,2026-07-10,2026-07-10,2026-07-09,2026-07-09
1091,TRUE,NA,2026-07-09,2026-07-09,2026-06-29,2026-06-29
1092,TRUE,NA,2026-06-22,2026-06-22,2026-06-29,2026-07-10
1093,TRUE,NA,2026-06-29,2026-06-29,2026-06-10,2026-07-09
1094,TRUE,NA,2026-07-10,2026-06-05,2026-06-22,2026-06-10
1095,TRUE,NA,2026-07-09,2026-07-10,2026-06-28,2026-07-10
1096,TRUE,NA,2026-06-22,2026-07-10,2026-06-05,2026-07-10
1097,TRUE,NA,2026-06-29,2026-07-09,2026-07-10,2026-07-09
1098,TRUE,NA,2026-06-05,2026-06-29,2026-07-09,2026-06-29
1099,TRUE,NA,2026-06-10,2026-06-29,2026-06-22,2026-06-29
1100,TRUE,NA,NA,2026-06-10,2026-06-29,2026-06-10
1101,TRUE,NA,NA,2026-07-10,2026-06-05,2026-07-10
1102,TRUE,NA,2026-07-10,2026-07-10,2026-06-10,2026-07-09
1103,TRUE,NA,2026-07-09,2026-07-09,NA,2026-06-22
1104,TRUE,NA,2026-06-22,2026-06-29,NA,2026-06-29
1105,TRUE,NA,2026-06-29,2026-06-29,NA,2026-06-05
1106,TRUE,NA,2026-06-05,2026-06-10,NA,2026-06-10
1107,TRUE,NA,2026-06-10,2026-06-10,NA,2026-07-03
1108,TRUE,NA,NA,NA,NA,2026-07-05
1109,TRUE,NA,NA,2026-07-10,NA,2026-07-10
1110,TRUE,NA,NA,2026-07-09,NA,2026-07-09
1111,TRUE,NA,NA,2026-07-10,NA,2026-06-22
1112,TRUE,NA,NA,2026-07-10,NA,2026-06-29
1113,TRUE,NA,2026-06-14,2026-07-09,2026-07-10,2026-07-10
1114,TRUE,NA,2026-07-10,2026-06-29,2026-07-09,2026-07-09
1115,TRUE,NA,2026-07-09,2026-06-29,2026-06-22,2026-06-22
1116,TRUE,NA,2026-06-22,2026-07-10,2026-06-29,2026-06-29
1117,TRUE,NA,2026-06-29,2026-07-09,2026-06-05,2026-06-05
1118,TRUE,NA,2026-06-05,2026-06-22,2026-06-10,2026-06-10
1119,TRUE,NA,2026-06-10,2026-07-03,NA,NA
1120,TRUE,NA,NA,2026-07-07,NA,NA
1121,TRUE,NA,2026-05-27,2026-06-22,NA,NA
1122,TRUE,NA,NA,2026-06-29,2026-07-10,NA
1123,TRUE,NA,2026-05-25,2026-06-05,2026-07-09,NA
1124,TRUE,NA,NA,2026-06-10,2026-07-07,NA
1125,TRUE,NA,2026-07-10,2026-07-10,2026-06-22,NA
1126,TRUE,NA,2026-07-09,2026-07-09,2026-06-29,NA
1127,TRUE,NA,2026-07-07,2026-07-07,2026-06-05,NA
1128,TRUE,NA,2026-06-22,2026-06-22,2026-06-10,NA
1129,TRUE,NA,2026-07-10,2026-07-10,NA,NA
1130,TRUE,NA,2026-07-09,2026-07-10,NA,2026-07-10
1131,TRUE,NA,2026-07-07,2026-07-10,NA,2026-07-09
1132,TRUE,NA,NA,2026-07-09,NA,2026-07-07
1133,TRUE,NA,2026-06-29,2026-07-07,NA,2026-06-22
1134,TRUE,NA,NA,2026-06-29,NA,2026-06-29
1135,TRUE,NA,NA,2026-06-29,NA,2026-06-05
1136,TRUE,NA,2026-05-20,2026-06-10,NA,2026-06-10
1137,TRUE,NA,2026-07-10,2026-07-10,NA,NA
1138,TRUE,NA,2026-07-09,2026-07-09,NA,NA
1139,TRUE,NA,2026-07-10,2026-07-10,NA,NA
1140,TRUE,NA,2026-07-09,2026-07-10,NA,NA
1141,TRUE,NA,2026-07-07,2026-07-09,NA,NA
1142,TRUE,NA,2026-06-22,2026-07-07,NA,NA
1143,TRUE,NA,2026-06-29,2026-07-10,NA,NA
1144,TRUE,NA,2026-07-10,2026-07-10,NA,NA
1145,TRUE,NA,2026-07-09,2026-07-09,NA,NA
1146,TRUE,NA,2026-07-07,2026-07-10,NA,NA
1147,TRUE,NA,2026-06-22,2026-07-09,NA,NA
1148,TRUE,NA,2026-06-29,2026-07-07,NA,NA
1149,TRUE,NA,2026-06-10,2026-07-10,NA,2026-07-10
1150,TRUE,NA,2026-07-10,2026-07-10,NA,2026-07-09
1151,TRUE,NA,2026-07-09,2026-07-09,NA,2026-07-07
1152,TRUE,NA,2026-07-07,2026-07-07,NA,2026-06-22
1153,TRUE,NA,2026-06-22,2026-06-29,NA,2026-06-29
1154,TRUE,NA,2026-06-29,2026-06-05,NA,2026-06-05
1155,TRUE,NA,NA,2026-06-15,NA,2026-06-15
1156,TRUE,NA,2026-07-10,2026-06-17,NA,2026-06-17
1157,TRUE,NA,2026-07-09,2026-06-05,NA,2026-06-05
1158,TRUE,NA,2026-07-07,2026-06-10,NA,2026-06-10
1159,TRUE,NA,NA,NA,NA,NA
1160,TRUE,NA,2026-06-29,NA,NA,NA
1161,TRUE,NA,NA,2026-06-22,NA,NA
1162,TRUE,NA,NA,2026-06-18,NA,NA
1163,TRUE,NA,2026-05-24,2026-06-05,NA,NA
1164,TRUE,NA,NA,2026-07-10,NA,NA
1165,TRUE,NA,2026-07-10,2026-07-10,NA,NA
1166,TRUE,NA,2026-07-09,2026-07-09,NA,NA
1167,TRUE,NA,2026-07-10,2026-07-10,NA,NA
1168,TRUE,NA,2026-07-09,2026-07-09,NA,NA
1169,TRUE,NA,2026-07-07,2026-07-07,NA,NA
1170,TRUE,NA,2026-06-22,2026-06-22,NA,NA
1171,TRUE,NA,2026-07-10,2026-07-10,NA,2026-07-10
1172,TRUE,NA,2026-07-09,2026-07-09,NA,2026-07-09
1173,TRUE,NA,2026-07-07,2026-07-07,NA,2026-07-07
1174,TRUE,NA,2026-06-22,2026-06-22,NA,2026-06-02
1175,TRUE,NA,2026-06-29,2026-06-29,NA,2026-06-05
1176,TRUE,NA,2026-07-10,2026-06-05,NA,2026-06-09
1177,TRUE,NA,2026-07-09,2026-06-10,NA,NA
1178,TRUE,NA,2026-07-07,NA,NA,NA
1179,TRUE,NA,2026-06-22,NA,NA,NA
1180,TRUE,NA,2026-07-10,2026-07-10,NA,NA
1181,TRUE,NA,2026-07-10,2026-07-10,NA,NA
1182,TRUE,NA,2026-07-09,2026-07-09,NA,NA
1183,TRUE,NA,2026-07-07,2026-07-07,NA,2026-05-18
1184,TRUE,NA,2026-06-29,2026-06-29,NA,NA
1185,TRUE,NA,2026-06-29,2026-06-29,NA,NA
1186,TRUE,NA,2026-07-10,2026-07-10,NA,NA
1187,TRUE,NA,2026-07-09,2026-07-09,NA,NA
1188,TRUE,NA,2026-07-10,2026-07-10,NA,NA
1189,TRUE,NA,2026-07-09,2026-07-09,NA,2026-07-10
1190,TRUE,NA,2026-07-07,2026-07-07,NA,2026-07-09
1191,TRUE,NA,2026-06-22,2026-06-22,NA,2026-07-07
1192,TRUE,NA,2026-06-29,2026-06-29,NA,NA
1193,TRUE,NA,2026-06-08,2026-06-05,NA,2026-07-10
1194,TRUE,NA,2026-06-10,2026-06-10,NA,2026-07-09
1195,TRUE,NA,2026-07-10,NA,NA,2026-07-07
1196,TRUE,NA,2026-07-09,NA,NA,2026-06-22
1197,TRUE,NA,2026-07-07,2026-07-03,NA,2026-06-29
1198,TRUE,NA,2026-06-22,2026-07-05,NA,2026-06-05
1199,TRUE,NA,2026-06-29,2026-06-22,NA,2026-06-10
1200,TRUE,NA,2026-06-05,2026-06-29,NA,NA
1201,TRUE,NA,2026-07-10,2026-06-05,NA,NA
1202,TRUE,NA,2026-07-09,2026-06-10,2026-07-08,NA
1203,TRUE,NA,2026-07-10,2026-07-10,2026-07-07,NA
1204,TRUE,NA,2026-07-10,2026-07-10,2026-06-22,NA
1205,TRUE,NA,2026-07-09,2026-07-09,2026-06-29,NA
1206,TRUE,NA,2026-07-07,2026-07-07,2026-06-05,NA
1207,TRUE,NA,2026-07-10,2026-06-29,2026-06-10,NA
1208,TRUE,NA,2026-07-09,2026-06-29,NA,NA
1209,TRUE,NA,2026-07-07,2026-07-10,NA,NA
1210,TRUE,NA,2026-07-10,2026-07-10,NA,NA
1211,TRUE,NA,2026-07-09,2026-07-09,NA,NA
1212,TRUE,NA,2026-07-07,2026-07-07,NA,NA
1213,TRUE,NA,2026-07-10,2026-07-10,NA,NA
1214,TRUE,NA,2026-07-09,2026-07-09,NA,NA
1215,TRUE,NA,2026-07-07,2026-07-07,NA,NA
1216,TRUE,NA,2026-06-22,2026-06-22,NA,NA
1217,TRUE,NA,2026-06-29,2026-06-29,NA,NA
1218,TRUE,NA,2026-07-10,2026-07-10,NA,NA
1219,TRUE,NA,2026-07-09,2026-07-09,NA,NA
1220,TRUE,NA,2026-07-07,2026-07-07,NA,NA
1221,TRUE,NA,NA,2026-06-22,NA,NA
1222,TRUE,NA,NA,2026-06-29,NA,NA
1223,TRUE,NA,NA,2026-06-05,NA,NA
1224,TRUE,NA,NA,2026-07-10,NA,NA
1225,TRUE,NA,NA,2026-07-09,NA,NA
1226,TRUE,NA,NA,2026-07-07,NA,NA
1227,TRUE,NA,2026-06-22,2026-06-22,NA,NA
1228,TRUE,NA,2026-06-18,2026-06-29,NA,NA
1229,TRUE,NA,2026-06-05,2026-06-26,NA,NA
1230,TRUE,NA,2026-06-10,2026-06-10,NA,2026-05-26
1231,TRUE,NA,NA,2026-06-10,NA,NA
1232,TRUE,NA,NA,2026-05-25,NA,2026-05-25
1233,TRUE,NA,NA,NA,NA,NA
1234,TRUE,NA,NA,NA,NA,2026-05-20
1235,TRUE,NA,NA,NA,NA,NA
1236,TRUE,NA,2026-07-10,2026-07-10,NA,NA
1237,TRUE,NA,2026-07-09,2026-07-09,NA,2026-07-10
1238,TRUE,NA,2026-07-07,2026-07-10,NA,2026-07-09
1239,TRUE,NA,NA,2026-07-09,NA,2026-07-07
1240,TRUE,NA,2026-07-10,2026-07-07,NA,NA
1241,TRUE,NA,2026-07-09,2026-06-26,NA,2026-06-29
1242,TRUE,NA,2026-07-07,2026-07-10,NA,2026-06-26
1243,TRUE,NA,2026-06-15,2026-07-09,NA,2026-06-05
1244,TRUE,NA,2026-06-29,2026-07-07,NA,2026-06-10
1245,TRUE,NA,2026-06-26,2026-06-10,NA,NA
1246,TRUE,NA,2026-06-18,2026-06-29,NA,NA
1247,TRUE,NA,2026-06-10,2026-06-26,NA,NA
1248,TRUE,NA,2026-06-10,2026-06-05,NA,NA
1249,TRUE,NA,2026-06-10,2026-07-10,NA,NA
1250,TRUE,NA,NA,2026-07-09,NA,NA
1251,TRUE,NA,NA,2026-07-07,NA,NA
1252,TRUE,NA,NA,2026-07-10,NA,NA
1253,TRUE,NA,NA,2026-07-09,NA,NA
1254,TRUE,NA,NA,2026-07-10,NA,2026-07-10
1255,TRUE,NA,NA,2026-07-09,NA,2026-07-09
1256,TRUE,NA,2026-05-28,2026-07-07,NA,2026-07-07
1257,TRUE,NA,2026-07-10,2026-07-10,2026-05-28,NA
1258,TRUE,NA,2026-07-09,2026-07-09,2026-06-01,2026-06-29
1259,TRUE,NA,2026-07-07,2026-07-07,2026-05-25,2026-06-26
1260,TRUE,NA,NA,2026-07-01,NA,2026-07-01
1261,TRUE,NA,2026-06-29,2026-06-29,NA,2026-07-10
1262,TRUE,NA,2026-06-26,2026-06-26,NA,2026-07-09
1263,TRUE,NA,2026-07-10,2026-06-29,NA,2026-07-07
1264,TRUE,NA,2026-07-09,2026-06-26,NA,2026-06-26
1265,TRUE,NA,2026-07-07,2026-06-05,NA,2026-06-29
1266,TRUE,NA,NA,2026-06-10,NA,2026-07-10
1267,TRUE,NA,2026-06-29,2026-07-08,NA,2026-07-09
1268,TRUE,NA,2026-06-26,2026-07-07,NA,2026-07-07
1269,TRUE,NA,2026-06-05,NA,NA,NA
1270,TRUE,NA,2026-06-10,2026-06-29,NA,2026-06-29
1271,TRUE,NA,2026-07-10,2026-07-10,NA,2026-06-26
1272,TRUE,NA,2026-07-09,2026-07-09,NA,2026-06-05
1273,TRUE,NA,2026-07-07,2026-07-10,NA,2026-07-10
1274,TRUE,NA,2026-07-10,2026-07-10,NA,2026-07-10
1275,TRUE,NA,2026-07-09,2026-07-09,NA,2026-07-09
1276,TRUE,NA,2026-07-07,2026-07-07,NA,2026-07-07
1277,TRUE,NA,2026-06-05,2026-07-10,NA,2026-07-10
1278,TRUE,NA,2026-07-10,2026-07-10,NA,2026-07-10
1279,TRUE,NA,2026-07-09,2026-07-10,NA,2026-07-10
1280,TRUE,NA,2026-07-07,2026-07-09,NA,2026-07-09
1281,TRUE,NA,2026-06-10,2026-07-07,NA,2026-07-07
1282,TRUE,NA,2026-07-10,2026-07-10,NA,2026-06-26
1283,TRUE,NA,2026-07-10,2026-07-10,NA,2026-06-29
1284,TRUE,NA,2026-07-10,2026-07-10,NA,2026-06-26
1285,TRUE,NA,2026-07-09,2026-07-10,2026-05-28,2026-06-05
1286,TRUE,NA,2026-07-07,2026-07-09,2026-05-29,2026-07-10
1287,TRUE,NA,2026-07-10,2026-07-10,2026-05-25,2026-07-09
1288,TRUE,NA,2026-07-09,2026-07-09,NA,2026-07-07
1289,TRUE,NA,2026-07-07,2026-07-07,NA,NA
1290,TRUE,NA,2026-06-10,2026-06-29,NA,NA
1291,TRUE,NA,2026-06-10,2026-06-26,NA,2026-06-29
1292,TRUE,NA,2026-06-29,2026-06-29,NA,2026-06-26
1293,TRUE,NA,2026-06-26,2026-06-26,NA,2026-06-05
1294,TRUE,NA,NA,NA,NA,2026-06-10
1295,TRUE,NA,2026-07-10,2026-07-10,NA,NA
1296,TRUE,NA,2026-07-09,2026-07-09,NA,NA
1297,TRUE,NA,2026-07-07,2026-07-07,NA,NA
1298,TRUE,NA,NA,NA,NA,NA
1299,TRUE,NA,2026-07-10,2026-07-10,NA,NA
1300,TRUE,NA,2026-07-10,2026-07-09,NA,NA
1301,TRUE,NA,2026-07-10,2026-07-10,NA,NA
1302,TRUE,NA,2026-07-09,2026-07-09,NA,NA
1303,TRUE,NA,2026-07-10,2026-07-10,NA,NA
1304,TRUE,NA,2026-07-09,2026-07-09,NA,NA
1305,TRUE,NA,2026-07-07,2026-07-10,NA,NA
1306,TRUE,NA,2026-06-29,2026-07-09,2026-07-10,2026-06-15
1307,TRUE,NA,2026-07-10,2026-07-10,2026-07-09,2026-06-16
1308,TRUE,NA,2026-07-09,2026-07-10,2026-07-07,2026-07-08
1309,TRUE,NA,2026-07-07,2026-07-09,NA,2026-07-07
1310,TRUE,NA,2026-06-05,2026-07-10,NA,2026-05-18
1311,TRUE,NA,2026-06-10,2026-07-09,2026-06-29,NA
1312,TRUE,NA,2026-06-29,2026-07-07,2026-06-26,2026-06-29
1313,TRUE,NA,2026-06-26,2026-06-29,2026-06-05,2026-06-26
1314,TRUE,NA,2026-06-05,2026-06-26,2026-06-10,2026-07-10
1315,TRUE,NA,2026-06-10,2026-06-29,NA,2026-07-09
1316,TRUE,NA,2026-07-10,2026-07-10,NA,2026-07-10
1317,TRUE,NA,2026-07-09,2026-07-09,NA,2026-07-09
1318,TRUE,NA,NA,2026-07-10,NA,2026-07-10
1319,TRUE,NA,NA,2026-07-09,NA,2026-07-09
1320,TRUE,NA,NA,2026-07-09,NA,2026-07-07
1321,TRUE,NA,NA,2026-07-07,NA,2026-06-29
1322,TRUE,NA,NA,2026-06-26,NA,2026-06-26
1323,TRUE,NA,2026-07-10,2026-06-29,NA,2026-06-29
1324,TRUE,NA,2026-07-09,2026-06-29,NA,2026-06-26
1325,TRUE,NA,2026-07-07,2026-06-26,NA,2026-07-10
1326,TRUE,NA,2026-05-25,2026-06-05,NA,2026-07-09
1327,TRUE,NA,NA,2026-07-10,NA,2026-07-10
1328,TRUE,NA,2026-06-29,2026-07-10,NA,2026-07-09
1329,TRUE,NA,2026-07-03,2026-07-09,NA,2026-07-07
1330,TRUE,NA,2026-07-10,2026-07-10,NA,2026-06-29
1331,TRUE,NA,2026-07-09,2026-07-09,NA,2026-06-26
1332,TRUE,NA,2026-07-07,2026-07-07,2026-07-10,2026-06-29
1333,TRUE,NA,2026-06-29,2026-06-26,2026-07-09,2026-06-26
1334,TRUE,NA,2026-06-26,2026-06-05,2026-07-07,2026-06-05
1335,TRUE,NA,2026-06-29,2026-06-29,NA,2026-06-10
1336,TRUE,NA,2026-06-26,2026-06-30,NA,NA
1337,TRUE,NA,2026-06-05,2026-07-10,2026-06-29,NA
1338,TRUE,NA,2026-06-10,2026-07-09,2026-06-26,NA
1339,TRUE,NA,NA,2026-07-10,2026-06-05,NA
1340,TRUE,NA,2026-07-10,2026-07-09,2026-06-10,NA
1341,TRUE,NA,2026-07-09,2026-07-10,NA,NA
1342,TRUE,NA,2026-07-07,2026-07-09,NA,NA
1343,TRUE,NA,NA,2026-07-07,NA,NA
1344,TRUE,NA,NA,2026-06-29,NA,NA
1345,TRUE,NA,2026-07-10,2026-07-10,NA,2026-07-10
1346,TRUE,NA,2026-07-09,2026-07-09,2026-07-10,2026-07-09
1347,TRUE,NA,2026-07-10,2026-07-07,2026-07-09,2026-07-07
1348,TRUE,NA,2026-07-10,2026-07-10,2026-07-07,2026-07-10
1349,TRUE,NA,2026-07-09,2026-07-09,NA,2026-07-09
1350,TRUE,NA,2026-07-10,2026-07-07,NA,2026-07-07
1351,TRUE,NA,2026-07-09,2026-06-26,2026-07-10,2026-06-26
1352,TRUE,NA,2026-07-07,2026-07-10,2026-07-09,NA
1353,TRUE,NA,2026-06-10,2026-07-10,2026-07-07,2026-06-10
1354,TRUE,NA,2026-07-03,2026-07-09,2026-07-03,NA
1355,TRUE,NA,2026-07-05,2026-07-07,2026-07-05,2026-06-29
1356,TRUE,NA,2026-06-26,2026-06-26,2026-06-10,2026-06-26
1357,TRUE,NA,2026-06-29,2026-06-10,NA,2026-06-05
1358,TRUE,NA,2026-06-26,2026-07-10,2026-06-29,2026-06-10
1359,TRUE,NA,2026-07-10,2026-07-10,2026-07-10,NA
1360,TRUE,NA,2026-07-09,2026-07-09,2026-07-09,NA
1361,TRUE,NA,2026-07-10,2026-07-10,2026-07-07,NA
1362,TRUE,NA,2026-07-09,2026-07-09,2026-06-22,NA
1363,TRUE,NA,2026-07-07,2026-07-07,2026-06-18,NA
1364,TRUE,NA,2026-07-10,2026-07-10,2026-07-10,NA
1365,TRUE,NA,2026-07-09,2026-07-10,2026-07-09,NA
1366,TRUE,NA,2026-07-07,2026-07-09,2026-07-07,2026-06-13
1367,TRUE,NA,NA,2026-07-07,2026-06-26,NA
1368,TRUE,NA,2026-06-29,2026-06-29,NA,NA
1369,TRUE,NA,2026-07-10,2026-07-10,2026-06-10,2026-06-10
1370,TRUE,NA,2026-07-09,2026-07-09,NA,NA
1371,TRUE,NA,2026-07-07,2026-07-07,2026-06-29,2026-06-10
1372,TRUE,NA,2026-07-10,2026-07-10,2026-06-26,NA
1373,TRUE,NA,2026-07-09,2026-07-09,2026-06-05,NA
1374,TRUE,NA,2026-07-10,2026-07-10,2026-06-10,2026-07-03
1375,TRUE,NA,2026-07-09,2026-07-09,NA,2026-07-05
1376,TRUE,NA,2026-07-07,2026-07-07,NA,NA
1377,TRUE,NA,2026-06-26,2026-06-26,NA,NA
1378,TRUE,NA,2026-06-05,2026-06-05,NA,NA
1379,TRUE,NA,2026-06-29,2026-06-29,NA,NA
1380,TRUE,NA,2026-06-26,2026-06-29,NA,2026-06-29
1381,TRUE,NA,2026-06-29,2026-06-29,NA,2026-06-26
1382,TRUE,NA,2026-07-10,2026-07-10,NA,2026-06-05
1383,TRUE,NA,2026-07-09,2026-07-09,NA,2026-06-10
1384,TRUE,NA,NA,2026-07-07,NA,2026-07-10
1385,TRUE,NA,NA,NA,NA,2026-07-09
1386,TRUE,NA,NA,2026-05-25,NA,2026-07-07
1387,TRUE,NA,NA,2026-07-10,NA,NA
1388,TRUE,NA,2026-07-10,2026-07-09,NA,NA
1389,TRUE,NA,2026-07-10,2026-07-10,NA,2026-07-10
1390,TRUE,NA,2026-07-09,2026-07-09,NA,2026-07-09
1391,TRUE,NA,2026-07-07,2026-07-07,NA,2026-07-07
1392,TRUE,NA,NA,NA,NA,NA
1393,TRUE,NA,NA,NA,NA,NA
1394,TRUE,NA,2026-07-10,NA,NA,NA
1395,TRUE,NA,2026-07-10,2026-07-10,NA,2026-06-05
1396,TRUE,NA,2026-07-09,2026-07-09,NA,2026-06-29
1397,TRUE,NA,2026-07-07,2026-07-07,NA,2026-06-26
1398,TRUE,NA,2026-06-05,2026-06-05,NA,2026-06-05
1399,TRUE,NA,2026-07-10,2026-07-10,NA,NA
1400,TRUE,NA,2026-07-09,2026-07-09,NA,NA
1401,TRUE,NA,2026-07-07,2026-07-07,NA,NA
1402,TRUE,NA,2026-07-10,2026-06-29,NA,NA
1403,TRUE,NA,2026-07-09,2026-06-26,NA,2026-05-28
1404,TRUE,NA,2026-07-07,2026-06-05,NA,2026-06-02
1405,TRUE,NA,2026-06-10,2026-06-29,NA,2026-06-03
1406,TRUE,NA,2026-06-29,2026-06-29,NA,NA
1407,TRUE,NA,2026-06-26,2026-06-26,NA,NA
1408,TRUE,NA,2026-06-12,2026-06-10,NA,2026-07-10
1409,TRUE,NA,2026-06-29,NA,2026-06-12,2026-07-09
1410,TRUE,NA,2026-06-26,2026-07-10,2026-06-15,2026-07-07
1411,TRUE,NA,2026-06-10,2026-07-09,2026-06-05,NA
1412,TRUE,NA,NA,2026-07-07,2026-06-10,NA
1413,TRUE,NA,NA,NA,NA,NA
1414,TRUE,NA,2026-07-10,2026-07-10,NA,2026-06-12
1415,TRUE,NA,2026-07-09,2026-07-09,2026-07-10,2026-06-29
1416,TRUE,NA,2026-07-07,2026-07-07,2026-07-09,2026-06-26
1417,TRUE,NA,NA,2026-06-29,2026-07-07,2026-06-10
1418,TRUE,NA,NA,2026-06-26,NA,2026-07-10
1419,TRUE,NA,NA,2026-06-10,NA,2026-07-09
1420,TRUE,NA,2026-06-12,2026-07-10,NA,2026-07-10
1421,TRUE,NA,2026-06-29,2026-07-09,2026-06-12,2026-07-09
1422,TRUE,NA,2026-06-26,2026-07-07,2026-06-29,2026-07-07
1423,TRUE,NA,2026-06-10,2026-06-10,2026-06-26,NA
1424,TRUE,NA,NA,NA,2026-06-10,2026-06-12
1425,TRUE,NA,NA,2026-07-10,NA,2026-06-29
1426,TRUE,NA,NA,NA,NA,NA
1427,TRUE,NA,NA,NA,NA,NA
1428,TRUE,NA,2026-07-10,NA,NA,NA
1429,TRUE,NA,2026-07-09,2026-06-10,NA,2026-06-10
1430,TRUE,NA,2026-07-07,NA,NA,NA
1431,TRUE,NA,NA,2026-06-12,NA,NA
1432,TRUE,NA,NA,2026-06-29,NA,NA
1433,TRUE,NA,NA,NA,NA,NA
1434,TRUE,NA,NA,NA,NA,NA
1435,TRUE,NA,2026-06-29,NA,NA,NA
1436,TRUE,NA,2026-06-26,2026-07-10,NA,NA
1437,TRUE,NA,2026-06-10,2026-07-09,NA,2026-07-08
1438,TRUE,NA,NA,2026-07-07,NA,2026-07-07
1439,TRUE,NA,2026-07-10,2026-07-10,NA,NA
1440,TRUE,NA,2026-07-09,2026-07-10,NA,NA
1441,TRUE,NA,2026-07-10,2026-07-10,NA,NA
1442,TRUE,NA,2026-07-09,2026-07-10,NA,NA
1443,TRUE,NA,2026-07-07,2026-07-09,2026-07-10,2026-06-29
1444,TRUE,NA,NA,2026-07-10,2026-07-09,2026-06-26
1445,TRUE,NA,NA,2026-07-09,2026-07-07,NA
1446,TRUE,NA,2026-06-29,2026-07-07,NA,NA
1447,TRUE,NA,2026-06-26,2026-06-29,NA,NA
1448,TRUE,NA,2026-06-29,2026-06-29,NA,NA
1449,TRUE,NA,2026-06-26,2026-06-29,NA,NA
1450,TRUE,NA,2026-06-18,2026-06-26,2026-06-29,NA
1451,TRUE,NA,2026-06-10,2026-06-29,2026-06-26,NA
1452,TRUE,NA,NA,2026-06-26,2026-06-18,NA
1453,TRUE,NA,NA,2026-06-18,2026-06-10,NA
1454,TRUE,NA,NA,NA,NA,2026-07-10
1455,TRUE,NA,2026-06-12,2026-06-12,NA,2026-07-09
1456,TRUE,NA,2026-06-22,2026-06-22,NA,2026-07-07
1457,TRUE,NA,2026-06-18,2026-06-18,NA,NA
1458,TRUE,NA,2026-06-10,2026-06-10,NA,NA
1459,TRUE,NA,2026-07-10,NA,NA,NA
1460,TRUE,NA,2026-07-09,2026-07-10,NA,NA
1461,TRUE,NA,2026-07-07,2026-07-09,NA,2026-07-03
1462,TRUE,NA,NA,2026-07-10,NA,2026-07-10
1463,TRUE,NA,NA,2026-07-09,NA,2026-07-09
1464,TRUE,NA,NA,2026-07-07,NA,2026-07-07
1465,TRUE,NA,NA,NA,NA,NA
1466,TRUE,NA,2026-06-29,2026-07-10,NA,NA
1467,TRUE,NA,2026-06-26,2026-07-09,NA,2026-06-29
1468,TRUE,NA,2026-06-18,2026-07-07,NA,2026-06-26
1469,TRUE,NA,2026-07-10,2026-07-10,NA,2026-06-29
1470,TRUE,NA,2026-07-09,2026-07-10,NA,2026-07-10
1471,TRUE,NA,2026-07-07,2026-07-09,NA,2026-07-09
1472,TRUE,NA,2026-06-02,2026-07-07,NA,2026-07-07
1473,TRUE,NA,2026-05-25,2026-06-29,NA,2026-07-03
1474,TRUE,NA,NA,2026-06-26,NA,NA
1475,TRUE,NA,NA,2026-06-18,NA,NA
1476,TRUE,NA,NA,2026-06-10,NA,NA
1477,TRUE,NA,NA,2026-06-29,NA,2026-06-29
1478,TRUE,NA,NA,2026-06-26,NA,2026-06-29
1479,TRUE,NA,NA,2026-07-10,NA,2026-07-10
1480,TRUE,NA,NA,2026-07-09,NA,2026-07-09
1481,TRUE,NA,NA,2026-07-07,NA,2026-07-07
1482,TRUE,NA,NA,NA,NA,2026-06-10
1483,TRUE,NA,NA,NA,NA,NA
1484,TRUE,NA,NA,NA,NA,NA
1485,TRUE,NA,NA,NA,NA,NA
1486,TRUE,NA,NA,NA,NA,2026-06-29
1487,TRUE,NA,NA,NA,NA,2026-06-26
1488,TRUE,NA,NA,2026-06-12,NA,2026-06-18
1489,TRUE,NA,NA,2026-06-15,NA,2026-06-10
1490,TRUE,NA,NA,2026-07-10,NA,NA
1491,TRUE,NA,NA,2026-07-09,NA,NA
1492,TRUE,NA,NA,2026-07-07,NA,NA
1493,TRUE,NA,NA,2026-06-10,NA,NA
1494,TRUE,NA,NA,2026-07-10,NA,NA
1495,TRUE,NA,2026-07-03,2026-07-09,NA,NA
1496,TRUE,NA,2026-07-05,2026-07-07,NA,NA
1497,TRUE,NA,NA,2026-06-29,NA,NA
1498,TRUE,NA,2026-07-10,2026-07-10,NA,NA
1499,TRUE,NA,2026-07-10,2026-07-10,NA,NA
1500,TRUE,NA,2026-07-09,2026-07-09,NA,NA
1501,TRUE,NA,2026-07-07,2026-07-10,NA,NA
1502,TRUE,NA,2026-07-03,2026-07-09,NA,NA
1503,TRUE,NA,2026-07-10,2026-07-10,NA,2026-07-10
1504,TRUE,NA,2026-07-10,2026-07-10,NA,2026-07-09
1505,TRUE,NA,2026-07-10,2026-07-10,NA,2026-07-07
1506,TRUE,NA,2026-07-09,2026-07-09,NA,NA
1507,TRUE,NA,2026-07-10,2026-07-10,NA,2026-07-10
1508,TRUE,NA,2026-07-10,2026-07-09,NA,2026-07-09
1509,TRUE,NA,2026-07-09,2026-07-07,NA,2026-07-07
1510,TRUE,NA,2026-07-10,2026-07-10,NA,2026-06-29
1511,TRUE,NA,2026-06-29,2026-07-09,NA,2026-06-26
1512,TRUE,NA,2026-06-29,2026-07-07,NA,2026-07-03
1513,TRUE,NA,2026-06-26,2026-06-29,NA,2026-07-10
1514,TRUE,NA,2026-06-29,2026-06-29,NA,2026-07-09
1515,TRUE,NA,2026-06-29,2026-06-26,NA,2026-07-07
1516,TRUE,NA,2026-07-10,2026-06-18,NA,2026-06-18
1517,TRUE,NA,2026-07-09,2026-07-10,NA,2026-06-12
1518,TRUE,NA,2026-07-10,2026-07-09,NA,2026-06-29
1519,TRUE,NA,2026-07-10,2026-07-10,NA,2026-06-26
1520,TRUE,NA,2026-07-10,2026-07-09,NA,2026-06-29
1521,TRUE,NA,2026-07-10,2026-07-07,NA,2026-06-26
1522,TRUE,NA,2026-07-09,2026-06-17,NA,2026-06-18
1523,TRUE,NA,2026-07-07,2026-07-03,NA,2026-06-10
1524,TRUE,NA,2026-06-26,2026-07-10,NA,2026-07-10
1525,TRUE,NA,2026-06-29,2026-07-09,NA,2026-07-09
1526,TRUE,NA,2026-07-10,2026-07-10,NA,2026-07-10
1527,TRUE,NA,2026-07-10,2026-07-09,NA,2026-07-10
1528,TRUE,NA,2026-07-10,2026-07-10,NA,2026-07-09
1529,TRUE,NA,2026-07-10,2026-07-10,NA,2026-07-10
1530,TRUE,NA,2026-07-09,2026-07-09,NA,2026-07-09
1531,TRUE,NA,2026-07-07,2026-07-07,NA,2026-07-07
1532,TRUE,NA,NA,2026-06-26,NA,2026-06-26
1533,TRUE,NA,2026-06-29,2026-06-29,NA,2026-07-10
1534,TRUE,NA,2026-06-29,2026-07-10,NA,2026-07-09
1535,TRUE,NA,2026-07-03,2026-07-09,NA,2026-07-07
1536,TRUE,NA,2026-07-05,2026-07-07,NA,2026-06-18
1537,TRUE,NA,2026-06-18,2026-07-10,NA,2026-06-10
1538,TRUE,NA,2026-06-10,2026-07-09,NA,NA
1539,TRUE,NA,NA,2026-07-07,NA,NA
1540,TRUE,NA,NA,NA,NA,2026-06-29
1541,TRUE,NA,2026-06-29,2026-06-29,NA,2026-06-26
1542,TRUE,NA,2026-06-26,2026-06-26,NA,2026-06-18
1543,TRUE,NA,2026-07-10,2026-07-10,NA,2026-06-10
1544,TRUE,NA,2026-07-09,2026-07-10,NA,NA
1545,TRUE,NA,2026-07-07,2026-07-09,NA,2026-07-10
1546,TRUE,NA,NA,2026-07-07,NA,2026-07-09
1547,TRUE,NA,NA,2026-06-10,NA,2026-07-07
1548,TRUE,NA,NA,NA,NA,NA
1549,TRUE,NA,NA,NA,2026-07-03,NA
1550,TRUE,NA,2026-06-29,2026-07-10,NA,NA
1551,TRUE,NA,2026-06-26,2026-07-09,NA,NA
1552,TRUE,NA,2026-06-18,2026-07-07,NA,2026-06-29
1553,TRUE,NA,2026-06-10,2026-06-18,NA,2026-06-26
1554,TRUE,NA,NA,2026-06-15,NA,2026-06-18
1555,TRUE,NA,NA,2026-06-16,2026-06-29,2026-06-16
1556,TRUE,NA,NA,2026-06-10,2026-06-26,2026-06-10
1557,TRUE,NA,NA,2026-07-03,2026-06-18,NA
1558,TRUE,NA,NA,2026-06-26,2026-06-10,NA
1559,TRUE,NA,NA,2026-06-18,NA,NA
1560,TRUE,NA,NA,2026-07-10,NA,NA
1561,TRUE,NA,NA,2026-07-09,NA,NA
1562,TRUE,NA,NA,2026-07-07,NA,NA
1563,TRUE,NA,2026-07-10,2026-07-10,NA,NA
1564,TRUE,NA,2026-07-10,2026-07-09,NA,NA
1565,TRUE,NA,2026-07-09,2026-07-07,NA,NA
1566,TRUE,NA,2026-07-10,2026-07-10,NA,NA
1567,TRUE,NA,2026-07-09,2026-07-09,NA,2026-07-01
1568,TRUE,NA,2026-07-07,2026-07-07,NA,NA
1569,TRUE,NA,2026-06-10,2026-06-18,NA,NA
1570,TRUE,NA,2026-06-29,2026-06-29,NA,NA
1571,TRUE,NA,2026-06-29,2026-06-26,NA,NA
1572,TRUE,NA,2026-06-26,2026-06-25,NA,NA
1573,TRUE,NA,2026-07-10,2026-07-10,NA,2026-06-29
1574,TRUE,NA,2026-07-09,2026-07-09,NA,2026-06-26
1575,TRUE,NA,2026-07-07,2026-07-07,NA,2026-06-18
1576,TRUE,NA,NA,2026-06-10,NA,2026-06-10
1577,TRUE,NA,NA,NA,NA,NA
1578,TRUE,NA,NA,NA,NA,NA
1579,TRUE,NA,2026-07-10,2026-07-10,NA,NA
1580,TRUE,NA,2026-07-09,2026-07-09,NA,NA
1581,TRUE,NA,2026-07-07,2026-07-07,NA,2026-07-10
1582,TRUE,NA,2026-06-18,2026-06-05,NA,2026-07-09
1583,TRUE,NA,NA,2026-06-10,NA,2026-07-07
1584,TRUE,NA,NA,NA,NA,NA
1585,TRUE,NA,NA,NA,NA,NA
1586,TRUE,NA,2026-07-10,2026-07-10,NA,NA
1587,TRUE,NA,2026-07-09,2026-07-09,NA,NA
1588,TRUE,NA,2026-07-07,2026-07-07,2026-06-12,2026-06-29
1589,TRUE,NA,2026-06-10,2026-06-10,2026-06-15,2026-06-26
1590,TRUE,NA,NA,NA,2026-06-05,2026-06-22
1591,TRUE,NA,NA,NA,2026-06-10,2026-06-18
1592,TRUE,NA,NA,NA,NA,2026-06-10
1593,TRUE,NA,2026-06-29,2026-06-29,NA,NA
1594,TRUE,NA,2026-06-26,2026-06-26,2026-07-10,NA
1595,TRUE,NA,2026-06-22,2026-06-22,2026-07-09,NA
1596,TRUE,NA,2026-06-18,2026-06-18,2026-07-07,NA
1597,TRUE,NA,2026-07-10,2026-06-10,NA,NA
1598,TRUE,NA,2026-07-10,2026-07-10,NA,NA
1599,TRUE,NA,NA,2026-07-09,NA,NA
1600,TRUE,NA,NA,2026-07-07,2026-07-10,NA
1601,TRUE,NA,2026-07-10,2026-07-10,2026-07-09,2026-07-10
1602,TRUE,NA,2026-07-09,2026-07-09,2026-07-07,2026-07-09
1603,TRUE,NA,2026-07-07,2026-07-07,2026-06-22,2026-07-07
1604,TRUE,NA,NA,2026-07-10,2026-06-18,NA
1605,TRUE,NA,2026-07-10,2026-07-09,2026-06-18,NA
1606,TRUE,NA,2026-07-09,2026-07-07,2026-06-10,NA
1607,TRUE,NA,2026-07-07,2026-06-29,NA,NA
1608,TRUE,NA,2026-06-29,2026-06-29,2026-06-12,2026-06-29
1609,TRUE,NA,2026-06-26,2026-06-26,2026-06-22,2026-06-26
1610,TRUE,NA,2026-06-22,2026-06-22,2026-06-18,2026-06-22
1611,TRUE,NA,2026-06-18,2026-06-29,2026-06-10,2026-06-18
1612,TRUE,NA,2026-07-10,2026-07-10,NA,2026-06-10
1613,TRUE,NA,2026-07-09,2026-07-09,NA,2026-05-21
1614,TRUE,NA,2026-07-10,2026-07-07,NA,NA
1615,TRUE,NA,2026-07-09,2026-06-10,NA,NA
1616,TRUE,NA,2026-07-07,2026-07-10,NA,NA
1617,TRUE,NA,NA,2026-07-09,NA,NA
1618,TRUE,NA,NA,2026-07-07,NA,NA
1619,TRUE,NA,NA,NA,NA,NA
1620,TRUE,NA,2026-06-12,2026-06-12,NA,NA
1621,TRUE,NA,2026-06-29,2026-06-15,NA,NA
1622,TRUE,NA,2026-06-26,2026-06-05,NA,NA
1623,TRUE,NA,2026-06-22,2026-06-29,NA,NA
1624,TRUE,NA,2026-06-18,2026-06-26,NA,NA
1625,TRUE,NA,2026-06-10,2026-06-22,NA,NA
1626,TRUE,NA,NA,2026-06-18,NA,NA
1627,TRUE,NA,NA,2026-06-10,2026-07-10,NA
1628,TRUE,NA,NA,NA,2026-07-09,NA
1629,TRUE,NA,NA,NA,2026-07-07,NA
1630,TRUE,NA,NA,2026-07-10,NA,NA
1631,TRUE,NA,2026-07-10,2026-07-10,NA,NA
1632,TRUE,NA,2026-07-09,2026-07-09,NA,NA
1633,TRUE,NA,2026-07-10,2026-07-10,NA,NA
1634,TRUE,NA,2026-07-09,2026-07-09,NA,NA
1635,TRUE,NA,2026-07-07,2026-07-07,NA,NA
1636,TRUE,NA,NA,NA,NA,NA
1637,TRUE,NA,NA,2026-06-29,NA,2026-07-10
1638,TRUE,NA,2026-06-29,2026-06-29,NA,2026-07-09
1639,TRUE,NA,2026-06-26,2026-06-26,NA,2026-07-07
1640,TRUE,NA,2026-06-29,2026-06-29,NA,2026-07-10
1641,TRUE,NA,2026-06-26,2026-06-26,NA,2026-07-09
1642,TRUE,NA,2026-06-22,2026-06-22,NA,2026-07-07
1643,TRUE,NA,2026-06-18,2026-06-18,NA,NA
1644,TRUE,NA,2026-06-10,2026-06-10,NA,2026-06-29
1645,TRUE,NA,2026-07-10,2026-07-10,NA,2026-06-26
1646,TRUE,NA,2026-07-10,2026-07-10,NA,NA
1647,TRUE,NA,2026-07-09,2026-07-09,NA,2026-06-29
1648,TRUE,NA,2026-07-07,2026-07-07,NA,2026-06-26
1649,TRUE,NA,NA,NA,NA,2026-06-22
1650,TRUE,NA,NA,2026-07-10,NA,2026-06-18
1651,TRUE,NA,NA,2026-07-09,NA,NA
1652,TRUE,NA,NA,2026-07-07,NA,NA
1653,TRUE,NA,2026-07-10,2026-07-10,NA,NA
1654,TRUE,NA,2026-07-09,2026-07-09,NA,NA
1655,TRUE,NA,2026-07-07,2026-07-07,NA,NA
1656,TRUE,NA,2026-06-18,2026-06-29,NA,NA
1657,TRUE,NA,2026-07-10,2026-07-10,NA,2026-06-12
1658,TRUE,NA,2026-07-10,2026-07-10,NA,2026-06-15
1659,TRUE,NA,2026-07-10,2026-07-09,NA,NA
1660,TRUE,NA,2026-07-09,2026-07-10,NA,2026-07-10
1661,TRUE,NA,2026-07-10,2026-07-10,NA,2026-07-09
1662,TRUE,NA,2026-07-10,2026-07-09,NA,2026-07-07
1663,TRUE,NA,2026-07-10,2026-07-07,NA,2026-07-10
1664,TRUE,NA,2026-07-07,2026-06-22,NA,2026-07-09
1665,TRUE,NA,2026-06-18,2026-06-18,NA,2026-07-07
1666,TRUE,NA,2026-06-29,2026-07-10,2026-05-28,NA
1667,TRUE,NA,2026-06-29,2026-07-09,2026-06-02,2026-07-10
1668,TRUE,NA,2026-07-10,2026-07-10,2026-06-04,2026-07-10
1669,TRUE,NA,2026-07-09,2026-07-09,NA,2026-07-09
1670,TRUE,NA,2026-07-07,2026-07-07,2026-05-27,2026-07-07
1671,TRUE,NA,2026-06-29,2026-06-26,2026-06-25,2026-06-22
1672,TRUE,NA,2026-06-26,2026-06-22,2026-06-22,2026-06-29
1673,TRUE,NA,2026-06-26,2026-06-18,2026-06-18,2026-07-10
1674,TRUE,NA,2026-06-22,2026-06-10,2026-06-10,2026-07-09
1675,TRUE,NA,2026-06-18,2026-07-10,NA,2026-07-07
1676,TRUE,NA,2026-06-10,2026-07-10,NA,2026-06-10
1677,TRUE,NA,2026-07-10,2026-07-09,NA,2026-06-29
1678,TRUE,NA,2026-07-09,2026-07-10,NA,2026-06-26
1679,TRUE,NA,2026-07-07,2026-07-09,NA,2026-06-22
1680,TRUE,NA,2026-07-10,2026-07-10,NA,2026-06-18
1681,TRUE,NA,2026-07-09,2026-07-09,NA,2026-07-08
1682,TRUE,NA,2026-07-07,2026-07-07,NA,2026-07-07
1683,TRUE,NA,2026-07-07,2026-07-07,NA,2026-06-26
1684,TRUE,NA,2026-06-10,2026-06-29,NA,2026-07-10
1685,TRUE,NA,NA,2026-06-29,NA,2026-07-09
1686,TRUE,NA,2026-06-29,2026-07-10,NA,2026-07-10
1687,TRUE,NA,2026-06-26,2026-07-09,NA,2026-07-09
1688,TRUE,NA,2026-06-22,2026-07-07,2026-07-10,2026-07-07
1689,TRUE,NA,2026-06-29,2026-06-29,2026-07-09,2026-06-29
1690,TRUE,NA,2026-06-29,2026-06-29,2026-07-07,2026-06-26
1691,TRUE,NA,2026-06-26,2026-06-26,NA,2026-07-10
1692,TRUE,NA,2026-07-10,2026-07-10,NA,2026-07-10
1693,TRUE,NA,2026-07-09,2026-07-09,NA,2026-07-09
1694,TRUE,NA,2026-07-10,2026-07-07,NA,2026-07-07
1695,TRUE,NA,2026-07-10,2026-07-10,NA,2026-06-29
1696,TRUE,NA,2026-07-09,2026-07-10,NA,2026-07-10
1697,TRUE,NA,2026-07-10,2026-07-10,2026-06-29,2026-07-09
1698,TRUE,NA,2026-07-09,2026-07-09,2026-06-26,2026-07-07
1699,TRUE,NA,2026-07-07,2026-07-07,2026-06-22,2026-06-10
1700,TRUE,NA,2026-06-26,2026-07-10,2026-06-18,2026-07-10
1701,TRUE,NA,2026-07-10,2026-07-09,2026-06-10,2026-07-09
1702,TRUE,NA,2026-07-09,2026-07-07,2026-05-27,2026-07-07
1703,TRUE,NA,2026-07-07,2026-06-22,2026-05-28,2026-06-22
1704,TRUE,NA,2026-06-29,2026-06-29,2026-06-02,2026-06-18
1705,TRUE,NA,2026-06-26,2026-06-29,2026-06-05,2026-06-29
1706,TRUE,NA,2026-06-29,2026-07-07,2026-06-08,2026-06-26
1707,TRUE,NA,2026-06-26,2026-07-10,NA,2026-07-10
1708,TRUE,NA,2026-07-10,2026-07-10,NA,2026-07-09
1709,TRUE,NA,2026-07-10,2026-07-09,NA,2026-07-07
1710,TRUE,NA,2026-07-10,2026-07-10,NA,2026-06-26
1711,TRUE,NA,2026-07-10,2026-07-10,NA,2026-06-22
1712,TRUE,NA,2026-07-09,2026-07-09,NA,2026-06-18
1713,TRUE,NA,2026-07-07,2026-07-07,NA,2026-06-10
1714,TRUE,NA,2026-07-10,2026-07-10,NA,NA
1715,TRUE,NA,2026-07-10,2026-07-10,NA,NA
1716,TRUE,NA,2026-07-09,2026-07-10,NA,2026-07-10
1717,TRUE,NA,2026-07-07,2026-07-09,NA,2026-07-09
1718,TRUE,NA,2026-07-07,2026-07-07,NA,NA
1719,TRUE,NA,2026-07-10,2026-07-07,NA,2026-07-07
1720,TRUE,NA,2026-07-09,2026-06-29,NA,NA
1721,TRUE,NA,2026-06-26,2026-06-29,NA,2026-07-10
1722,TRUE,NA,2026-07-10,NA,NA,2026-07-09
1723,TRUE,NA,2026-07-10,NA,NA,NA
1724,TRUE,NA,2026-07-09,2026-07-10,NA,2026-07-10
1725,TRUE,NA,2026-07-07,2026-07-09,NA,2026-07-10
1726,TRUE,NA,2026-07-07,2026-07-10,NA,2026-07-09
1727,TRUE,NA,2026-06-18,2026-07-09,NA,2026-07-07
1728,TRUE,NA,2026-06-10,2026-07-10,NA,2026-07-07
1729,TRUE,NA,2026-06-29,2026-07-09,NA,2026-06-18
1730,TRUE,NA,2026-06-26,2026-06-10,NA,2026-06-10
1731,TRUE,NA,2026-07-10,2026-07-10,NA,2026-06-29
1732,TRUE,NA,2026-07-10,2026-07-10,NA,2026-06-26
1733,TRUE,NA,2026-07-10,2026-07-10,NA,2026-06-22
1734,TRUE,NA,2026-07-09,2026-07-09,NA,2026-06-29
1735,TRUE,NA,2026-07-07,2026-07-07,NA,2026-06-29
1736,TRUE,NA,2026-07-07,2026-07-07,NA,2026-06-26
1737,TRUE,NA,2026-06-10,2026-06-26,NA,2026-06-22
1738,TRUE,NA,2026-05-27,2026-07-10,NA,2026-07-10
1739,TRUE,NA,2026-05-28,2026-07-09,NA,2026-07-09
1740,TRUE,NA,2026-07-10,2026-07-10,NA,NA
1741,TRUE,NA,2026-07-09,2026-07-09,NA,2026-07-10
1742,TRUE,NA,2026-06-15,2026-06-22,NA,2026-07-09
1743,TRUE,NA,2026-07-10,2026-07-10,NA,2026-07-10
1744,TRUE,NA,2026-07-10,2026-07-09,NA,2026-07-09
1745,TRUE,NA,2026-07-09,2026-06-29,NA,NA
1746,TRUE,NA,2026-07-07,2026-07-07,NA,2026-07-07
1747,TRUE,NA,2026-07-07,2026-06-22,NA,NA
1748,TRUE,NA,2026-06-18,2026-06-18,NA,NA
1749,TRUE,NA,2026-06-10,2026-06-10,NA,NA
1750,TRUE,NA,NA,2026-06-29,NA,2026-06-29
1751,TRUE,NA,2026-07-10,2026-07-10,NA,2026-06-26
1752,TRUE,NA,2026-07-09,2026-07-09,NA,2026-06-22
1753,TRUE,NA,2026-06-26,2026-07-10,NA,2026-06-29
1754,TRUE,NA,2026-07-10,2026-07-10,NA,2026-06-26
1755,TRUE,NA,2026-07-09,2026-07-09,NA,2026-06-29
1756,TRUE,NA,2026-06-29,2026-07-07,NA,2026-06-26
1757,TRUE,NA,2026-07-07,2026-07-07,NA,2026-06-22
1758,TRUE,NA,2026-06-22,2026-06-18,2026-07-10,2026-06-18
1759,TRUE,NA,2026-07-10,2026-07-10,2026-07-09,2026-06-10
1760,TRUE,NA,2026-07-10,2026-07-10,NA,2026-07-10
1761,TRUE,NA,2026-07-09,2026-07-09,2026-07-07,2026-07-09
1762,TRUE,NA,2026-07-07,2026-07-07,NA,NA
1763,TRUE,NA,2026-07-07,2026-07-07,NA,2026-07-10
1764,TRUE,NA,2026-06-26,2026-06-26,NA,2026-07-09
1765,TRUE,NA,2026-06-22,2026-06-29,NA,NA
1766,TRUE,NA,2026-06-29,2026-06-29,NA,2026-07-07
1767,TRUE,NA,2026-07-10,2026-06-26,NA,NA
1768,TRUE,NA,2026-07-10,2026-07-10,NA,NA
1769,TRUE,NA,2026-07-09,2026-07-10,NA,2026-07-10
1770,TRUE,NA,2026-07-10,2026-07-10,2026-06-29,2026-07-09
1771,TRUE,NA,2026-07-09,2026-07-09,2026-06-26,NA
1772,TRUE,NA,2026-06-29,2026-07-07,2026-06-22,2026-07-07
1773,TRUE,NA,2026-07-07,2026-07-07,2026-06-18,2026-06-26
1774,TRUE,NA,2026-06-22,2026-06-22,2026-06-10,2026-06-22
1775,TRUE,NA,2026-06-18,2026-06-18,NA,2026-06-29
1776,TRUE,NA,2026-06-10,2026-07-10,NA,2026-07-10
1777,TRUE,NA,NA,2026-07-09,NA,2026-07-09
1778,TRUE,NA,2026-07-10,NA,NA,NA
1779,TRUE,NA,2026-07-10,2026-07-10,NA,2026-07-07
1780,TRUE,NA,2026-07-09,2026-07-10,NA,2026-07-03
1781,TRUE,NA,2026-07-07,2026-07-09,NA,2026-06-29
1782,TRUE,NA,2026-07-07,2026-07-07,NA,2026-06-26
1783,TRUE,NA,2026-07-10,2026-07-07,NA,2026-06-22
1784,TRUE,NA,2026-07-09,2026-07-03,NA,2026-06-18
1785,TRUE,NA,2026-07-10,2026-06-18,NA,2026-06-10
1786,TRUE,NA,2026-07-09,NA,NA,NA
1787,TRUE,NA,2026-07-03,NA,NA,NA
1788,TRUE,NA,2026-07-10,2026-07-10,NA,NA
1789,TRUE,NA,2026-07-09,2026-07-10,NA,2026-06-29
1790,TRUE,NA,2026-06-22,2026-07-09,NA,2026-06-26
1791,TRUE,NA,2026-07-07,2026-07-07,2026-07-10,2026-07-10
1792,TRUE,NA,2026-07-03,2026-07-07,2026-07-10,2026-07-09
1793,TRUE,NA,NA,NA,2026-07-09,NA
1794,TRUE,NA,NA,NA,NA,NA
1795,TRUE,NA,2026-06-18,2026-07-10,2026-07-07,2026-07-10
1796,TRUE,NA,2026-06-29,2026-07-09,2026-07-07,2026-07-09
1797,TRUE,NA,2026-06-26,2026-06-10,2026-07-03,2026-06-10
1798,TRUE,NA,2026-07-10,2026-07-10,NA,NA
1799,TRUE,NA,2026-07-09,2026-07-09,NA,2026-07-10
1800,TRUE,NA,2026-06-26,2026-07-03,NA,2026-07-09
1801,TRUE,NA,2026-06-22,2026-07-10,NA,NA
1802,TRUE,NA,2026-07-07,2026-07-09,NA,NA
1803,TRUE,NA,2026-07-03,2026-07-07,NA,NA
1804,TRUE,NA,NA,2026-07-03,NA,NA
1805,TRUE,NA,NA,NA,NA,NA
1806,TRUE,NA,NA,2026-07-10,2026-06-29,2026-06-29
1807,TRUE,NA,NA,2026-07-09,2026-06-29,2026-06-26
1808,TRUE,NA,NA,NA,2026-06-26,2026-06-22
1809,TRUE,NA,NA,NA,2026-06-22,2026-06-18
1810,TRUE,NA,NA,2026-07-07,2026-06-18,2026-06-29
1811,TRUE,NA,NA,2026-07-10,2026-06-10,2026-06-26
1812,TRUE,NA,2026-07-07,2026-07-09,NA,2026-06-22
1813,TRUE,NA,2026-07-07,2026-07-07,NA,2026-06-18
1814,TRUE,NA,2026-07-03,2026-07-03,NA,2026-06-10
1815,TRUE,NA,2026-06-22,2026-07-07,NA,2026-06-12
1816,TRUE,NA,2026-06-18,2026-07-10,NA,2026-07-10
1817,TRUE,NA,2026-06-10,2026-07-09,NA,2026-07-09
1818,TRUE,NA,NA,2026-06-15,NA,2026-06-10
1819,TRUE,NA,2026-07-10,2026-07-10,NA,NA
1820,TRUE,NA,2026-07-09,2026-07-09,NA,2026-07-07
1821,TRUE,NA,2026-06-22,2026-07-03,NA,2026-07-03
1822,TRUE,NA,2026-06-18,2026-05-27,NA,NA
1823,TRUE,NA,2026-07-10,2026-07-10,NA,NA
1824,TRUE,NA,2026-07-10,2026-07-10,NA,NA
1825,TRUE,NA,2026-07-09,2026-07-09,2026-07-10,NA
1826,TRUE,NA,2026-06-22,2026-06-22,2026-07-09,NA
1827,TRUE,NA,2026-07-07,2026-07-07,2026-06-25,NA
1828,TRUE,NA,2026-07-07,2026-07-07,2026-06-22,NA
1829,TRUE,NA,2026-07-10,2026-07-10,2026-07-07,NA
1830,TRUE,NA,2026-07-09,2026-07-09,2026-07-03,NA
1831,TRUE,NA,2026-06-10,2026-06-29,NA,2026-07-10
1832,TRUE,NA,NA,2026-06-26,NA,2026-07-10
1833,TRUE,NA,2026-07-07,2026-07-07,NA,2026-07-10
1834,TRUE,NA,2026-07-03,2026-07-10,NA,2026-07-10
1835,TRUE,NA,2026-06-26,2026-07-09,NA,2026-07-09
1836,TRUE,NA,2026-07-10,2026-07-10,NA,2026-07-10
1837,TRUE,NA,2026-07-09,2026-07-09,NA,2026-07-09
1838,TRUE,NA,2026-06-29,2026-07-07,NA,2026-07-10
1839,TRUE,NA,2026-06-29,2026-07-10,NA,2026-07-10
1840,TRUE,NA,2026-07-07,2026-07-09,NA,2026-07-09
1841,TRUE,NA,2026-07-03,2026-07-03,NA,2026-07-03
1842,TRUE,NA,2026-06-22,2026-06-22,2026-07-10,2026-07-07
1843,TRUE,NA,2026-06-18,2026-07-07,2026-07-09,2026-07-07
1844,TRUE,NA,2026-06-29,2026-07-03,NA,2026-07-03
1845,TRUE,NA,2026-06-26,NA,NA,NA
1846,TRUE,NA,2026-06-25,2026-06-12,2026-07-07,2026-06-29
1847,TRUE,NA,2026-06-22,2026-06-15,2026-07-03,2026-06-26
1848,TRUE,NA,2026-06-18,2026-06-05,NA,2026-06-25
1849,TRUE,NA,NA,2026-07-10,2026-07-10,2026-06-22
1850,TRUE,NA,NA,2026-07-10,2026-07-09,2026-06-18
1851,TRUE,NA,2026-06-29,2026-07-09,NA,2026-06-29
1852,TRUE,NA,2026-07-10,2026-06-26,NA,2026-06-26
1853,TRUE,NA,2026-07-09,2026-07-07,2026-07-07,2026-06-29
1854,TRUE,NA,2026-06-22,2026-07-10,2026-07-03,2026-06-29
1855,TRUE,NA,2026-06-18,2026-07-09,NA,2026-06-26
1856,TRUE,NA,2026-07-10,2026-07-10,NA,2026-06-25
1857,TRUE,NA,2026-07-10,2026-07-10,2026-06-29,2026-06-22
1858,TRUE,NA,2026-07-09,2026-07-09,2026-06-26,2026-06-18
1859,TRUE,NA,NA,2026-07-03,2026-06-25,2026-06-10
1860,TRUE,NA,2026-07-07,2026-07-07,2026-06-22,NA
1861,TRUE,NA,2026-07-10,2026-07-10,2026-06-18,NA
1862,TRUE,NA,2026-07-09,2026-07-09,2026-06-10,NA
1863,TRUE,NA,NA,NA,2026-07-10,NA
1864,TRUE,NA,NA,2026-06-29,2026-07-09,NA
1865,TRUE,NA,2026-07-07,2026-07-07,2026-06-26,2026-07-10
1866,TRUE,NA,2026-07-03,2026-07-03,2026-07-02,2026-07-09
1867,TRUE,NA,2026-07-10,2026-07-10,2026-07-07,NA
1868,TRUE,NA,2026-07-09,2026-07-09,2026-07-08,NA
1869,TRUE,NA,2026-07-10,2026-06-29,2026-06-10,2026-07-07
1870,TRUE,NA,2026-07-09,2026-06-26,NA,2026-07-07
1871,TRUE,NA,2026-06-29,2026-06-29,2026-07-07,2026-07-03
1872,TRUE,NA,2026-06-29,2026-07-10,2026-07-03,NA
1873,TRUE,NA,2026-07-10,2026-07-10,NA,NA
1874,TRUE,NA,2026-07-09,2026-07-09,NA,NA
1875,TRUE,NA,2026-06-29,2026-06-25,NA,NA
1876,TRUE,NA,2026-06-29,2026-07-07,2026-06-29,NA
1877,TRUE,NA,2026-07-07,2026-07-07,NA,NA
1878,TRUE,NA,2026-07-10,2026-07-10,2026-06-29,NA
1879,TRUE,NA,2026-07-09,2026-07-09,2026-06-25,NA
1880,TRUE,NA,2026-07-10,2026-07-10,2026-06-26,2026-07-10
1881,TRUE,NA,2026-07-09,2026-07-10,2026-06-25,2026-07-09
1882,TRUE,NA,2026-07-07,2026-07-09,2026-06-29,2026-06-26
1883,TRUE,NA,2026-07-03,2026-07-03,2026-06-18,2026-07-10
1884,TRUE,NA,2026-07-07,2026-07-07,2026-06-26,2026-07-09
1885,TRUE,NA,2026-07-03,2026-07-07,2026-06-25,2026-07-03
1886,TRUE,NA,2026-06-26,2026-07-03,2026-06-22,2026-06-18
1887,TRUE,NA,2026-07-10,2026-07-10,2026-06-18,2026-07-07
1888,TRUE,NA,2026-07-09,2026-07-09,2026-06-05,2026-07-03
1889,TRUE,NA,2026-07-10,2026-07-10,2026-06-10,NA
1890,TRUE,NA,2026-07-09,2026-07-09,NA,NA
1891,TRUE,NA,2026-07-10,2026-07-07,NA,NA
1892,TRUE,NA,2026-07-09,2026-07-03,NA,2026-05-27
1893,TRUE,NA,2026-07-07,2026-07-10,NA,2026-06-15
1894,TRUE,NA,2026-07-03,2026-07-10,NA,2026-06-16
1895,TRUE,NA,2026-07-10,2026-07-10,NA,2026-06-29
1896,TRUE,NA,2026-07-10,2026-07-10,NA,2026-06-10
1897,TRUE,NA,2026-07-09,2026-07-09,NA,2026-06-26
1898,TRUE,NA,2026-07-10,2026-07-07,NA,2026-06-29
1899,TRUE,NA,2026-07-09,2026-07-07,NA,2026-06-22
1900,TRUE,NA,2026-07-03,2026-07-03,2026-07-07,2026-06-26
1901,TRUE,NA,2026-06-05,2026-06-18,2026-07-03,2026-07-10
1902,TRUE,NA,2026-07-07,2026-06-29,NA,2026-07-09
1903,TRUE,NA,2026-07-03,2026-07-10,NA,2026-06-18
1904,TRUE,NA,2026-06-29,2026-07-09,NA,2026-06-05
1905,TRUE,NA,2026-06-25,2026-06-25,NA,2026-07-07
1906,TRUE,NA,2026-06-29,2026-07-10,NA,2026-07-03
1907,TRUE,NA,2026-06-25,2026-07-10,NA,NA
1908,TRUE,NA,2026-07-10,2026-07-10,NA,2026-06-10
1909,TRUE,NA,2026-07-09,2026-07-09,NA,NA
1910,TRUE,NA,2026-06-29,2026-07-07,NA,NA
1911,TRUE,NA,2026-06-18,2026-07-07,2026-06-29,NA
1912,TRUE,NA,2026-07-07,2026-07-07,NA,NA
1913,TRUE,NA,2026-07-03,2026-07-10,2026-06-26,NA
1914,TRUE,NA,2026-06-22,2026-07-09,2026-06-25,NA
1915,TRUE,NA,2026-06-26,2026-06-18,2026-07-10,NA
1916,TRUE,NA,2026-06-25,2026-07-10,2026-07-09,2026-06-29
1917,TRUE,NA,2026-06-22,2026-07-09,NA,NA
1918,TRUE,NA,2026-07-10,2026-07-10,NA,2026-06-26
1919,TRUE,NA,2026-07-09,2026-07-09,2026-07-07,2026-06-25
1920,TRUE,NA,2026-06-10,2026-07-07,2026-07-03,2026-06-22
1921,TRUE,NA,NA,2026-07-03,NA,2026-06-18
1922,TRUE,NA,2026-07-07,2026-07-07,NA,2026-06-05
1923,TRUE,NA,2026-07-03,2026-07-03,NA,2026-06-10
1924,TRUE,NA,2026-07-10,2026-07-10,NA,NA
1925,TRUE,NA,2026-07-09,2026-07-09,NA,NA
1926,TRUE,NA,2026-07-10,2026-07-10,NA,NA
1927,TRUE,NA,2026-07-09,2026-07-09,NA,NA
1928,TRUE,NA,2026-07-07,2026-07-07,NA,2026-07-10
1929,TRUE,NA,2026-07-10,2026-07-10,2026-07-10,2026-07-09
1930,TRUE,NA,2026-07-09,2026-07-09,2026-07-09,NA
1931,TRUE,NA,2026-07-03,2026-07-03,NA,NA
1932,TRUE,NA,2026-06-22,NA,2026-06-26,2026-07-07
1933,TRUE,NA,2026-07-07,2026-07-10,2026-07-07,2026-07-03
1934,TRUE,NA,2026-07-03,2026-07-09,2026-07-03,2026-06-29
1935,TRUE,NA,NA,NA,NA,NA
1936,TRUE,NA,NA,2026-07-10,NA,NA
1937,TRUE,NA,2026-06-22,2026-07-10,2026-06-25,2026-06-25
1938,TRUE,NA,NA,NA,NA,NA
1939,TRUE,NA,NA,NA,NA,NA
1940,TRUE,NA,NA,2026-07-10,NA,NA
1941,TRUE,NA,2026-06-26,2026-07-09,2026-06-10,2026-06-10
1942,TRUE,NA,NA,NA,NA,NA
1943,TRUE,NA,2026-07-10,2026-07-10,NA,NA
1944,TRUE,NA,2026-06-29,2026-07-09,2026-06-29,NA
1945,TRUE,NA,2026-06-05,2026-07-03,NA,2026-06-26
1946,TRUE,NA,2026-06-26,2026-06-26,2026-07-10,2026-06-25
1947,TRUE,NA,2026-06-25,2026-07-07,2026-07-09,2026-06-22
1948,TRUE,NA,2026-06-22,2026-07-03,NA,2026-06-18
1949,TRUE,NA,2026-06-18,2026-06-18,NA,2026-06-05
1950,TRUE,NA,NA,NA,2026-07-07,2026-07-10
1951,TRUE,NA,2026-06-10,2026-06-29,2026-07-03,2026-07-09
1952,TRUE,NA,NA,2026-06-29,NA,NA
1953,TRUE,NA,NA,2026-07-10,NA,2026-07-10
1954,TRUE,NA,NA,2026-07-10,NA,2026-07-10
1955,TRUE,NA,NA,2026-07-10,NA,2026-07-10
1956,TRUE,NA,NA,2026-07-09,NA,2026-07-09
1957,TRUE,NA,NA,2026-07-07,NA,2026-07-07
1958,TRUE,NA,NA,2026-07-07,NA,2026-07-07
1959,TRUE,NA,NA,2026-07-07,NA,2026-07-07
1960,TRUE,NA,NA,2026-07-03,NA,2026-07-10
1961,TRUE,NA,NA,2026-06-25,2026-06-29,2026-07-09
1962,TRUE,NA,NA,2026-06-22,NA,NA
1963,TRUE,NA,NA,2026-06-18,2026-06-26,2026-07-10
1964,TRUE,NA,NA,NA,2026-06-25,2026-07-10
1965,TRUE,NA,NA,2026-06-11,2026-06-22,2026-07-09
1966,TRUE,NA,NA,NA,2026-06-18,NA
1967,TRUE,NA,NA,NA,2026-07-10,2026-06-26
1968,TRUE,NA,NA,2026-06-29,2026-07-10,2026-07-07
1969,TRUE,NA,NA,2026-07-10,2026-07-09,2026-07-07
1970,TRUE,NA,NA,NA,NA,NA
1971,TRUE,NA,NA,NA,NA,NA
1972,TRUE,NA,NA,NA,NA,2026-07-10
1973,TRUE,NA,NA,2026-06-25,2026-07-07,2026-07-10
1974,TRUE,NA,NA,2026-07-07,2026-07-03,2026-07-09
1975,TRUE,NA,NA,NA,NA,2026-07-10
1976,TRUE,NA,2026-07-10,NA,NA,2026-07-09
1977,TRUE,NA,2026-07-09,2026-07-10,NA,2026-07-07
1978,TRUE,NA,NA,2026-07-09,NA,2026-07-07
1979,TRUE,NA,NA,NA,NA,2026-07-03
1980,TRUE,NA,NA,NA,NA,2026-07-07
1981,TRUE,NA,2026-07-10,2026-07-10,NA,2026-07-03
1982,TRUE,NA,2026-07-09,2026-07-09,2026-07-10,2026-06-26
1983,TRUE,NA,2026-07-10,2026-07-03,2026-07-09,2026-06-29
1984,TRUE,NA,2026-07-09,NA,2026-06-29,2026-06-22
1985,TRUE,NA,NA,2026-07-10,2026-05-27,2026-06-29
1986,TRUE,NA,2026-07-07,2026-07-09,NA,NA
1987,TRUE,NA,NA,2026-07-03,2026-07-10,2026-07-10
1988,TRUE,NA,2026-07-07,2026-07-10,2026-07-09,2026-07-09
1989,TRUE,NA,2026-07-03,2026-07-09,2026-07-10,2026-06-29
1990,TRUE,NA,NA,2026-07-07,2026-07-09,2026-06-26
1991,TRUE,NA,2026-07-10,2026-07-10,NA,2026-06-29
1992,TRUE,NA,2026-07-09,2026-07-09,2026-07-07,2026-07-07
1993,TRUE,NA,NA,2026-07-07,NA,2026-06-26
1994,TRUE,NA,2026-06-26,NA,2026-07-07,2026-07-03
1995,TRUE,NA,2026-06-25,2026-07-03,NA,2026-06-22
1996,TRUE,NA,2026-07-07,2026-07-07,2026-07-03,2026-06-18
1997,TRUE,NA,2026-06-18,2026-06-29,NA,2026-06-09
1998,TRUE,NA,2026-07-10,2026-07-03,2026-06-29,2026-06-10
1999,TRUE,NA,2026-07-09,2026-07-10,NA,NA
2000,TRUE,NA,NA,2026-07-09,2026-06-26,NA
2001,TRUE,NA,2026-06-26,2026-06-29,2026-06-25,NA
2002,TRUE,NA,2026-06-25,2026-06-29,2026-06-22,NA
2003,TRUE,NA,2026-07-07,2026-06-26,NA,NA
2004,TRUE,NA,2026-06-18,2026-07-07,2026-06-29,2026-06-29
2005,TRUE,NA,2026-07-03,2026-06-29,NA,NA
2006,TRUE,NA,2026-06-10,2026-07-03,2026-06-29,2026-06-26
2007,TRUE,NA,NA,2026-06-26,2026-06-25,2026-06-25
2008,TRUE,NA,2026-06-29,2026-07-10,2026-06-26,2026-06-22
2009,TRUE,NA,NA,2026-07-10,2026-06-25,2026-07-10
2010,TRUE,NA,2026-07-10,2026-07-09,2026-06-22,2026-06-09
2011,TRUE,NA,2026-06-25,2026-07-09,2026-06-18,2026-07-09
2012,TRUE,NA,2026-07-09,2026-06-22,2026-06-09,NA
2013,TRUE,NA,2026-06-18,2026-06-18,2026-06-10,NA
2014,TRUE,NA,2026-07-10,2026-07-10,NA,NA
2015,TRUE,NA,2026-06-29,2026-07-10,NA,2026-07-07
2016,TRUE,NA,2026-07-09,2026-07-09,NA,NA
2017,TRUE,NA,2026-06-26,2026-07-09,NA,2026-07-03
2018,TRUE,NA,2026-07-10,2026-06-26,NA,NA
2019,TRUE,NA,2026-06-22,2026-06-25,NA,NA
2020,TRUE,NA,2026-07-09,2026-07-10,NA,NA
2021,TRUE,NA,2026-06-09,2026-07-07,2026-07-10,NA
2022,TRUE,NA,2026-07-03,2026-07-10,NA,NA
2023,TRUE,NA,NA,2026-07-10,2026-07-09,NA
2024,TRUE,NA,2026-07-07,2026-07-09,2026-07-10,NA
2025,TRUE,NA,2026-07-10,2026-07-10,NA,NA
2026,TRUE,NA,NA,2026-07-07,2026-07-09,2026-07-10
2027,TRUE,NA,2026-07-09,2026-07-09,2026-07-07,2026-06-29
2028,TRUE,NA,2026-06-29,2026-07-07,NA,2026-07-09
2029,TRUE,NA,2026-05-27,2026-07-07,2026-07-03,2026-07-10
2030,TRUE,NA,2026-06-26,2026-07-03,2026-07-07,2026-06-25
2031,TRUE,NA,2026-07-07,2026-07-07,NA,2026-07-10
2032,TRUE,NA,2026-06-29,2026-06-29,2026-07-03,2026-07-07
2033,TRUE,NA,2026-07-03,2026-06-10,NA,2026-07-09
2034,TRUE,NA,2026-06-26,2026-06-26,2026-05-25,2026-07-03
2035,TRUE,NA,2026-06-25,2026-06-25,NA,2026-07-07
2036,TRUE,NA,2026-07-10,2026-06-22,NA,2026-06-09
2037,TRUE,NA,2026-06-18,2026-06-18,NA,2026-07-07
2038,TRUE,NA,2026-07-09,2026-07-10,NA,NA
2039,TRUE,NA,2026-07-10,2026-07-10,2026-06-29,2026-07-10
2040,TRUE,NA,2026-07-10,2026-07-10,NA,NA
2041,TRUE,NA,2026-07-10,2026-07-09,2026-06-26,2026-07-09
2042,TRUE,NA,2026-07-09,2026-07-10,2026-06-29,2026-05-28
2043,TRUE,NA,2026-07-09,2026-06-26,2026-06-22,2026-06-05
2044,TRUE,NA,2026-07-10,2026-07-09,2026-06-26,2026-06-29
2045,TRUE,NA,2026-07-07,2026-07-07,2026-06-25,2026-07-07
2046,TRUE,NA,2026-07-09,2026-07-10,2026-06-22,2026-06-26
2047,TRUE,NA,2026-07-07,2026-07-03,2026-06-18,2026-07-03
2048,TRUE,NA,2026-07-03,2026-07-09,2026-06-09,2026-06-22
2049,TRUE,NA,2026-07-03,2026-05-25,2026-06-10,2026-06-29
2050,TRUE,NA,2026-07-07,2026-07-03,NA,2026-06-25
2051,TRUE,NA,NA,NA,NA,2026-06-26
2052,TRUE,NA,2026-07-03,2026-07-07,NA,2026-06-25
2053,TRUE,NA,NA,NA,NA,2026-06-22
2054,TRUE,NA,2026-06-29,2026-07-03,NA,2026-07-10
2055,TRUE,NA,NA,NA,NA,2026-06-09
2056,TRUE,NA,2026-06-26,2026-06-29,NA,2026-07-09
2057,TRUE,NA,2026-06-29,2026-07-10,NA,2026-06-29
2058,TRUE,NA,2026-06-29,2026-07-10,NA,2026-06-28
2059,TRUE,NA,2026-06-29,2026-07-09,NA,2026-06-26
2060,TRUE,NA,2026-06-26,2026-07-09,NA,2026-07-07
2061,TRUE,NA,2026-06-26,2026-06-25,NA,2026-06-25
2062,TRUE,NA,2026-07-10,2026-07-10,NA,2026-07-10
2063,TRUE,NA,2026-06-22,2026-07-10,NA,2026-06-18
2064,TRUE,NA,2026-07-09,2026-07-09,NA,2026-07-09
2065,TRUE,NA,2026-06-25,2026-07-09,NA,2026-06-10
2066,TRUE,NA,2026-06-22,2026-07-03,NA,NA
2067,TRUE,NA,2026-06-18,2026-06-25,NA,NA
2068,TRUE,NA,2026-07-07,2026-07-07,2026-06-15,2026-07-07
2069,TRUE,NA,2026-06-10,2026-07-07,2026-06-18,NA
2070,TRUE,NA,2026-07-03,2026-07-10,2026-06-09,2026-07-10
2071,TRUE,NA,NA,2026-07-10,2026-06-10,NA
2072,TRUE,NA,NA,2026-07-09,NA,2026-07-09
2073,TRUE,NA,NA,2026-07-09,NA,NA
2074,TRUE,NA,NA,2026-07-10,NA,2026-06-26
2075,TRUE,NA,2026-06-29,2026-06-29,NA,2026-06-25
2076,TRUE,NA,NA,2026-07-09,NA,2026-07-07
2077,TRUE,NA,NA,2026-07-07,NA,2026-06-18
2078,TRUE,NA,NA,2026-07-03,NA,2026-07-03
2079,TRUE,NA,NA,2026-07-03,NA,2026-06-10
2080,TRUE,NA,2026-07-10,2026-07-10,NA,2026-07-10
2081,TRUE,NA,NA,2026-06-29,NA,2026-07-10
2082,TRUE,NA,2026-07-09,2026-07-10,NA,2026-07-09
2083,TRUE,NA,2026-06-25,2026-06-26,NA,2026-07-09
2084,TRUE,NA,2026-07-10,2026-07-10,NA,2026-07-10
2085,TRUE,NA,2026-06-18,2026-06-22,NA,2026-06-18
2086,TRUE,NA,2026-07-09,2026-07-09,NA,2026-07-09
2087,TRUE,NA,2026-06-10,2026-06-10,NA,2026-07-07
2088,TRUE,NA,2026-07-10,2026-07-10,NA,2026-07-03
2089,TRUE,NA,NA,2026-07-10,NA,2026-07-03
2090,TRUE,NA,2026-07-09,2026-07-10,NA,2026-07-10
2091,TRUE,NA,2026-07-10,2026-07-10,NA,2026-06-25
2092,TRUE,NA,2026-07-03,2026-07-09,NA,2026-07-09
2093,TRUE,NA,2026-07-09,2026-07-09,NA,2026-06-18
2094,TRUE,NA,2026-07-07,2026-07-07,NA,2026-06-09
2095,TRUE,NA,2026-06-25,2026-07-07,NA,2026-06-10
2096,TRUE,NA,2026-07-03,2026-07-07,NA,2026-07-07
2097,TRUE,NA,2026-07-07,2026-07-07,NA,NA
2098,TRUE,NA,2026-06-29,2026-07-03,NA,2026-07-03
2099,TRUE,NA,2026-07-03,2026-07-03,NA,2026-06-29
2100,TRUE,NA,2026-06-26,2026-06-29,NA,2026-06-26
2101,TRUE,NA,2026-07-10,2026-07-10,NA,2026-06-26
2102,TRUE,NA,2026-06-29,2026-06-29,NA,2026-06-29
2103,TRUE,NA,2026-07-09,2026-07-09,NA,2026-06-22
2104,TRUE,NA,2026-06-26,2026-06-26,NA,2026-06-26
2105,TRUE,NA,2026-06-25,2026-06-25,NA,2026-06-25
2106,TRUE,NA,2026-06-29,2026-06-29,2026-07-10,2026-06-22
2107,TRUE,NA,2026-07-10,2026-07-10,NA,2026-06-18
2108,TRUE,NA,2026-06-26,2026-06-29,2026-07-09,2026-06-29
2109,TRUE,NA,2026-07-10,2026-07-10,NA,2026-06-10
2110,TRUE,NA,2026-06-22,2026-06-26,NA,2026-07-10
2111,TRUE,NA,2026-07-09,2026-07-09,NA,2026-06-25
2112,TRUE,NA,2026-06-25,2026-06-25,2026-07-07,2026-07-09
2113,TRUE,NA,2026-07-07,2026-07-07,2026-06-22,2026-06-18
2114,TRUE,NA,NA,2026-06-18,2026-07-03,2026-06-09
2115,TRUE,NA,2026-07-07,2026-07-07,2026-06-09,2026-06-10
2116,TRUE,NA,NA,2026-06-10,2026-06-10,2026-07-07
2117,TRUE,NA,2026-07-03,2026-07-03,NA,NA
2118,TRUE,NA,NA,2026-07-10,NA,2026-07-03
2119,TRUE,NA,2026-06-29,2026-07-10,NA,NA
2120,TRUE,NA,2026-07-10,2026-07-10,NA,NA
2121,TRUE,NA,2026-06-26,2026-07-09,NA,NA
2122,TRUE,NA,2026-07-09,2026-07-09,NA,NA
2123,TRUE,NA,2026-06-22,2026-07-10,NA,2026-07-10
2124,TRUE,NA,2026-06-18,2026-07-07,2026-06-29,2026-07-10
2125,TRUE,NA,2026-06-29,2026-07-09,NA,2026-07-09
2126,TRUE,NA,2026-07-10,2026-07-07,2026-06-26,2026-07-09
2127,TRUE,NA,2026-06-29,2026-07-10,2026-06-25,NA
2128,TRUE,NA,2026-07-09,2026-07-03,2026-06-22,2026-06-29
2129,TRUE,NA,2026-06-26,2026-07-09,2026-06-18,2026-07-10
2130,TRUE,NA,2026-06-25,2026-06-25,2026-06-09,2026-07-07
2131,TRUE,NA,2026-06-22,2026-07-03,2026-06-10,2026-07-09
2132,TRUE,NA,2026-07-10,2026-07-10,NA,2026-07-03
2133,TRUE,NA,2026-06-09,2026-07-07,NA,2026-06-18
2134,TRUE,NA,2026-07-10,2026-07-10,NA,2026-07-10
2135,TRUE,NA,NA,2026-07-03,NA,2026-07-07
2136,TRUE,NA,2026-07-09,2026-07-09,NA,2026-07-09
2137,TRUE,NA,NA,2026-06-29,NA,2026-07-10
2138,TRUE,NA,2026-07-07,2026-07-07,NA,NA
2139,TRUE,NA,2026-06-25,2026-06-26,NA,2026-07-10
2140,TRUE,NA,2026-07-07,2026-07-07,2026-07-10,2026-07-07
2141,TRUE,NA,2026-06-25,2026-07-10,NA,2026-07-09
2142,TRUE,NA,2026-07-03,2026-07-03,2026-07-09,2026-07-03
2143,TRUE,NA,2026-06-18,2026-07-09,NA,2026-07-07
2144,TRUE,NA,2026-06-29,2026-06-25,NA,2026-06-26
2145,TRUE,NA,2026-06-10,2026-06-29,NA,2026-07-07
2146,TRUE,NA,2026-06-26,2026-06-18,2026-07-07,2026-07-10
2147,TRUE,NA,2026-06-25,2026-07-07,NA,2026-07-03
2148,TRUE,NA,2026-06-22,2026-06-25,2026-07-03,2026-07-09
2149,TRUE,NA,2026-07-10,2026-07-10,NA,2026-06-26
2150,TRUE,NA,2026-06-09,2026-06-18,NA,2026-06-25
2151,TRUE,NA,2026-07-09,2026-07-09,NA,2026-06-22
2152,TRUE,NA,2026-06-29,2026-07-10,NA,2026-07-07
2153,TRUE,NA,2026-06-15,2026-06-15,2026-07-10,2026-06-09
2154,TRUE,NA,2026-06-26,2026-07-10,NA,2026-07-03
2155,TRUE,NA,2026-07-07,2026-07-07,2026-07-09,2026-06-29
2156,TRUE,NA,2026-06-22,2026-07-09,NA,2026-06-22
2157,TRUE,NA,2026-07-03,2026-07-10,NA,2026-07-10
2158,TRUE,NA,2026-06-09,2026-07-10,2026-06-29,2026-06-25
2159,TRUE,NA,2026-06-10,2026-07-09,2026-07-07,2026-07-09
2160,TRUE,NA,NA,2026-07-09,2026-06-26,2026-06-25
2161,TRUE,NA,NA,2026-06-26,2026-07-03,2026-06-22
2162,TRUE,NA,NA,2026-07-03,2026-06-22,2026-06-18
2163,TRUE,NA,2026-07-10,2026-07-10,2026-06-18,2026-07-07
2164,TRUE,NA,NA,2026-07-07,2026-06-09,2026-06-29
2165,TRUE,NA,2026-07-09,2026-07-09,2026-06-10,2026-07-03
2166,TRUE,NA,NA,2026-07-03,NA,2026-06-26
2167,TRUE,NA,2026-06-29,2026-06-29,NA,2026-06-25
2168,TRUE,NA,NA,2026-05-16,NA,2026-06-22
2169,TRUE,NA,2026-07-07,2026-07-07,NA,2026-06-18
2170,TRUE,NA,2026-06-25,2026-06-29,NA,2026-06-09
2171,TRUE,NA,2026-07-03,2026-07-03,2026-06-29,2026-06-10
2172,TRUE,NA,2026-06-18,2026-06-29,NA,NA
2173,TRUE,NA,2026-06-09,2026-06-25,2026-06-26,NA
2174,TRUE,NA,2026-06-10,2026-06-26,2026-06-25,NA
2175,TRUE,NA,NA,2026-06-29,2026-07-03,2026-07-10
2176,TRUE,NA,NA,2026-06-29,2026-06-18,NA
2177,TRUE,NA,NA,2026-06-26,2026-06-09,2026-07-09
2178,TRUE,NA,NA,2026-06-26,2026-06-10,2026-06-25
2179,TRUE,NA,NA,2026-06-25,NA,2026-06-22
2180,TRUE,NA,NA,2026-06-22,NA,2026-06-18
2181,TRUE,NA,2026-06-29,2026-06-29,NA,2026-07-10
2182,TRUE,NA,NA,2026-06-10,NA,2026-06-10
2183,TRUE,NA,2026-06-26,2026-06-26,NA,2026-07-10
2184,TRUE,NA,2026-06-25,2026-06-25,NA,NA
2185,TRUE,NA,2026-07-10,2026-07-10,2026-06-29,2026-07-09
2186,TRUE,NA,2026-06-18,2026-06-18,NA,2026-07-10
2187,TRUE,NA,2026-07-09,2026-07-09,2026-06-26,2026-07-07
2188,TRUE,NA,NA,NA,2026-06-25,2026-07-09
2189,TRUE,NA,2026-07-10,2026-07-10,2026-06-22,2026-07-10
2190,TRUE,NA,NA,NA,2026-06-18,NA
2191,TRUE,NA,2026-07-09,2026-07-09,NA,2026-07-09
2192,TRUE,NA,2026-07-10,2026-07-10,2026-06-10,2026-07-07
2193,TRUE,NA,2026-07-03,2026-07-03,NA,2026-06-29
2194,TRUE,NA,2026-07-09,2026-07-09,NA,2026-07-03
2195,TRUE,NA,2026-07-10,2026-07-10,2026-07-10,2026-07-10
2196,TRUE,NA,2026-07-10,2026-07-10,NA,2026-06-25
2197,TRUE,NA,2026-07-09,2026-07-09,2026-07-09,2026-07-09
2198,TRUE,NA,2026-07-09,2026-07-09,NA,2026-06-18
2199,TRUE,NA,NA,NA,NA,2026-06-29
2200,TRUE,NA,2026-07-03,2026-07-05,NA,2026-06-10
2201,TRUE,NA,2026-07-07,2026-07-10,2026-07-07,2026-07-07
2202,TRUE,NA,2026-07-10,2026-07-10,NA,2026-07-10
2203,TRUE,NA,2026-07-10,2026-07-10,2026-07-03,2026-07-03
2204,TRUE,NA,2026-07-09,2026-07-09,NA,2026-07-09
2205,TRUE,NA,2026-07-09,2026-07-09,NA,2026-06-22
2206,TRUE,NA,2026-06-25,2026-06-25,NA,2026-06-26
2207,TRUE,NA,2026-06-29,2026-07-07,NA,2026-06-29
2208,TRUE,NA,2026-07-07,2026-07-07,NA,2026-07-07
2209,TRUE,NA,2026-07-10,2026-07-10,NA,2026-06-26
2210,TRUE,NA,2026-07-03,2026-07-10,NA,2026-07-03
2211,TRUE,NA,2026-07-09,2026-07-09,NA,2026-06-22
2212,TRUE,NA,2026-06-26,2026-07-09,NA,2026-06-18
2213,TRUE,NA,2026-06-29,2026-06-29,2026-06-29,2026-06-29
2214,TRUE,NA,2026-06-29,2026-06-29,NA,2026-06-28
2215,TRUE,NA,2026-07-10,2026-07-10,2026-06-26,2026-06-26
2216,TRUE,NA,2026-06-26,2026-07-10,2026-06-25,2026-06-26
2217,TRUE,NA,2026-07-09,2026-07-10,2026-06-22,2026-06-25
2218,TRUE,NA,2026-07-10,2026-07-09,2026-06-18,2026-06-22
2219,TRUE,NA,2026-06-18,2026-07-09,2026-06-09,2026-06-18
2220,TRUE,NA,2026-07-10,2026-07-10,2026-06-10,2026-06-29
2221,TRUE,NA,2026-07-10,2026-07-10,NA,2026-06-10
2222,TRUE,NA,2026-07-09,2026-07-09,NA,2026-06-26
2223,TRUE,NA,2026-07-10,2026-07-09,NA,2026-06-25
2224,TRUE,NA,2026-07-07,2026-07-03,NA,2026-06-22
2225,TRUE,NA,2026-07-09,2026-07-03,NA,2026-06-18
2226,TRUE,NA,2026-07-07,2026-07-10,NA,2026-06-17
2227,TRUE,NA,2026-07-07,2026-07-07,NA,2026-07-01
2228,TRUE,NA,2026-07-10,2026-07-10,NA,2026-07-10
2229,TRUE,NA,2026-07-07,2026-07-03,NA,NA
2230,TRUE,NA,2026-07-09,2026-07-09,NA,2026-07-09
2231,TRUE,NA,2026-07-10,2026-07-10,NA,2026-07-10
2232,TRUE,NA,2026-06-18,2026-06-22,NA,NA
2233,TRUE,NA,2026-07-09,2026-07-09,NA,2026-07-09
2234,TRUE,NA,2026-07-07,2026-07-07,NA,2026-07-07
2235,TRUE,NA,2026-06-26,2026-07-10,NA,NA
2236,TRUE,NA,2026-07-03,2026-07-03,NA,2026-07-03
2237,TRUE,NA,2026-07-07,2026-07-10,NA,2026-06-29
2238,TRUE,NA,2026-06-26,2026-07-10,2026-05-27,NA
2239,TRUE,NA,2026-07-10,2026-07-10,2026-06-15,2026-06-26
2240,TRUE,NA,2026-06-22,2026-07-09,2026-06-16,2026-06-25
2241,TRUE,NA,2026-07-09,2026-07-09,2026-06-09,2026-06-22
2242,TRUE,NA,2026-06-25,2026-07-10,2026-06-10,2026-06-18
2243,TRUE,NA,2026-06-26,2026-07-07,NA,2026-06-17
2244,TRUE,NA,2026-06-25,2026-07-09,NA,2026-06-09
2245,TRUE,NA,2026-07-07,2026-07-07,NA,2026-06-10
2246,TRUE,NA,2026-07-09,2026-07-09,NA,2026-06-29
2247,TRUE,NA,2026-07-03,2026-07-03,NA,NA
2248,TRUE,NA,2026-07-10,2026-07-10,NA,2026-06-26
2249,TRUE,NA,2026-06-29,2026-06-29,2026-07-10,2026-06-25
2250,TRUE,NA,2026-07-09,2026-07-09,NA,2026-06-22
2251,TRUE,NA,2026-06-26,2026-06-26,2026-07-09,2026-06-18
2252,TRUE,NA,2026-07-10,2026-07-10,NA,2026-06-17
2253,TRUE,NA,2026-06-22,2026-07-10,NA,2026-06-22
2254,TRUE,NA,2026-07-09,2026-07-09,NA,2026-06-18
2255,TRUE,NA,2026-07-10,2026-07-10,2026-07-07,2026-06-17
2256,TRUE,NA,2026-07-03,2026-07-03,NA,2026-06-09
2257,TRUE,NA,2026-07-09,2026-07-09,2026-07-03,2026-06-10
2258,TRUE,NA,2026-07-07,2026-07-07,NA,NA
2259,TRUE,NA,2026-06-26,2026-07-07,NA,NA
2260,TRUE,NA,2026-07-10,2026-07-10,NA,NA
2261,TRUE,NA,2026-07-07,2026-07-07,NA,NA
2262,TRUE,NA,2026-07-09,2026-07-09,NA,NA
2263,TRUE,NA,2026-07-03,2026-07-03,NA,NA
2264,TRUE,NA,2026-06-09,2026-07-10,NA,NA
2265,TRUE,NA,2026-06-10,2026-06-18,NA,NA
2266,TRUE,NA,2026-07-07,2026-07-09,NA,NA
2267,TRUE,NA,2026-05-27,2026-07-10,2026-06-29,NA
2268,TRUE,NA,2026-07-03,2026-07-03,NA,NA
2269,TRUE,NA,2026-06-17,2026-07-09,2026-07-10,NA
2270,TRUE,NA,2026-06-29,2026-07-07,2026-06-25,NA
2271,TRUE,NA,2026-06-10,2026-06-29,2026-07-09,NA
2272,TRUE,NA,2026-06-26,2026-07-03,2026-06-18,NA
2273,TRUE,NA,NA,NA,NA,NA
2274,TRUE,NA,2026-06-22,2026-06-25,NA,NA
2275,TRUE,NA,NA,2026-07-10,NA,NA
2276,TRUE,NA,2026-07-01,2026-06-25,NA,NA
2277,TRUE,NA,2026-07-10,2026-07-10,2026-07-03,NA
2278,TRUE,NA,2026-06-29,2026-06-29,NA,NA
2279,TRUE,NA,2026-07-10,2026-07-10,NA,2026-07-10
2280,TRUE,NA,2026-06-26,2026-06-26,2026-07-10,2026-07-10
2281,TRUE,NA,2026-07-09,2026-07-09,NA,2026-07-09
2282,TRUE,NA,2026-06-22,2026-06-29,2026-07-09,2026-07-09
2283,TRUE,NA,2026-07-07,2026-07-07,NA,NA
2284,TRUE,NA,2026-06-17,2026-06-26,NA,NA
2285,TRUE,NA,2026-07-07,2026-07-10,NA,2026-07-07
2286,TRUE,NA,NA,NA,NA,NA
2287,TRUE,NA,2026-07-10,2026-07-10,2026-06-29,2026-07-10
2288,TRUE,NA,NA,NA,NA,NA
2289,TRUE,NA,2026-07-09,2026-07-09,2026-06-26,2026-07-09
2290,TRUE,NA,2026-06-22,2026-06-18,2026-06-25,NA
2291,TRUE,NA,2026-07-10,2026-07-07,NA,NA
2292,TRUE,NA,NA,NA,NA,NA
2293,TRUE,NA,2026-07-09,2026-07-07,NA,2026-07-07
2294,TRUE,NA,NA,NA,NA,NA
2295,TRUE,NA,2026-06-29,2026-06-29,NA,NA
2296,TRUE,NA,NA,2026-06-25,NA,NA
2297,TRUE,NA,2026-06-29,2026-06-26,NA,NA
2298,TRUE,NA,2026-06-25,2026-06-25,2026-06-29,2026-06-29
2299,TRUE,NA,2026-06-26,2026-06-22,NA,NA
2300,TRUE,NA,2026-06-25,2026-06-18,2026-06-26,2026-06-26
2301,TRUE,NA,2026-06-22,2026-06-17,2026-07-03,2026-06-25
2302,TRUE,NA,2026-07-10,2026-07-10,2026-06-22,2026-06-22
2303,TRUE,NA,2026-06-17,2026-06-10,2026-06-18,2026-06-18
2304,TRUE,NA,2026-07-10,2026-07-09,NA,NA
2305,TRUE,NA,2026-06-10,NA,2026-06-09,2026-06-09
2306,TRUE,NA,2026-07-10,NA,NA,NA
2307,TRUE,NA,NA,NA,NA,NA
2308,TRUE,NA,2026-07-09,2026-07-07,NA,NA
2309,TRUE,NA,NA,NA,NA,NA
2310,TRUE,NA,2026-07-07,2026-07-03,NA,NA
2311,TRUE,NA,NA,NA,2026-06-29,NA
2312,TRUE,NA,2026-07-07,NA,NA,NA
2313,TRUE,NA,NA,NA,2026-07-10,2026-07-10
2314,TRUE,NA,2026-07-03,NA,2026-06-25,2026-07-10
2315,TRUE,NA,NA,2026-07-10,2026-07-09,2026-07-09
2316,TRUE,NA,NA,NA,2026-06-18,2026-07-09
2317,TRUE,NA,2026-07-10,2026-07-09,2026-06-17,NA
2318,TRUE,NA,NA,NA,2026-06-09,NA
2319,TRUE,NA,2026-07-09,NA,2026-07-07,2026-07-07
2320,TRUE,NA,2026-07-10,2026-07-10,NA,2026-07-07
2321,TRUE,NA,NA,2026-07-07,2026-07-03,2026-07-03
2322,TRUE,NA,2026-07-10,2026-07-10,NA,2026-07-03
2323,TRUE,NA,2026-07-07,2026-07-10,NA,NA
2324,TRUE,NA,2026-07-09,2026-07-09,NA,NA
2325,TRUE,NA,2026-07-03,2026-07-10,NA,2026-07-10
2326,TRUE,NA,2026-07-07,2026-07-07,NA,NA
2327,TRUE,NA,2026-07-10,2026-07-09,NA,2026-07-09
2328,TRUE,NA,2026-07-07,2026-07-07,NA,NA
2329,TRUE,NA,2026-07-10,2026-07-07,NA,NA
2330,TRUE,NA,2026-07-03,2026-07-03,NA,NA
2331,TRUE,NA,2026-07-09,2026-07-07,2026-06-29,2026-07-07
2332,TRUE,NA,2026-06-10,NA,NA,2026-06-29
2333,TRUE,NA,2026-07-07,2026-07-03,2026-06-26,2026-07-03
2334,TRUE,NA,NA,NA,2026-06-25,2026-06-26
2335,TRUE,NA,2026-07-07,2026-06-26,2026-06-22,2026-06-25
2336,TRUE,NA,2026-07-05,2026-06-25,2026-06-18,2026-07-10
2337,TRUE,NA,2026-07-10,2026-07-10,2026-06-17,2026-06-18
2338,TRUE,NA,2026-07-03,2026-06-29,2026-06-09,2026-07-09
2339,TRUE,NA,2026-07-09,2026-07-09,2026-06-10,2026-06-10
2340,TRUE,NA,2026-06-29,2026-07-10,2026-07-10,2026-07-10
2341,TRUE,NA,2026-06-25,2026-06-29,NA,NA
2342,TRUE,NA,2026-06-26,2026-07-10,2026-07-09,2026-07-09
2343,TRUE,NA,2026-07-07,2026-07-07,NA,2026-06-29
2344,TRUE,NA,2026-06-22,2026-07-09,NA,2026-07-03
2345,TRUE,NA,2026-07-03,2026-07-10,NA,2026-07-10
2346,TRUE,NA,2026-06-17,2026-07-07,2026-07-07,2026-07-07
2347,TRUE,NA,2026-06-29,2026-07-09,NA,2026-07-09
2348,TRUE,NA,2026-06-29,2026-07-07,2026-07-03,2026-07-10
2349,TRUE,NA,2026-06-26,2026-06-18,2026-06-18,2026-07-03
2350,TRUE,NA,2026-06-26,2026-07-03,2026-06-17,2026-07-10
2351,TRUE,NA,2026-06-25,2026-07-07,2026-06-09,2026-07-10
2352,TRUE,NA,2026-06-22,2026-07-10,2026-06-10,2026-07-09
2353,TRUE,NA,2026-06-18,2026-07-03,NA,2026-07-09
2354,TRUE,NA,2026-07-10,2026-07-09,NA,2026-07-07
2355,TRUE,NA,2026-06-29,2026-06-29,NA,2026-07-10
2356,TRUE,NA,2026-07-09,NA,NA,2026-07-07
2357,TRUE,NA,2026-06-26,2026-06-26,NA,2026-07-09
2358,TRUE,NA,2026-06-25,2026-07-07,2026-06-29,2026-07-03
2359,TRUE,NA,2026-06-22,2026-06-22,NA,2026-07-03
2360,TRUE,NA,2026-07-07,2026-07-03,2026-06-26,2026-06-28
2361,TRUE,NA,2026-07-10,2026-07-10,2026-06-25,2026-07-07
2362,TRUE,NA,2026-07-03,2026-06-26,2026-06-22,2026-06-26
2363,TRUE,NA,2026-07-09,2026-07-09,2026-06-18,2026-07-03
2364,TRUE,NA,NA,2026-07-10,2026-06-17,2026-07-10
2365,TRUE,NA,NA,2026-06-26,2026-06-09,2026-06-26
2366,TRUE,NA,NA,2026-07-09,2026-06-10,2026-07-10
2367,TRUE,NA,2026-07-07,2026-07-07,NA,2026-06-22
2368,TRUE,NA,NA,2026-06-18,NA,2026-07-09
2369,TRUE,NA,2026-07-03,2026-07-10,NA,2026-06-29
2370,TRUE,NA,NA,2026-07-10,NA,2026-07-10
2371,TRUE,NA,NA,2026-07-09,NA,2026-06-26
2372,TRUE,NA,2026-06-29,2026-07-09,NA,2026-07-09
2373,TRUE,NA,NA,2026-06-25,NA,2026-06-29
2374,TRUE,NA,2026-06-26,2026-06-22,NA,2026-07-03
2375,TRUE,NA,2026-06-25,2026-07-07,NA,2026-06-26
2376,TRUE,NA,2026-06-22,2026-07-07,NA,2026-07-07
2377,TRUE,NA,2026-06-18,2026-07-03,NA,2026-06-22
2378,TRUE,NA,2026-06-17,2026-07-03,NA,2026-07-03
2379,TRUE,NA,2026-06-29,2026-06-29,NA,2026-06-17
2380,TRUE,NA,2026-06-10,2026-06-14,NA,2026-06-14
2381,TRUE,NA,2026-06-26,2026-06-26,NA,2026-06-10
2382,TRUE,NA,2026-06-25,2026-06-25,2026-07-10,2026-06-29
2383,TRUE,NA,2026-06-22,2026-06-22,NA,2026-06-10
2384,TRUE,NA,2026-06-18,2026-06-18,2026-07-09,2026-06-29
2385,TRUE,NA,2026-07-10,2026-06-17,NA,2026-06-25
2386,TRUE,NA,2026-06-09,2026-07-10,NA,2026-06-26
2387,TRUE,NA,2026-07-09,2026-07-10,NA,2026-06-25
2388,TRUE,NA,NA,2026-07-10,2026-07-10,2026-06-29
2389,TRUE,NA,NA,2026-07-09,2026-06-02,2026-06-18
2390,TRUE,NA,NA,2026-07-09,2026-07-09,2026-06-26
2391,TRUE,NA,2026-07-07,2026-06-25,2026-06-22,2026-06-25
2392,TRUE,NA,NA,2026-07-07,2026-06-18,2026-06-22
2393,TRUE,NA,2026-07-03,2026-07-07,2026-06-17,2026-06-18
2394,TRUE,NA,NA,2026-07-07,2026-07-07,2026-07-10
2395,TRUE,NA,NA,2026-07-03,2026-06-10,2026-06-09
2396,TRUE,NA,2026-06-15,2026-07-10,2026-07-03,2026-07-10
2397,TRUE,NA,2026-05-27,2026-06-03,NA,NA
2398,TRUE,NA,2026-06-09,2026-07-09,NA,2026-07-09
2399,TRUE,NA,2026-06-10,2026-06-10,NA,2026-06-04
2400,TRUE,NA,NA,NA,2026-06-29,2026-07-07
2401,TRUE,NA,2026-07-10,2026-07-10,NA,NA
2402,TRUE,NA,2026-07-10,2026-07-10,2026-06-26,2026-07-07
2403,TRUE,NA,2026-07-09,2026-07-09,2026-06-25,NA
2404,TRUE,NA,2026-07-09,2026-07-09,2026-06-22,2026-07-10
2405,TRUE,NA,2026-06-26,NA,2026-06-29,NA
2406,TRUE,NA,2026-06-25,2026-07-08,2026-06-17,2026-07-09
2407,TRUE,NA,2026-07-07,2026-07-07,2026-06-29,NA
2408,TRUE,NA,2026-07-10,2026-07-10,2026-06-25,NA
2409,TRUE,NA,2026-07-03,2026-07-03,2026-06-26,2026-07-10
2410,TRUE,NA,2026-07-09,2026-07-09,2026-06-25,2026-07-07
2411,TRUE,NA,2026-06-09,2026-06-22,2026-06-18,2026-07-09
2412,TRUE,NA,2026-06-10,2026-07-03,2026-06-22,2026-07-10
2413,TRUE,NA,NA,2026-06-18,2026-06-18,2026-07-10
2414,TRUE,NA,2026-07-07,2026-07-07,2026-06-17,2026-07-09
2415,TRUE,NA,NA,2026-06-29,2026-06-09,2026-07-10
2416,TRUE,NA,2026-07-03,2026-07-03,2026-06-10,2026-06-25
2417,TRUE,NA,2026-06-16,2026-06-26,NA,2026-07-09
2418,TRUE,NA,2026-06-09,2026-07-10,NA,2026-07-07
2419,TRUE,NA,2026-07-10,2026-07-10,NA,2026-07-07
2420,TRUE,NA,2026-06-29,2026-07-09,NA,2026-07-03
2421,TRUE,NA,2026-07-10,2026-07-10,2026-07-10,2026-07-10
2422,TRUE,NA,2026-06-26,2026-06-26,NA,2026-06-17
2423,TRUE,NA,2026-07-09,2026-07-09,2026-07-10,2026-07-09
2424,TRUE,NA,2026-07-10,2026-07-07,NA,2026-06-10
2425,TRUE,NA,2026-07-07,2026-07-07,2026-07-10,2026-07-10
2426,TRUE,NA,2026-07-09,2026-07-03,2026-06-15,2026-07-10
2427,TRUE,NA,2026-07-07,2026-07-07,2026-07-09,2026-07-10
2428,TRUE,NA,2026-07-10,2026-07-10,2026-06-09,2026-07-09
2429,TRUE,NA,2026-07-03,2026-07-03,2026-07-07,2026-07-09
2430,TRUE,NA,2026-07-09,2026-07-09,NA,2026-06-26
2431,TRUE,NA,NA,2026-06-09,2026-07-07,2026-07-07
2432,TRUE,NA,2026-07-10,2026-06-22,NA,2026-07-07
2433,TRUE,NA,2026-06-18,2026-06-18,2026-07-10,2026-07-07
2434,TRUE,NA,2026-07-09,2026-07-10,NA,2026-07-03
2435,TRUE,NA,2026-06-09,2026-06-09,2026-07-09,2026-07-03
2436,TRUE,NA,2026-07-03,2026-07-09,NA,2026-06-26
2437,TRUE,NA,NA,2026-06-29,NA,2026-06-25
2438,TRUE,NA,2026-07-10,2026-07-10,NA,2026-06-18
2439,TRUE,NA,2026-07-10,2026-07-10,2026-07-07,2026-06-22
2440,TRUE,NA,2026-07-10,2026-07-10,2026-06-29,2026-06-29
2441,TRUE,NA,2026-07-10,2026-07-09,2026-07-03,2026-06-17
2442,TRUE,NA,2026-07-09,2026-07-10,2026-06-29,2026-07-10
2443,TRUE,NA,2026-07-10,2026-07-10,2026-06-25,2026-06-25
2444,TRUE,NA,2026-07-07,2026-07-09,2026-06-29,2026-07-09
2445,TRUE,NA,2026-07-10,2026-07-09,2026-06-25,2026-06-29
2446,TRUE,NA,2026-07-07,2026-07-07,2026-06-26,2026-06-29
2447,TRUE,NA,2026-07-09,2026-07-10,2026-06-25,2026-06-26
2448,TRUE,NA,2026-07-03,2026-07-07,2026-06-18,2026-07-10
2449,TRUE,NA,2026-07-10,2026-07-10,2026-06-22,2026-06-25
2450,TRUE,NA,2026-06-25,2026-06-22,2026-06-18,2026-07-09
2451,TRUE,NA,2026-07-09,2026-07-09,2026-06-17,2026-06-22
2452,TRUE,NA,2026-06-22,2026-06-17,2026-06-29,2026-06-18
2453,TRUE,NA,2026-07-03,2026-07-07,2026-06-10,2026-06-17
2454,TRUE,NA,2026-06-17,2026-06-10,2026-06-26,2026-07-07
2455,TRUE,NA,2026-07-07,2026-07-10,2026-06-25,2026-06-10
2456,TRUE,NA,NA,2026-06-25,NA,NA
2457,TRUE,NA,2026-07-03,2026-07-09,2026-06-22,NA
2458,TRUE,NA,2026-06-29,2026-06-29,2026-06-18,NA
2459,TRUE,NA,2026-07-10,2026-06-29,2026-06-17,NA
2460,TRUE,NA,2026-06-29,2026-06-26,2026-06-09,NA
2461,TRUE,NA,2026-07-09,2026-07-07,2026-06-10,2026-06-29
2462,TRUE,NA,2026-06-29,2026-06-29,2026-07-10,NA
2463,TRUE,NA,2026-06-25,2026-07-10,NA,2026-07-10
2464,TRUE,NA,2026-06-29,2026-07-10,2026-07-09,2026-07-10
2465,TRUE,NA,2026-07-07,2026-07-09,2026-06-15,2026-07-09
2466,TRUE,NA,2026-06-26,2026-07-09,2026-05-27,2026-07-09
2467,TRUE,NA,NA,NA,NA,NA
2468,TRUE,NA,2026-06-29,2026-06-29,2026-07-07,2026-06-17
2469,TRUE,NA,NA,2026-07-10,NA,NA
2470,TRUE,NA,2026-06-26,2026-07-07,2026-07-03,2026-07-09
2471,TRUE,NA,2026-07-10,2026-07-10,NA,2026-07-03
2472,TRUE,NA,2026-07-10,2026-07-03,NA,2026-07-03
2473,TRUE,NA,2026-07-10,2026-07-10,NA,NA
2474,TRUE,NA,2026-07-10,2026-06-15,NA,2026-07-07
2475,TRUE,NA,2026-07-09,2026-07-09,NA,NA
2476,TRUE,NA,2026-07-10,2026-06-09,NA,2026-07-03
2477,TRUE,NA,2026-07-07,2026-07-07,NA,NA
2478,TRUE,NA,2026-07-09,2026-07-10,NA,2026-07-10
2479,TRUE,NA,2026-07-07,2026-07-07,NA,2026-07-10
2480,TRUE,NA,2026-07-07,2026-07-09,NA,2026-07-09
2481,TRUE,NA,2026-07-03,2026-07-03,2026-06-29,2026-07-09
2482,TRUE,NA,2026-07-07,2026-07-07,NA,2026-07-10
2483,TRUE,NA,2026-06-22,2026-06-29,2026-06-26,2026-06-29
2484,TRUE,NA,2026-07-03,2026-07-07,2026-06-25,2026-07-09
2485,TRUE,NA,2026-06-17,2026-06-26,2026-07-10,2026-07-10
2486,TRUE,NA,NA,2026-07-03,NA,2026-07-03
2487,TRUE,NA,2026-06-10,2026-06-22,2026-07-09,2026-07-09
2488,TRUE,NA,2026-07-10,2026-07-10,NA,2026-07-07
2489,TRUE,NA,2026-07-10,2026-07-10,2026-07-10,2026-07-10
2490,TRUE,NA,2026-07-09,2026-07-09,2026-06-10,2026-07-03
2491,TRUE,NA,2026-07-10,2026-07-10,2026-07-09,2026-07-09
2492,TRUE,NA,2026-06-29,2026-06-29,NA,2026-06-22
2493,TRUE,NA,2026-07-09,2026-07-09,2026-07-03,2026-07-10
2494,TRUE,NA,2026-07-10,2026-07-10,NA,2026-06-17
2495,TRUE,NA,2026-07-10,2026-07-10,2026-07-07,2026-07-10
2496,TRUE,NA,2026-07-09,2026-07-09,NA,2026-06-10
2497,TRUE,NA,2026-07-10,2026-07-10,2026-07-03,2026-07-09
2498,TRUE,NA,2026-06-25,2026-06-25,NA,2026-06-29
2499,TRUE,NA,2026-07-09,2026-07-09,NA,2026-07-07
2500,TRUE,NA,2026-07-07,2026-07-10,NA,2026-07-10
2501,TRUE,NA,2026-07-07,2026-07-07,NA,2026-07-07
2502,TRUE,NA,2026-07-03,2026-07-09,NA,2026-07-09
2503,TRUE,NA,2026-07-07,2026-07-07,NA,2026-07-03
2504,TRUE,NA,2026-07-10,2026-07-10,2026-06-29,2026-06-29
2505,TRUE,NA,2026-07-03,2026-07-03,NA,2026-06-17
2506,TRUE,NA,2026-07-10,2026-07-10,2026-06-26,2026-07-07
2507,TRUE,NA,2026-06-29,2026-06-29,2026-06-25,2026-06-25
2508,TRUE,NA,2026-07-09,2026-07-09,2026-06-29,2026-07-03
2509,TRUE,NA,2026-06-26,2026-06-26,2026-07-10,2026-06-22
2510,TRUE,NA,2026-07-10,2026-07-07,2026-06-26,2026-06-26
2511,TRUE,NA,2026-06-25,2026-06-25,2026-07-09,2026-06-25
2512,TRUE,NA,2026-07-09,2026-07-07,2026-06-09,2026-06-29
2513,TRUE,NA,2026-06-29,2026-06-29,2026-06-22,2026-06-22
2514,TRUE,NA,2026-07-03,2026-07-03,2026-06-18,2026-06-29
2515,TRUE,NA,2026-06-26,2026-07-10,2026-07-07,2026-06-25
2516,TRUE,NA,2026-07-07,2026-07-10,2026-06-09,2026-06-26
2517,TRUE,NA,2026-07-10,2026-07-10,2026-07-03,2026-06-25
2518,TRUE,NA,2026-07-03,2026-07-09,NA,2026-06-18
2519,TRUE,NA,2026-07-09,2026-07-09,NA,2026-06-29
2520,TRUE,NA,2026-06-18,2026-07-10,NA,2026-06-18
2521,TRUE,NA,2026-06-22,2026-07-07,NA,2026-06-26
2522,TRUE,NA,2026-06-18,2026-07-09,NA,2026-06-25
2523,TRUE,NA,2026-07-07,2026-07-07,NA,2026-06-09
2524,TRUE,NA,2026-06-10,2026-07-03,NA,2026-06-22
2525,TRUE,NA,2026-07-03,2026-07-03,NA,2026-06-18
2526,TRUE,NA,2026-06-25,2026-07-10,NA,2026-06-17
2527,TRUE,NA,2026-06-26,2026-06-26,NA,2026-05-27
2528,TRUE,NA,2026-07-10,2026-07-10,2026-06-29,2026-07-10
2529,TRUE,NA,2026-06-29,2026-07-10,NA,2026-07-10
2530,TRUE,NA,2026-07-09,2026-07-09,2026-06-26,2026-07-10
2531,TRUE,NA,2026-06-26,2026-07-09,2026-06-25,2026-07-09
2532,TRUE,NA,2026-06-25,2026-07-10,NA,2026-07-09
2533,TRUE,NA,2026-07-10,2026-07-10,2026-06-22,NA
2534,TRUE,NA,NA,NA,NA,NA
2535,TRUE,NA,2026-07-09,2026-07-09,2026-06-17,2026-07-07
2536,TRUE,NA,NA,NA,NA,NA
2537,TRUE,NA,2026-07-10,2026-07-10,NA,2026-07-10
2538,TRUE,NA,2026-06-26,2026-07-07,2026-06-10,2026-07-03
2539,TRUE,NA,2026-07-09,2026-07-09,NA,2026-07-09
2540,TRUE,NA,NA,NA,NA,NA
2541,TRUE,NA,2026-07-03,2026-07-03,NA,NA
2542,TRUE,NA,NA,NA,NA,NA
2543,TRUE,NA,2026-07-07,2026-07-07,NA,2026-07-07
2544,TRUE,NA,2026-06-05,2026-07-10,NA,2026-07-10
2545,TRUE,NA,2026-07-03,2026-07-03,NA,2026-07-03
2546,TRUE,NA,2026-06-10,2026-07-09,NA,2026-07-09
2547,TRUE,NA,2026-07-10,2026-07-10,NA,2026-06-29
2548,TRUE,NA,2026-06-01,2026-06-29,2026-07-10,2026-06-29
2549,TRUE,NA,2026-07-09,2026-07-09,NA,2026-06-29
2550,TRUE,NA,2026-06-25,2026-07-07,2026-07-09,2026-07-07
2551,TRUE,NA,2026-07-10,2026-06-29,NA,2026-06-26
2552,TRUE,NA,2026-06-29,2026-07-03,NA,2026-07-03
2553,TRUE,NA,2026-07-10,2026-07-07,NA,NA
2554,TRUE,NA,2026-06-26,2026-06-26,2026-07-07,2026-06-22
2555,TRUE,NA,2026-07-09,2026-07-03,NA,NA
2556,TRUE,NA,2026-06-29,2026-06-29,2026-07-03,2026-06-29
2557,TRUE,NA,2026-07-07,2026-06-22,NA,2026-06-17
2558,TRUE,NA,2026-06-26,2026-06-26,NA,2026-06-26
2559,TRUE,NA,2026-07-07,2026-06-18,NA,NA
2560,TRUE,NA,2026-06-22,2026-06-22,NA,2026-06-22
2561,TRUE,NA,2026-07-03,2026-06-09,NA,2026-05-21
2562,TRUE,NA,2026-07-10,2026-07-10,NA,2026-06-18
2563,TRUE,NA,2026-06-17,2026-06-29,2026-07-10,2026-06-17
2564,TRUE,NA,2026-06-05,2026-06-05,NA,2026-06-05
2565,TRUE,NA,2026-07-09,2026-07-09,NA,2026-06-09
2566,TRUE,NA,2026-06-29,2026-06-29,2026-07-09,2026-06-10
2567,TRUE,NA,2026-05-21,2026-06-22,2026-06-29,2026-05-25
2568,TRUE,NA,2026-07-10,2026-06-26,NA,2026-05-22
2569,TRUE,NA,2026-07-07,2026-07-10,2026-06-26,2026-05-21
2570,TRUE,NA,2026-06-29,2026-06-22,2026-07-07,NA
2571,TRUE,NA,2026-07-10,2026-07-10,2026-06-22,NA
2572,TRUE,NA,2026-06-29,2026-07-09,2026-07-03,NA
2573,TRUE,NA,2026-06-17,2026-06-17,2026-06-18,NA
2574,TRUE,NA,2026-06-26,2026-06-05,2026-06-17,NA
2575,TRUE,NA,2026-07-10,2026-07-10,2026-06-05,NA
2576,TRUE,NA,2026-06-22,2026-07-07,2026-07-10,NA
2577,TRUE,NA,2026-07-03,2026-05-21,2026-06-10,NA
2578,TRUE,NA,2026-07-09,2026-07-09,2026-05-21,NA
2579,TRUE,NA,2026-06-17,NA,2026-07-09,NA
2580,TRUE,NA,2026-06-10,NA,NA,NA
2581,TRUE,NA,2026-06-09,NA,NA,NA
2582,TRUE,NA,2026-07-10,2026-07-07,NA,NA
2583,TRUE,NA,2026-05-21,NA,2026-07-07,2026-07-10
2584,TRUE,NA,2026-07-03,2026-07-03,NA,NA
2585,TRUE,NA,2026-07-10,NA,2026-07-03,NA
2586,TRUE,NA,NA,NA,NA,2026-07-09
2587,TRUE,NA,NA,NA,2026-06-22,NA
2588,TRUE,NA,2026-07-10,NA,NA,NA
2589,TRUE,NA,2026-07-07,2026-06-29,2026-06-18,NA
2590,TRUE,NA,2026-07-10,2026-07-10,2026-06-17,2026-07-07
2591,TRUE,NA,2026-07-09,2026-06-26,NA,NA
2592,TRUE,NA,2026-07-07,NA,2026-07-10,2026-07-10
2593,TRUE,NA,2026-07-09,2026-07-10,NA,NA
2594,TRUE,NA,2026-07-03,NA,NA,NA
2595,TRUE,NA,2026-07-07,2026-07-10,2026-07-10,2026-07-10
2596,TRUE,NA,NA,2026-07-09,2026-06-29,NA
2597,TRUE,NA,2026-07-10,2026-07-10,NA,NA
2598,TRUE,NA,2026-06-10,2026-07-09,2026-07-09,2026-07-09
2599,TRUE,NA,2026-07-03,2026-07-03,2026-07-07,2026-07-07
2600,TRUE,NA,2026-07-09,2026-07-09,2026-06-22,NA
2601,TRUE,NA,2026-06-18,2026-06-18,2026-07-03,2026-07-03
2602,TRUE,NA,2026-06-29,2026-07-07,2026-07-07,2026-07-07
2603,TRUE,NA,2026-06-05,2026-06-05,2026-06-17,2026-06-29
2604,TRUE,NA,2026-07-07,2026-07-10,2026-07-03,2026-07-03
2605,TRUE,NA,2026-06-29,2026-06-10,2026-06-09,2026-07-03
2606,TRUE,NA,2026-07-03,2026-07-03,2026-06-10,NA
2607,TRUE,NA,2026-06-26,2026-07-09,NA,2026-06-22
2608,TRUE,NA,2026-06-18,2026-06-17,NA,2026-05-25
2609,TRUE,NA,2026-07-10,2026-06-05,NA,2026-06-18
2610,TRUE,NA,2026-07-10,2026-06-29,NA,2026-06-17
2611,TRUE,NA,2026-06-18,2026-07-07,NA,2026-06-10
2612,TRUE,NA,2026-07-09,2026-06-29,2026-06-29,2026-06-29
2613,TRUE,NA,2026-07-09,2026-07-03,NA,2026-06-10
2614,TRUE,NA,2026-06-22,2026-07-10,2026-06-26,2026-06-26
2615,TRUE,NA,2026-06-10,2026-06-29,2026-06-29,2026-06-29
2616,TRUE,NA,2026-07-07,2026-06-22,2026-06-22,2026-06-29
2617,TRUE,NA,2026-06-29,2026-07-09,2026-06-26,2026-06-26
2618,TRUE,NA,2026-07-10,2026-06-18,2026-06-18,2026-06-26
2619,TRUE,NA,2026-07-03,2026-06-26,2026-06-22,2026-06-22
2620,TRUE,NA,2026-07-10,2026-07-10,2026-06-05,2026-07-10
2621,TRUE,NA,2026-07-09,2026-07-07,2026-06-18,2026-06-18
2622,TRUE,NA,2026-05-25,2026-06-17,2026-06-17,2026-06-18
2623,TRUE,NA,2026-07-09,2026-07-09,2026-06-05,2026-07-09
2624,TRUE,NA,2026-07-10,2026-07-10,2026-06-09,2026-06-09
2625,TRUE,NA,2026-07-07,2026-07-10,2026-06-10,2026-06-10
2626,TRUE,NA,2026-06-09,2026-06-26,NA,2026-06-10
2627,TRUE,NA,2026-07-09,2026-07-09,NA,2026-07-07
2628,TRUE,NA,NA,2026-07-09,NA,NA
2629,TRUE,NA,2026-07-03,2026-07-03,NA,2026-07-03
2630,TRUE,NA,2026-06-29,2026-06-18,NA,NA
2631,TRUE,NA,2026-07-07,2026-07-07,NA,NA
2632,TRUE,NA,2026-06-26,2026-07-07,NA,NA
2633,TRUE,NA,2026-07-03,2026-07-03,NA,NA
2634,TRUE,NA,2026-07-10,2026-07-03,NA,NA
2635,TRUE,NA,2026-07-10,2026-07-10,NA,NA
2636,TRUE,NA,2026-06-18,2026-06-26,NA,NA
2637,TRUE,NA,2026-07-10,2026-07-10,NA,NA
2638,TRUE,NA,2026-07-09,2026-07-09,NA,NA
2639,TRUE,NA,2026-06-10,2026-07-02,NA,NA
2640,TRUE,NA,2026-07-09,2026-07-09,NA,2026-06-29
2641,TRUE,NA,2026-07-07,2026-06-17,NA,NA
2642,TRUE,NA,2026-07-07,2026-07-10,2026-07-10,2026-07-10
2643,TRUE,NA,2026-07-10,2026-06-09,NA,NA
2644,TRUE,NA,2026-07-07,2026-07-07,NA,2026-06-22
2645,TRUE,NA,2026-06-17,2026-07-09,2026-07-09,2026-07-09
2646,TRUE,NA,2026-07-09,2026-07-03,NA,2026-06-18
2647,TRUE,NA,2026-07-10,2026-06-26,NA,2026-06-17
2648,TRUE,NA,2026-07-10,2026-06-22,NA,2026-06-05
2649,TRUE,NA,2026-06-17,2026-07-07,2026-07-07,2026-07-07
2650,TRUE,NA,2026-07-10,2026-07-10,NA,2026-06-10
2651,TRUE,NA,2026-07-09,2026-07-03,2026-07-10,2026-07-03
2652,TRUE,NA,2026-07-03,2026-06-26,NA,NA
2653,TRUE,NA,2026-07-09,2026-07-09,NA,NA
2654,TRUE,NA,2026-07-10,2026-07-10,2026-07-09,NA
2655,TRUE,NA,2026-07-10,2026-07-10,NA,2026-07-10
2656,TRUE,NA,2026-07-03,2026-06-18,NA,NA
2657,TRUE,NA,2026-07-09,2026-07-09,NA,NA
2658,TRUE,NA,2026-07-09,2026-07-09,2026-07-07,2026-07-09
2659,TRUE,NA,2026-07-03,2026-07-10,NA,NA
2660,TRUE,NA,2026-06-18,2026-06-19,2026-07-03,NA
2661,TRUE,NA,2026-07-07,2026-07-10,2026-07-10,2026-07-10
2662,TRUE,NA,2026-07-10,2026-07-09,2026-06-29,2026-07-07
2663,TRUE,NA,2026-07-10,2026-07-10,2026-07-03,NA
2664,TRUE,NA,2026-07-10,2026-07-10,2026-07-09,2026-07-09
2665,TRUE,NA,2026-07-10,2026-06-10,NA,2026-07-10
2666,TRUE,NA,2026-07-09,2026-07-10,2026-06-22,2026-06-22
2667,TRUE,NA,2026-07-09,2026-07-09,2026-05-25,2026-06-15
2668,TRUE,NA,2026-07-09,2026-07-07,2026-07-07,2026-07-09
2669,TRUE,NA,2026-07-07,2026-07-10,2026-06-17,2026-06-17
2670,TRUE,NA,2026-07-07,2026-07-07,2026-07-03,2026-07-03
2671,TRUE,NA,2026-07-07,2026-07-07,2026-06-29,2026-07-10
2672,TRUE,NA,2026-07-07,2026-07-09,2026-06-10,2026-07-10
2673,TRUE,NA,2026-07-10,2026-07-07,2026-06-26,2026-05-25
2674,TRUE,NA,2026-07-10,2026-07-10,2026-06-29,2026-07-10
2675,TRUE,NA,2026-06-29,2026-07-10,2026-06-22,2026-07-09
2676,TRUE,NA,2026-07-09,2026-07-07,2026-06-26,2026-06-05
2677,TRUE,NA,2026-07-09,2026-07-09,2026-06-18,2026-07-09
2678,TRUE,NA,2026-06-22,2026-07-10,2026-06-17,2026-07-07
2679,TRUE,NA,2026-06-22,2026-07-10,NA,2026-07-07
2680,TRUE,NA,2026-07-07,2026-06-18,NA,2026-07-03
2681,TRUE,NA,2026-07-07,2026-07-09,2026-06-29,2026-07-07
2682,TRUE,NA,NA,NA,NA,NA
2683,TRUE,NA,2026-07-03,2026-07-10,2026-06-26,2026-07-03
2684,TRUE,NA,2026-06-29,2026-07-03,NA,2026-06-09
2685,TRUE,NA,NA,NA,NA,NA
2686,TRUE,NA,2026-07-10,2026-07-10,2026-05-25,2026-07-10
2687,TRUE,NA,2026-06-26,2026-07-03,2026-07-10,2026-06-26
2688,TRUE,NA,2026-06-22,2026-07-10,2026-06-17,2026-06-17
2689,TRUE,NA,2026-07-09,2026-07-10,NA,2026-07-09
2690,TRUE,NA,2026-07-10,2026-07-10,2026-07-09,2026-06-09
2691,TRUE,NA,NA,2026-07-09,NA,NA
2692,TRUE,NA,2026-06-17,2026-07-09,NA,2026-06-29
2693,TRUE,NA,2026-07-09,2026-07-10,NA,2026-07-07
2694,TRUE,NA,2026-06-29,2026-06-29,2026-07-07,2026-07-10
2695,TRUE,NA,2026-07-03,2026-07-07,NA,2026-07-03
2696,TRUE,NA,2026-06-26,2026-07-09,2026-07-03,2026-06-26
2697,TRUE,NA,2026-07-07,2026-07-07,NA,2026-07-09
2698,TRUE,NA,2026-06-22,2026-07-03,NA,2026-06-22
2699,TRUE,NA,2026-07-03,2026-07-03,NA,2026-06-17
2700,TRUE,NA,2026-07-10,2026-07-10,NA,2026-06-18
2701,TRUE,NA,2026-07-10,2026-07-10,NA,2026-07-10
2702,TRUE,NA,NA,2026-07-03,NA,NA
2703,TRUE,NA,2026-07-09,2026-07-09,NA,2026-07-03
2704,TRUE,NA,2026-07-10,2026-07-10,NA,2026-07-09
2705,TRUE,NA,2026-07-07,2026-07-07,NA,2026-07-07
2706,TRUE,NA,2026-06-29,2026-07-10,NA,2026-07-10
2707,TRUE,NA,2026-07-10,2026-07-10,2026-06-29,2026-07-03
2708,TRUE,NA,2026-07-07,2026-07-07,NA,2026-07-07
2709,TRUE,NA,2026-07-10,2026-07-10,2026-06-26,2026-07-09
2710,TRUE,NA,2026-07-09,2026-07-09,2026-07-10,2026-07-10
2711,TRUE,NA,2026-07-07,2026-07-07,2026-06-22,NA
2712,TRUE,NA,2026-07-09,2026-07-10,NA,2026-06-18
2713,TRUE,NA,2026-06-17,2026-07-10,2026-07-09,2026-07-09
2714,TRUE,NA,2026-07-10,2026-07-10,2026-06-17,2026-06-29
2715,TRUE,NA,2026-07-10,2026-07-10,2026-06-05,2026-07-03
2716,TRUE,NA,2026-07-10,2026-07-10,2026-06-09,2026-06-26
2717,TRUE,NA,2026-07-09,2026-07-09,2026-07-07,2026-07-07
2718,TRUE,NA,2026-07-10,2026-07-10,NA,2026-07-10
2719,TRUE,NA,2026-07-09,2026-07-10,2026-07-03,2026-07-03
2720,TRUE,NA,2026-06-26,2026-06-29,NA,2026-06-26
2721,TRUE,NA,2026-07-10,2026-07-10,NA,2026-07-09
2722,TRUE,NA,NA,NA,NA,NA
2723,TRUE,NA,2026-07-10,2026-07-10,NA,NA
2724,TRUE,NA,2026-07-10,2026-07-10,NA,2026-06-29
2725,TRUE,NA,NA,NA,NA,NA
2726,TRUE,NA,2026-07-10,2026-07-10,NA,2026-06-29
2727,TRUE,NA,2026-07-09,2026-07-09,NA,NA
2728,TRUE,NA,2026-07-07,2026-07-10,NA,2026-06-26
2729,TRUE,NA,2026-07-10,2026-07-09,NA,NA
2730,TRUE,NA,2026-07-07,2026-07-07,2026-06-29,2026-06-29
2731,TRUE,NA,NA,NA,NA,NA
2732,TRUE,NA,2026-07-09,2026-07-03,NA,2026-06-18
2733,TRUE,NA,2026-07-07,2026-07-07,2026-06-26,2026-06-26
2734,TRUE,NA,NA,NA,NA,NA
2735,TRUE,NA,2026-07-03,2026-07-07,2026-06-22,2026-06-22
2736,TRUE,NA,2026-07-07,2026-07-10,NA,2026-06-10
2737,TRUE,NA,2026-06-26,2026-07-03,2026-07-10,2026-06-18
2738,TRUE,NA,NA,NA,NA,NA
2739,TRUE,NA,2026-06-26,2026-07-10,NA,2026-06-05
2740,TRUE,NA,NA,NA,2026-07-09,NA
2741,TRUE,NA,2026-07-10,2026-07-10,NA,2026-07-10
2742,TRUE,NA,2026-07-10,2026-07-09,NA,NA
2743,TRUE,NA,NA,2026-07-07,NA,NA
2744,TRUE,NA,2026-07-10,2026-07-10,2026-07-07,2026-07-09
2745,TRUE,NA,2026-07-09,2026-07-03,NA,2026-05-22
2746,TRUE,NA,NA,2026-07-07,2026-07-03,NA
2747,TRUE,NA,2026-07-10,2026-07-09,NA,2026-06-04
2748,TRUE,NA,2026-07-07,2026-07-10,NA,2026-07-07
2749,TRUE,NA,2026-07-07,2026-06-29,NA,2026-06-09
2750,TRUE,NA,2026-07-09,2026-07-03,NA,2026-07-03
2751,TRUE,NA,2026-07-07,2026-07-09,NA,NA
2752,TRUE,NA,2026-07-10,NA,NA,NA
2753,TRUE,NA,2026-07-03,2026-07-03,NA,NA
2754,TRUE,NA,2026-07-07,2026-06-22,NA,NA
2755,TRUE,NA,2026-07-09,2026-07-07,NA,NA
2756,TRUE,NA,2026-07-03,2026-06-18,2026-07-10,2026-07-10
2757,TRUE,NA,NA,2026-07-03,NA,NA
2758,TRUE,NA,2026-06-22,2026-06-10,2026-06-29,NA
2759,TRUE,NA,2026-07-07,NA,2026-07-09,2026-07-09
2760,TRUE,NA,2026-06-18,2026-06-29,NA,NA
2761,TRUE,NA,2026-07-03,NA,2026-06-26,NA
2762,TRUE,NA,2026-06-29,2026-06-29,NA,2026-06-29
2763,TRUE,NA,2026-06-29,2026-06-26,2026-07-07,2026-07-07
2764,TRUE,NA,2026-06-10,2026-06-18,2026-06-15,NA
2765,TRUE,NA,2026-07-10,2026-06-29,2026-07-03,2026-07-03
2766,TRUE,NA,2026-06-26,2026-05-25,2026-06-17,NA
2767,TRUE,NA,2026-06-22,2026-06-22,2026-06-09,2026-06-22
2768,TRUE,NA,2026-07-10,2026-07-10,2026-06-10,2026-05-25
2769,TRUE,NA,2026-06-18,2026-06-29,2026-06-10,2026-06-18
2770,TRUE,NA,2026-07-10,2026-07-10,NA,2026-06-17
2771,TRUE,NA,2026-07-09,2026-07-09,NA,2026-06-05
2772,TRUE,NA,2026-07-10,2026-06-26,NA,2026-06-09
2773,TRUE,NA,2026-07-09,2026-07-09,NA,2026-06-10
2774,TRUE,NA,2026-07-10,2026-07-10,NA,NA
2775,TRUE,NA,2026-07-10,2026-07-10,NA,2026-05-25
2776,TRUE,NA,2026-07-03,2026-06-18,NA,2026-06-15
2777,TRUE,NA,2026-07-09,2026-07-09,2026-06-29,2026-06-29
2778,TRUE,NA,2026-07-09,2026-07-10,NA,2026-07-10
2779,TRUE,NA,2026-07-10,2026-07-10,NA,2026-06-09
2780,TRUE,NA,2026-07-10,2026-07-10,2026-06-26,2026-07-10
2781,TRUE,NA,2026-07-07,2026-07-10,2026-07-10,2026-07-09
2782,TRUE,NA,2026-07-09,2026-07-09,2026-06-22,2026-06-22
2783,TRUE,NA,2026-07-09,2026-07-10,2026-07-10,2026-07-10
2784,TRUE,NA,2026-07-03,2026-07-09,2026-07-09,2026-07-10
2785,TRUE,NA,NA,2026-07-07,2026-06-17,2026-07-07
2786,TRUE,NA,2026-07-10,2026-07-10,2026-07-09,2026-07-09
2787,TRUE,NA,2026-07-07,2026-07-07,NA,2026-07-09
2788,TRUE,NA,2026-07-03,2026-07-07,NA,NA
2789,TRUE,NA,2026-07-10,2026-07-10,NA,2026-07-03
2790,TRUE,NA,2026-07-10,2026-07-10,2026-07-07,2026-07-07
2791,TRUE,NA,2026-06-29,2026-06-29,NA,2026-07-07
2792,TRUE,NA,2026-07-09,2026-07-09,2026-07-03,2026-07-03
2793,TRUE,NA,2026-07-10,2026-07-10,NA,2026-07-03
2794,TRUE,NA,2026-07-10,2026-07-10,NA,2026-07-10
2795,TRUE,NA,2026-07-10,2026-07-10,NA,NA
2796,TRUE,NA,2026-07-09,2026-07-09,NA,NA
2797,TRUE,NA,2026-07-09,2026-07-09,NA,2026-07-09
2798,TRUE,NA,2026-07-09,2026-07-09,NA,NA
2799,TRUE,NA,2026-07-03,2026-07-03,NA,2026-06-29
2800,TRUE,NA,2026-07-07,2026-07-07,NA,NA
2801,TRUE,NA,2026-07-07,2026-07-07,NA,2026-07-07
2802,TRUE,NA,2026-07-10,2026-07-10,NA,2026-06-26
2803,TRUE,NA,2026-07-03,2026-07-03,NA,2026-07-03
2804,TRUE,NA,2026-07-03,2026-07-03,2026-06-29,2026-06-29
2805,TRUE,NA,2026-07-09,2026-07-09,NA,2026-06-29
2806,TRUE,NA,2026-06-09,2026-06-22,NA,2026-06-22
2807,TRUE,NA,2026-07-08,2026-06-29,2026-06-26,2026-06-26
2808,TRUE,NA,2026-07-10,2026-06-18,NA,2026-07-10
2809,TRUE,NA,2026-07-07,2026-07-07,2026-06-22,2026-06-22
2810,TRUE,NA,2026-06-29,2026-06-29,2026-05-25,2026-06-22
2811,TRUE,NA,2026-07-09,2026-07-10,2026-07-10,2026-07-10
2812,TRUE,NA,2026-07-10,2026-06-22,2026-06-17,2026-06-18
2813,TRUE,NA,2026-06-26,2026-06-26,2026-06-05,2026-06-17
2814,TRUE,NA,2026-06-29,2026-07-09,2026-07-09,2026-07-09
2815,TRUE,NA,2026-07-09,2026-07-10,2026-06-10,2026-07-07
2816,TRUE,NA,2026-06-29,2026-07-10,NA,2026-06-10
2817,TRUE,NA,2026-07-10,2026-07-10,NA,2026-07-03
2818,TRUE,NA,2026-06-26,2026-07-09,2026-07-07,2026-07-07
2819,TRUE,NA,2026-07-10,2026-07-10,NA,2026-07-10
2820,TRUE,NA,2026-07-09,2026-07-09,2026-07-03,2026-07-03
2821,TRUE,NA,2026-07-03,2026-06-22,NA,2026-05-25
2822,TRUE,NA,2026-07-10,2026-07-10,NA,2026-07-10
2823,TRUE,NA,2026-07-10,2026-07-07,NA,2026-06-17
2824,TRUE,NA,2026-07-10,2026-07-10,2026-07-10,2026-06-05
2825,TRUE,NA,2026-07-10,2026-07-10,NA,2026-07-10
2826,TRUE,NA,2026-07-10,2026-07-10,NA,2026-07-07
2827,TRUE,NA,2026-07-09,2026-07-10,2026-07-09,2026-07-10
2828,TRUE,NA,2026-07-10,2026-07-09,NA,2026-07-09
2829,TRUE,NA,2026-07-09,2026-07-09,NA,2026-07-07
2830,TRUE,NA,2026-07-08,2026-07-09,NA,2026-07-09
2831,TRUE,NA,2026-07-10,2026-07-10,2026-07-07,2026-07-03
2832,TRUE,NA,2026-07-07,2026-07-07,2026-06-29,2026-07-10
2833,TRUE,NA,2026-07-07,2026-07-10,2026-07-03,NA
2834,TRUE,NA,2026-07-09,2026-07-09,NA,2026-07-07
2835,TRUE,NA,2026-07-07,2026-07-05,2026-06-26,2026-07-09
2836,TRUE,NA,2026-07-03,2026-07-09,NA,2026-07-03
2837,TRUE,NA,2026-07-03,2026-07-03,2026-06-22,2026-06-28
2838,TRUE,NA,2026-07-07,2026-07-07,2026-05-25,2026-07-05
2839,TRUE,NA,2026-06-09,2026-06-26,2026-06-18,2026-07-07
2840,TRUE,NA,2026-07-10,2026-07-10,2026-06-17,2026-07-03
2841,TRUE,NA,2026-06-26,2026-07-10,2026-06-05,2026-07-03
2842,TRUE,NA,2026-07-10,2026-07-10,2026-06-09,2026-06-22
2843,TRUE,NA,2026-07-09,2026-07-09,2026-06-10,2026-07-08
2844,TRUE,NA,2026-07-10,2026-07-10,2026-07-10,2026-07-10
2845,TRUE,NA,2026-07-10,2026-07-10,2026-06-29,2026-07-10
2846,TRUE,NA,2026-06-29,2026-06-29,NA,2026-06-29
2847,TRUE,NA,2026-07-09,2026-07-10,2026-07-09,2026-07-10
2848,TRUE,NA,2026-07-09,2026-07-09,2026-06-26,2026-07-09
2849,TRUE,NA,2026-07-07,2026-07-07,NA,2026-07-03
2850,TRUE,NA,2026-07-10,2026-07-10,NA,2026-07-09
2851,TRUE,NA,2026-07-07,2026-07-07,2026-07-07,2026-07-07
2852,TRUE,NA,2026-07-10,2026-07-10,NA,2026-07-10
2853,TRUE,NA,2026-07-09,2026-07-09,2026-07-03,2026-07-03
2854,TRUE,NA,2026-07-03,2026-07-07,NA,2026-07-07
2855,TRUE,NA,2026-07-10,2026-07-10,NA,2026-07-09
2856,TRUE,NA,2026-06-18,2026-07-03,NA,2026-07-03
2857,TRUE,NA,2026-07-07,2026-07-07,NA,2026-06-10
2858,TRUE,NA,2026-07-10,2026-07-10,2026-07-10,2026-07-10
2859,TRUE,NA,2026-07-07,2026-07-07,NA,2026-07-07
2860,TRUE,NA,2026-07-10,2026-07-10,NA,2026-06-29
2861,TRUE,NA,2026-07-10,2026-07-09,2026-07-09,2026-07-09
2862,TRUE,NA,2026-07-07,2026-07-07,NA,2026-06-05
2863,TRUE,NA,2026-07-09,2026-07-10,NA,2026-06-26
2864,TRUE,NA,2026-07-09,2026-07-03,NA,2026-06-26
2865,TRUE,NA,2026-07-10,2026-07-10,2026-07-07,2026-07-07
2866,TRUE,NA,2026-06-29,2026-07-09,NA,2026-06-29
2867,TRUE,NA,2026-07-07,2026-07-07,2026-07-03,2026-07-03
2868,TRUE,NA,2026-07-09,2026-07-09,2026-06-26,2026-06-29
2869,TRUE,NA,2026-07-03,2026-07-03,NA,2026-06-26
2870,TRUE,NA,2026-07-03,2026-07-07,2026-06-22,2026-06-22
2871,TRUE,NA,2026-06-29,2026-06-29,2026-05-25,2026-06-26
2872,TRUE,NA,2026-07-07,2026-07-07,2026-06-18,2026-06-18
2873,TRUE,NA,2026-06-29,2026-06-29,2026-06-17,2026-06-29
2874,TRUE,NA,2026-07-10,2026-07-10,2026-06-05,2026-06-17
2875,TRUE,NA,2026-06-09,2026-06-18,2026-06-09,2026-06-18
2876,TRUE,NA,2026-06-29,2026-06-29,2026-06-10,2026-06-26
2877,TRUE,NA,2026-06-10,2026-06-10,NA,2026-06-10
2878,TRUE,NA,2026-07-09,2026-07-09,NA,2026-06-22
2879,TRUE,NA,2026-06-29,2026-06-29,2026-07-10,2026-06-29
2880,TRUE,NA,2026-06-18,2026-06-18,NA,2026-06-18
2881,TRUE,NA,2026-06-29,2026-06-29,NA,2026-06-17
2882,TRUE,NA,2026-07-07,2026-07-10,2026-06-26,2026-07-10
2883,TRUE,NA,2026-05-25,NA,2026-07-09,NA
2884,TRUE,NA,2026-07-03,2026-07-10,NA,NA
2885,TRUE,NA,2026-06-26,2026-06-22,2026-06-22,2026-06-22
2886,TRUE,NA,2026-07-10,2026-07-09,2026-05-25,2026-07-09
2887,TRUE,NA,2026-06-22,2026-06-26,2026-07-07,2026-06-18
2888,TRUE,NA,2026-06-22,2026-07-09,2026-06-17,2026-06-17
2889,TRUE,NA,2026-07-10,2026-06-26,2026-07-03,2026-06-05
2890,TRUE,NA,2026-07-09,2026-07-07,2026-06-09,2026-07-07
2891,TRUE,NA,2026-06-17,2026-06-10,2026-06-10,2026-06-10
2892,TRUE,NA,2026-06-22,2026-07-07,NA,2026-07-03
2893,TRUE,NA,2026-07-09,2026-06-22,NA,NA
2894,TRUE,NA,2026-07-07,2026-07-03,NA,NA
2895,TRUE,NA,2026-06-17,2026-07-10,NA,NA
2896,TRUE,NA,2026-07-03,2026-07-10,NA,NA
2897,TRUE,NA,2026-07-07,2026-06-09,NA,NA
2898,TRUE,NA,2026-06-10,2026-06-10,NA,NA
2899,TRUE,NA,2026-07-10,2026-07-10,NA,2026-07-10
2900,TRUE,NA,NA,2026-07-09,NA,2026-07-10
2901,TRUE,NA,NA,NA,2026-06-29,2026-07-10
2902,TRUE,NA,2026-06-22,2026-06-22,NA,2026-07-10
2903,TRUE,NA,2026-07-09,2026-07-10,NA,2026-07-09
2904,TRUE,NA,2026-06-18,2026-07-10,2026-06-26,2026-07-09
2905,TRUE,NA,2026-06-17,2026-07-03,NA,2026-07-09
2906,TRUE,NA,2026-06-05,2026-07-03,NA,2026-07-09
2907,TRUE,NA,2026-07-07,2026-07-09,2026-06-22,2026-07-07
2908,TRUE,NA,2026-06-29,2026-07-09,2026-05-25,2026-07-07
2909,TRUE,NA,2026-07-03,2026-07-10,2026-06-18,2026-07-07
2910,TRUE,NA,2026-06-09,2026-06-22,2026-06-17,2026-07-07
2911,TRUE,NA,2026-07-10,2026-07-07,2026-06-05,2026-07-03
2912,TRUE,NA,2026-05-28,2026-07-07,2026-06-09,2026-07-03
2913,TRUE,NA,2026-05-31,2026-07-09,2026-07-10,2026-07-10
2914,TRUE,NA,2026-06-26,2026-07-03,2026-05-28,2026-06-05
2915,TRUE,NA,2026-07-10,2026-07-10,NA,2026-06-09
2916,TRUE,NA,2026-06-18,2026-06-26,NA,2026-06-10
2917,TRUE,NA,2026-06-22,2026-07-07,2026-07-09,2026-07-09
2918,TRUE,NA,2026-06-05,2026-06-29,NA,NA
2919,TRUE,NA,2026-07-10,2026-07-09,NA,NA
2920,TRUE,NA,2026-07-10,2026-07-10,NA,2026-07-10
2921,TRUE,NA,2026-07-03,2026-07-10,2026-07-07,2026-07-07
2922,TRUE,NA,2026-06-29,2026-06-29,NA,2026-07-08
2923,TRUE,NA,2026-07-09,NA,2026-07-03,2026-07-03
2924,TRUE,NA,2026-07-09,2026-07-09,NA,2026-07-09
2925,TRUE,NA,2026-07-10,2026-07-09,NA,2026-06-29
2926,TRUE,NA,NA,2026-06-18,NA,2026-07-07
2927,TRUE,NA,2026-07-07,2026-06-29,NA,2026-06-26
2928,TRUE,NA,2026-07-07,2026-07-07,NA,2026-07-07
2929,TRUE,NA,2026-07-09,2026-07-10,NA,2026-06-22
2930,TRUE,NA,2026-07-03,2026-07-03,NA,2026-07-03
2931,TRUE,NA,2026-06-17,2026-07-03,NA,2026-06-22
2932,TRUE,NA,2026-06-05,2026-06-29,NA,2026-06-18
2933,TRUE,NA,2026-07-07,2026-07-09,NA,2026-06-18
2934,TRUE,NA,2026-07-10,2026-07-10,NA,2026-07-10
2935,TRUE,NA,2026-07-03,2026-06-26,NA,2026-06-10
2936,TRUE,NA,2026-05-25,2026-05-25,NA,2026-06-10
2937,TRUE,NA,2026-06-15,2026-07-10,2026-06-29,2026-06-29
2938,TRUE,NA,2026-07-10,2026-07-09,2026-06-15,2026-07-10
2939,TRUE,NA,2026-06-05,2026-07-03,2026-06-04,NA
2940,TRUE,NA,2026-06-09,2026-06-18,2026-06-26,2026-06-26
2941,TRUE,NA,2026-06-22,2026-07-09,2026-06-09,NA
2942,TRUE,NA,2026-07-10,2026-07-10,2026-06-10,2026-07-09
2943,TRUE,NA,2026-06-29,2026-06-09,2026-06-22,2026-06-22
2944,TRUE,NA,2026-07-03,2026-07-03,NA,2026-07-10
2945,TRUE,NA,2026-07-10,2026-07-10,2026-06-18,2026-06-26
2946,TRUE,NA,2026-07-09,2026-07-09,2026-06-17,2026-07-07
2947,TRUE,NA,2026-07-01,2026-07-03,2026-06-05,2026-06-26
2948,TRUE,NA,2026-07-03,2026-07-08,2026-06-09,2026-07-09
2949,TRUE,NA,2026-07-09,2026-07-09,2026-06-10,2026-06-10
2950,TRUE,NA,2026-07-07,2026-07-07,2026-06-04,2026-06-22
2951,TRUE,NA,2026-06-18,2026-07-10,2026-06-05,NA
2952,TRUE,NA,2026-07-03,2026-07-10,2026-06-08,2026-07-07
2953,TRUE,NA,2026-07-07,2026-07-07,NA,2026-06-17
2954,TRUE,NA,2026-07-10,2026-07-10,NA,2026-07-03
2955,TRUE,NA,2026-07-10,2026-07-10,2026-07-10,2026-07-10
2956,TRUE,NA,2026-07-10,2026-07-10,NA,NA
2957,TRUE,NA,2026-06-18,2026-07-07,NA,2026-07-10
2958,TRUE,NA,2026-07-10,2026-07-10,NA,2026-06-29
2959,TRUE,NA,2026-07-09,2026-07-09,2026-07-09,2026-07-10
2960,TRUE,NA,2026-07-09,2026-07-09,NA,NA
2961,TRUE,NA,2026-07-10,2026-07-10,NA,2026-07-09
2962,TRUE,NA,2026-07-10,2026-07-10,NA,2026-06-29
2963,TRUE,NA,2026-07-07,2026-07-07,2026-07-07,2026-07-09
2964,TRUE,NA,2026-07-07,2026-07-07,NA,2026-06-22
2965,TRUE,NA,2026-07-09,2026-07-09,2026-07-03,2026-07-07
2966,TRUE,NA,2026-07-09,2026-07-09,NA,2026-06-18
2967,TRUE,NA,2026-06-22,2026-07-10,NA,2026-07-07
2968,TRUE,NA,2026-07-03,2026-07-03,NA,2026-06-29
2969,TRUE,NA,2026-07-10,2026-07-10,NA,2026-07-03
2970,TRUE,NA,2026-07-10,2026-07-10,NA,2026-06-18
2971,TRUE,NA,2026-07-03,2026-07-09,NA,2026-06-26
2972,TRUE,NA,2026-07-03,2026-07-10,NA,2026-06-05
2973,TRUE,NA,2026-07-10,2026-07-10,NA,2026-06-09
2974,TRUE,NA,2026-07-09,2026-07-10,NA,2026-06-22
2975,TRUE,NA,2026-06-22,2026-07-07,NA,2026-05-25
2976,TRUE,NA,2026-06-05,2026-07-09,NA,2026-06-18
2977,TRUE,NA,2026-07-09,2026-07-09,NA,2026-06-17
2978,TRUE,NA,2026-07-07,2026-07-09,NA,2026-06-05
2979,TRUE,NA,2026-07-03,2026-07-03,NA,2026-06-09
2980,TRUE,NA,2026-07-10,2026-07-10,2026-06-29,2026-06-29
2981,TRUE,NA,2026-07-07,2026-07-07,NA,NA
2982,TRUE,NA,2026-06-26,2026-07-07,NA,2026-06-29
2983,TRUE,NA,2026-07-03,2026-07-03,2026-07-10,2026-06-26
2984,TRUE,NA,2026-07-09,2026-07-10,NA,2026-06-29
2985,TRUE,NA,2026-06-22,2026-06-22,2026-05-18,2026-06-26
2986,TRUE,NA,2026-07-10,2026-06-29,NA,2026-06-22
2987,TRUE,NA,2026-06-22,2026-06-22,2026-07-09,2026-06-26
2988,TRUE,NA,2026-07-07,2026-07-10,NA,2026-07-10
2989,TRUE,NA,NA,NA,NA,NA
2990,TRUE,NA,2026-07-09,2026-07-03,NA,2026-06-22
2991,TRUE,NA,2026-07-10,2026-07-10,2026-07-07,2026-06-17
2992,TRUE,NA,2026-07-10,2026-07-10,NA,2026-07-09
2993,TRUE,NA,NA,NA,NA,NA
2994,TRUE,NA,2026-07-10,2026-07-10,NA,2026-06-10
2995,TRUE,NA,2026-07-10,2026-07-09,NA,2026-06-09
2996,TRUE,NA,2026-07-09,2026-07-09,NA,2026-07-07
2997,TRUE,NA,NA,NA,NA,NA
2998,TRUE,NA,2026-07-09,2026-07-09,NA,2026-07-10
2999,TRUE,NA,2026-07-09,2026-07-07,NA,NA
3000,TRUE,NA,2026-07-07,2026-07-07,NA,2026-07-10
3001,TRUE,NA,2026-07-03,2026-07-03,NA,NA
3002,TRUE,NA,2026-07-07,2026-07-07,NA,2026-07-09
3003,TRUE,NA,2026-06-18,2026-06-22,NA,NA
3004,TRUE,NA,2026-07-03,2026-07-10,NA,2026-07-09
3005,TRUE,NA,2026-07-10,2026-06-29,NA,NA
3006,TRUE,NA,2026-06-18,2026-06-18,NA,2026-07-07
3007,TRUE,NA,2026-06-17,2026-06-18,2026-05-25,NA
3008,TRUE,NA,2026-06-26,2026-07-09,2026-06-29,2026-07-07
3009,TRUE,NA,2026-07-09,2026-06-29,2026-05-21,NA
3010,TRUE,NA,2026-06-10,2026-06-10,2026-06-04,2026-07-03
3011,TRUE,NA,2026-06-29,2026-07-10,2026-06-26,2026-07-10
3012,TRUE,NA,2026-05-22,2026-07-07,2026-06-09,2026-07-10
3013,TRUE,NA,2026-07-07,2026-07-10,2026-06-10,2026-06-29
3014,TRUE,NA,NA,2026-07-03,NA,NA
3015,TRUE,NA,2026-07-03,2026-07-09,2026-05-22,2026-07-09
3016,TRUE,NA,2026-07-10,2026-06-29,2026-06-18,2026-07-09
3017,TRUE,NA,NA,2026-07-09,NA,NA
3018,TRUE,NA,2026-05-22,2026-06-17,2026-06-05,NA
3019,TRUE,NA,2026-06-29,2026-07-10,2026-06-09,2026-07-10
3020,TRUE,NA,2026-07-09,NA,NA,2026-07-07
3021,TRUE,NA,2026-07-10,2026-07-10,NA,2026-07-03
3022,TRUE,NA,2026-06-26,2026-06-26,2026-07-10,2026-07-10
3023,TRUE,NA,NA,NA,NA,NA
3024,TRUE,NA,2026-07-07,2026-07-03,NA,2026-06-09
3025,TRUE,NA,2026-07-10,2026-07-09,NA,2026-06-29
3026,TRUE,NA,2026-07-03,2026-07-10,2026-07-09,2026-07-10
3027,TRUE,NA,2026-07-10,NA,NA,NA
3028,TRUE,NA,NA,NA,NA,NA
3029,TRUE,NA,2026-07-09,2026-07-07,2026-05-25,2026-07-03
3030,TRUE,NA,2026-07-03,2026-07-09,2026-07-07,2026-07-09
3031,TRUE,NA,2026-07-09,NA,NA,2026-07-10
3032,TRUE,NA,2026-07-10,2026-07-10,NA,NA
3033,TRUE,NA,2026-07-10,2026-07-10,NA,NA
3034,TRUE,NA,2026-06-05,2026-07-07,2026-05-26,2026-07-07
3035,TRUE,NA,2026-07-07,2026-07-03,NA,2026-07-09
3036,TRUE,NA,2026-07-10,2026-07-10,NA,2026-07-10
3037,TRUE,NA,2026-07-09,2026-07-09,NA,2026-06-29
3038,TRUE,NA,2026-07-05,2026-07-10,NA,2026-05-25
3039,TRUE,NA,2026-07-10,2026-07-10,NA,2026-07-07
3040,TRUE,NA,2026-07-09,2026-07-09,NA,2026-07-09
3041,TRUE,NA,2026-07-07,2026-07-07,NA,2026-07-03
3042,TRUE,NA,2026-07-10,2026-07-10,NA,2026-06-22
3043,TRUE,NA,2026-07-09,2026-07-09,NA,2026-06-22
3044,TRUE,NA,2026-07-07,2026-07-07,NA,2026-07-07
3045,TRUE,NA,2026-06-29,2026-06-29,NA,2026-06-18
3046,TRUE,NA,2026-07-09,2026-07-09,NA,2026-07-03
3047,TRUE,NA,2026-07-10,2026-07-10,2026-06-29,2026-06-29
3048,TRUE,NA,NA,2026-07-03,NA,NA
3049,TRUE,NA,2026-07-03,2026-07-03,NA,2026-06-10
3050,TRUE,NA,2026-07-07,2026-07-07,2026-06-26,2026-06-26
3051,TRUE,NA,2026-07-09,2026-07-09,NA,2026-07-10
3052,TRUE,NA,2026-07-03,2026-07-03,2026-05-22,2026-06-18
3053,TRUE,NA,2026-06-26,2026-06-29,2026-06-22,2026-06-22
3054,TRUE,NA,NA,2026-06-26,NA,2026-06-26
3055,TRUE,NA,2026-07-07,2026-07-07,2026-06-18,2026-07-09
3056,TRUE,NA,2026-06-22,2026-07-10,NA,2026-06-29
3057,TRUE,NA,2026-07-03,2026-07-03,NA,2026-06-22
3058,TRUE,NA,2026-06-29,2026-07-10,2026-06-09,2026-06-09
3059,TRUE,NA,2026-06-29,2026-06-29,2026-06-10,2026-07-07
3060,TRUE,NA,2026-06-26,2026-07-10,NA,2026-06-17
3061,TRUE,NA,2026-06-29,2026-07-10,NA,2026-07-03
3062,TRUE,NA,2026-06-26,2026-07-09,NA,2026-06-22
3063,TRUE,NA,2026-06-22,2026-06-29,NA,2026-06-10
3064,TRUE,NA,2026-07-10,2026-07-10,NA,2026-06-26
3065,TRUE,NA,2026-06-22,2026-07-09,NA,2026-06-17
3066,TRUE,NA,2026-07-10,2026-07-10,NA,NA
3067,TRUE,NA,2026-06-29,2026-06-29,NA,2026-06-22
3068,TRUE,NA,2026-07-09,2026-07-09,NA,2026-06-10
3069,TRUE,NA,2026-07-10,2026-07-07,NA,2026-06-18
3070,TRUE,NA,2026-07-09,2026-07-09,NA,2026-06-17
3071,TRUE,NA,2026-06-10,2026-07-10,NA,NA
3072,TRUE,NA,2026-06-29,2026-06-29,NA,2026-06-09
3073,TRUE,NA,2026-07-09,2026-07-03,NA,2026-06-10
3074,TRUE,NA,2026-07-07,2026-07-10,NA,NA
3075,TRUE,NA,2026-07-10,2026-07-10,NA,NA
3076,TRUE,NA,2026-07-03,2026-07-03,NA,2026-06-29
3077,TRUE,NA,NA,NA,NA,NA
3078,TRUE,NA,2026-06-22,2026-07-10,NA,2026-05-25
3079,TRUE,NA,2026-07-09,2026-07-09,NA,2026-06-26
3080,TRUE,NA,NA,2026-06-18,NA,2026-07-10
3081,TRUE,NA,NA,2026-07-03,NA,NA
3082,TRUE,NA,NA,2026-07-09,NA,2026-07-03
3083,TRUE,NA,2026-07-10,2026-07-10,NA,2026-06-04
3084,TRUE,NA,NA,2026-07-03,NA,2026-07-09
3085,TRUE,NA,2026-07-03,2026-07-03,NA,2026-06-17
3086,TRUE,NA,NA,2026-07-07,NA,NA
3087,TRUE,NA,2026-07-09,2026-07-09,NA,2026-06-09
3088,TRUE,NA,NA,2026-07-03,NA,2026-07-07
3089,TRUE,NA,2026-07-05,2026-07-05,NA,NA
3090,TRUE,NA,NA,2026-07-10,NA,2026-07-03
3091,TRUE,NA,2026-07-07,2026-07-07,NA,NA
3092,TRUE,NA,2026-07-10,2026-06-26,NA,NA
3093,TRUE,NA,2026-07-03,2026-07-03,NA,NA
3094,TRUE,NA,NA,2026-06-26,NA,NA
3095,TRUE,NA,2026-06-22,2026-07-09,NA,NA
3096,TRUE,NA,2026-07-10,2026-06-29,NA,NA
3097,TRUE,NA,2026-07-09,2026-06-22,NA,2026-06-29
3098,TRUE,NA,2026-06-17,2026-06-17,NA,NA
3099,TRUE,NA,NA,2026-07-07,NA,2026-05-25
3100,TRUE,NA,2026-07-09,2026-07-09,NA,2026-06-26
3101,TRUE,NA,2026-07-09,2026-07-03,NA,2026-05-21
3102,TRUE,NA,2026-07-10,2026-07-03,NA,NA
3103,TRUE,NA,2026-07-03,2026-06-29,NA,2026-06-22
3104,TRUE,NA,2026-07-07,2026-07-07,NA,2026-06-04
3105,TRUE,NA,2026-07-07,2026-06-22,NA,2026-06-29
3106,TRUE,NA,2026-07-03,2026-07-03,NA,2026-06-17
3107,TRUE,NA,2026-07-09,2026-06-18,NA,2026-05-25
3108,TRUE,NA,2026-07-10,2026-06-29,NA,2026-07-10
3109,TRUE,NA,2026-06-26,2026-06-26,NA,2026-06-10
3110,TRUE,NA,2026-05-25,2026-06-09,NA,NA
3111,TRUE,NA,2026-07-10,2026-07-10,NA,2026-06-22
3112,TRUE,NA,2026-06-22,2026-06-22,NA,2026-06-04
3113,TRUE,NA,2026-07-10,2026-07-10,NA,2026-07-09
3114,TRUE,NA,2026-07-10,2026-06-22,NA,2026-06-17
3115,TRUE,NA,2026-07-10,2026-06-29,NA,NA
3116,TRUE,NA,2026-07-09,2026-07-09,NA,2026-06-09
3117,TRUE,NA,2026-07-07,2026-06-17,NA,2026-07-07
3118,TRUE,NA,2026-07-09,2026-07-09,NA,NA
3119,TRUE,NA,2026-07-09,2026-06-26,NA,2026-07-03
3120,TRUE,NA,2026-07-10,2026-07-10,NA,NA
3121,TRUE,NA,2026-07-10,2026-07-10,NA,NA
3122,TRUE,NA,2026-07-07,2026-07-07,NA,NA
3123,TRUE,NA,2026-07-07,2026-06-26,2026-07-10,NA
3124,TRUE,NA,2026-07-10,2026-07-03,NA,NA
3125,TRUE,NA,2026-07-10,2026-07-10,NA,2026-07-10
3126,TRUE,NA,2026-07-03,2026-06-22,2026-07-10,NA
3127,TRUE,NA,2026-06-29,2026-06-09,NA,NA
3128,TRUE,NA,2026-06-18,2026-06-18,NA,2026-07-10
3129,TRUE,NA,2026-07-09,2026-07-07,NA,NA
3130,TRUE,NA,2026-07-09,2026-07-09,NA,2026-07-09
3131,TRUE,NA,2026-07-03,2026-07-03,2026-07-09,NA
3132,TRUE,NA,2026-06-09,2026-06-09,NA,NA
3133,TRUE,NA,2026-07-07,2026-06-10,NA,2026-07-09
3134,TRUE,NA,2026-07-07,2026-07-07,NA,2026-07-07
3135,TRUE,NA,2026-07-03,NA,NA,NA
3136,TRUE,NA,2026-07-03,2026-07-03,NA,2026-07-03
3137,TRUE,NA,2026-06-16,2026-05-22,NA,2026-07-07
3138,TRUE,NA,2026-06-29,2026-06-29,NA,NA
3139,TRUE,NA,2026-06-29,2026-06-26,NA,2026-07-03
3140,TRUE,NA,2026-06-29,2026-06-26,NA,2026-05-22
3141,TRUE,NA,2026-06-26,2026-06-26,NA,2026-06-18
3142,TRUE,NA,2026-06-26,2026-07-10,NA,2026-06-17
3143,TRUE,NA,2026-06-26,2026-06-22,NA,2026-06-16
3144,TRUE,NA,2026-06-22,2026-06-22,NA,NA
3145,TRUE,NA,2026-07-10,2026-07-10,NA,2026-06-09
3146,TRUE,NA,2026-07-10,2026-06-18,NA,2026-06-10
3147,TRUE,NA,2026-06-18,2026-07-09,NA,NA
3148,TRUE,NA,2026-06-26,2026-06-26,NA,NA
3149,TRUE,NA,2026-06-29,2026-07-10,NA,2026-07-10
3150,TRUE,NA,2026-07-10,2026-07-10,NA,2026-06-29
3151,TRUE,NA,2026-07-09,2026-07-07,NA,NA
3152,TRUE,NA,2026-06-26,2026-05-22,NA,NA
3153,TRUE,NA,2026-07-10,2026-07-10,NA,2026-07-10
3154,TRUE,NA,2026-07-07,2026-07-09,NA,2026-07-09
3155,TRUE,NA,2026-07-09,2026-07-09,NA,NA
3156,TRUE,NA,2026-06-22,2026-07-03,NA,2026-06-26
3157,TRUE,NA,2026-07-03,2026-07-10,NA,2026-07-10
3158,TRUE,NA,2026-07-09,2026-07-09,NA,2026-07-09
3159,TRUE,NA,2026-07-07,2026-06-17,NA,2026-06-22
3160,TRUE,NA,2026-06-17,2026-07-03,NA,2026-07-10
3161,TRUE,NA,2026-07-03,2026-06-16,NA,2026-06-18
3162,TRUE,NA,2026-07-07,2026-07-09,NA,2026-07-09
3163,TRUE,NA,2026-07-10,2026-07-10,NA,2026-06-16
3164,TRUE,NA,2026-06-10,2026-06-10,NA,NA
3165,TRUE,NA,2026-07-03,2026-07-03,2026-07-10,2026-07-10
3166,TRUE,NA,NA,2026-07-07,NA,2026-07-07
3167,TRUE,NA,2026-07-10,2026-06-29,NA,NA
3168,TRUE,NA,2026-07-10,2026-07-10,NA,2026-07-10
3169,TRUE,NA,NA,NA,NA,2026-07-07
3170,TRUE,NA,2026-06-26,2026-06-29,2026-07-09,2026-07-09
3171,TRUE,NA,2026-07-03,NA,NA,NA
3172,TRUE,NA,2026-07-09,2026-07-07,NA,2026-07-03
3173,TRUE,NA,2026-07-10,2026-07-10,NA,2026-07-10
3174,TRUE,NA,2026-06-26,2026-06-29,2026-07-07,2026-07-07
3175,TRUE,NA,2026-07-03,2026-07-03,NA,NA
3176,TRUE,NA,2026-07-10,2026-06-22,NA,NA
3177,TRUE,NA,2026-07-07,2026-07-07,2026-07-03,2026-07-07
3178,TRUE,NA,2026-07-10,2026-07-09,NA,2026-07-09
3179,TRUE,NA,2026-07-03,2026-06-29,NA,2026-06-29
3180,TRUE,NA,2026-07-03,2026-07-03,NA,2026-07-03
3181,TRUE,NA,2026-07-09,2026-06-01,NA,NA
3182,TRUE,NA,2026-07-07,2026-07-07,NA,2026-07-07
3183,TRUE,NA,2026-07-09,2026-06-17,NA,2026-06-29
3184,TRUE,NA,2026-06-17,2026-06-16,NA,2026-06-16
3185,TRUE,NA,2026-07-07,2026-07-03,NA,2026-07-03
3186,TRUE,NA,2026-06-01,2026-07-10,NA,2026-06-29
3187,TRUE,NA,2026-07-10,2026-07-10,NA,2026-06-18
3188,TRUE,NA,2026-07-03,2026-06-17,NA,2026-07-10
3189,TRUE,NA,2026-06-29,2026-07-10,NA,2026-06-26
3190,TRUE,NA,2026-07-03,2026-06-26,NA,2026-06-01
3191,TRUE,NA,2026-06-22,2026-07-09,2026-06-29,2026-06-29
3192,TRUE,NA,2026-07-09,2026-07-09,NA,2026-06-22
3193,TRUE,NA,2026-06-29,2026-06-22,NA,2026-07-09
3194,TRUE,NA,2026-06-29,2026-07-09,2026-06-26,2026-06-29
3195,TRUE,NA,2026-07-10,2026-07-10,2026-05-25,2026-07-10
3196,TRUE,NA,2026-07-07,2026-07-07,2026-05-18,2026-06-16
3197,TRUE,NA,2026-06-26,2026-06-26,2026-06-22,2026-07-07
3198,TRUE,NA,2026-06-17,2026-07-07,NA,2026-06-09
3199,TRUE,NA,2026-07-03,2026-07-03,2026-06-18,2026-06-29
3200,TRUE,NA,2026-07-10,2026-07-10,2026-06-17,2026-07-09
3201,TRUE,NA,2026-07-10,2026-07-10,2026-06-16,2026-07-10
3202,TRUE,NA,2026-06-26,2026-06-26,2026-06-01,2026-06-26
3203,TRUE,NA,2026-07-10,2026-06-17,2026-06-09,2026-06-17
3204,TRUE,NA,2026-07-10,2026-07-10,2026-06-10,2026-07-07
3205,TRUE,NA,2026-07-10,2026-07-10,NA,2026-06-22
3206,TRUE,NA,2026-07-09,2026-07-09,NA,2026-07-09
3207,TRUE,NA,2026-06-26,2026-07-03,NA,2026-07-03
3208,TRUE,NA,2026-07-09,2026-06-17,NA,2026-06-17
3209,TRUE,NA,2026-07-09,2026-07-09,NA,2026-07-10
3210,TRUE,NA,2026-07-10,2026-07-09,NA,2026-07-07
3211,TRUE,NA,2026-06-09,2026-06-09,NA,2026-06-09
3212,TRUE,NA,2026-07-07,2026-07-03,NA,2026-06-10
3213,TRUE,NA,2026-07-07,2026-07-07,NA,2026-07-03
3214,TRUE,NA,2026-07-07,2026-07-10,NA,2026-07-09
3215,TRUE,NA,2026-07-10,2026-07-10,NA,NA
3216,TRUE,NA,2026-07-03,2026-07-10,NA,NA
3217,TRUE,NA,2026-07-03,2026-07-03,NA,2026-06-26
3218,TRUE,NA,2026-05-18,2026-06-26,2026-05-25,2026-07-07
3219,TRUE,NA,2026-07-07,2026-07-09,NA,NA
3220,TRUE,NA,2026-07-10,2026-07-10,2026-05-22,2026-07-10
3221,TRUE,NA,2026-06-18,2026-07-09,NA,2026-07-03
3222,TRUE,NA,2026-07-03,2026-06-17,NA,2026-06-18
3223,TRUE,NA,2026-06-16,2026-07-07,2026-05-26,2026-06-17
3224,TRUE,NA,2026-07-10,2026-07-10,NA,2026-06-26
3225,TRUE,NA,2026-07-10,2026-07-09,NA,2026-07-09
3226,TRUE,NA,2026-07-10,2026-07-10,NA,2026-06-09
3227,TRUE,NA,2026-07-10,2026-07-03,NA,2026-06-29
3228,TRUE,NA,2026-07-10,2026-07-10,NA,2026-06-05
3229,TRUE,NA,2026-07-09,2026-07-09,NA,2026-07-07
3230,TRUE,NA,2026-07-09,2026-06-29,NA,2026-06-26
3231,TRUE,NA,2026-07-09,2026-07-09,NA,2026-06-16
3232,TRUE,NA,2026-07-09,2026-07-10,NA,2026-07-03
3233,TRUE,NA,2026-07-09,2026-07-09,2026-05-25,2026-06-22
3234,TRUE,NA,2026-07-07,2026-06-26,2026-05-18,2026-06-10
3235,TRUE,NA,2026-07-07,2026-07-07,2026-05-22,2026-06-29
3236,TRUE,NA,2026-07-07,2026-07-03,NA,2026-06-17
3237,TRUE,NA,2026-07-07,2026-07-09,NA,2026-05-22
3238,TRUE,NA,2026-07-10,2026-07-03,2026-06-02,2026-06-26
3239,TRUE,NA,2026-07-03,2026-07-10,2026-05-28,2026-06-03
3240,TRUE,NA,2026-07-10,2026-07-10,2026-06-01,2026-06-01
3241,TRUE,NA,2026-06-29,2026-07-10,NA,2026-07-10
3242,TRUE,NA,2026-06-22,2026-06-29,NA,NA
3243,TRUE,NA,2026-07-09,2026-06-26,NA,2026-06-18
3244,TRUE,NA,2026-07-09,2026-07-09,NA,2026-06-17
3245,TRUE,NA,2026-07-09,2026-07-10,NA,2026-06-16
3246,TRUE,NA,2026-06-29,2026-07-09,NA,2026-07-09
3247,TRUE,NA,2026-07-07,2026-06-22,NA,2026-06-09
3248,TRUE,NA,2026-07-07,2026-07-07,NA,2026-06-10
3249,TRUE,NA,2026-07-07,2026-07-07,NA,2026-06-26
3250,TRUE,NA,2026-07-03,2026-07-10,NA,2026-07-07
3251,TRUE,NA,2026-07-10,2026-07-05,NA,NA
3252,TRUE,NA,2026-07-03,2026-07-03,NA,2026-06-22
3253,TRUE,NA,2026-06-29,2026-07-10,NA,2026-07-03
3254,TRUE,NA,2026-07-03,2026-07-07,NA,2026-07-10
3255,TRUE,NA,2026-06-26,2026-07-09,NA,2026-06-17
3256,TRUE,NA,2026-07-09,2026-06-22,NA,2026-06-16
3257,TRUE,NA,2026-06-26,2026-07-03,NA,2026-06-01
3258,TRUE,NA,2026-06-22,2026-07-09,NA,2026-06-09
3259,TRUE,NA,2026-06-22,2026-07-07,NA,2026-07-09
3260,TRUE,NA,2026-07-07,2026-07-10,NA,NA
3261,TRUE,NA,2026-07-10,2026-07-10,NA,NA
3262,TRUE,NA,2026-07-10,2026-07-10,NA,NA
3263,TRUE,NA,2026-07-10,2026-07-10,NA,2026-07-07
3264,TRUE,NA,2026-06-29,2026-06-22,NA,NA
3265,TRUE,NA,2026-06-29,2026-07-09,NA,NA
3266,TRUE,NA,2026-07-09,2026-07-09,NA,2026-07-03
3267,TRUE,NA,2026-07-10,2026-07-09,NA,2026-06-29
3268,TRUE,NA,2026-07-09,2026-07-09,NA,NA
3269,TRUE,NA,2026-06-26,2026-07-10,NA,NA
3270,TRUE,NA,2026-07-07,2026-07-07,NA,2026-07-05
3271,TRUE,NA,2026-07-07,2026-07-07,NA,2026-05-18
3272,TRUE,NA,2026-07-09,2026-07-07,NA,2026-07-10
3273,TRUE,NA,2026-07-10,2026-07-03,NA,2026-07-03
3274,TRUE,NA,2026-07-03,2026-07-09,NA,2026-07-03
3275,TRUE,NA,2026-07-10,2026-07-10,NA,2026-06-18
3276,TRUE,NA,2026-07-10,2026-07-10,NA,2026-06-17
3277,TRUE,NA,2026-06-29,2026-06-29,NA,2026-07-09
3278,TRUE,NA,2026-07-09,2026-07-07,NA,2026-05-28
3279,TRUE,NA,2026-07-03,2026-06-29,NA,2026-06-09
3280,TRUE,NA,2026-07-10,2026-07-10,NA,2026-07-10
3281,TRUE,NA,2026-07-10,2026-07-10,NA,2026-07-10
3282,TRUE,NA,2026-07-07,2026-06-26,NA,NA
3283,TRUE,NA,2026-07-10,2026-07-10,NA,2026-06-26
3284,TRUE,NA,2026-07-10,2026-07-10,NA,2026-07-10
3285,TRUE,NA,2026-07-09,2026-07-09,NA,2026-07-09
3286,TRUE,NA,2026-07-09,2026-07-09,NA,2026-07-09
3287,TRUE,NA,2026-07-03,2026-07-03,NA,2026-06-29
3288,TRUE,NA,2026-07-09,2026-07-09,NA,2026-06-18
3289,TRUE,NA,2026-07-09,2026-07-09,NA,2026-07-09
3290,TRUE,NA,2026-07-07,2026-07-07,NA,2026-07-07
3291,TRUE,NA,2026-06-26,2026-06-26,NA,2026-07-05
3292,TRUE,NA,2026-07-07,2026-07-07,NA,2026-07-03
3293,TRUE,NA,2026-07-07,2026-07-07,NA,2026-07-07
3294,TRUE,NA,2026-07-10,2026-07-10,NA,2026-07-03
3295,TRUE,NA,2026-07-03,2026-07-03,NA,2026-06-18
3296,TRUE,NA,2026-07-03,2026-07-03,NA,2026-07-10
3297,TRUE,NA,2026-06-17,2026-06-18,NA,2026-06-16
3298,TRUE,NA,2026-07-10,2026-07-10,NA,2026-06-29
3299,TRUE,NA,2026-07-09,2026-07-09,NA,2026-06-09
3300,TRUE,NA,2026-06-10,2026-06-10,NA,2026-06-10
3301,TRUE,NA,2026-06-29,2026-06-29,NA,2026-07-09
3302,TRUE,NA,2026-06-29,2026-07-10,NA,NA
3303,TRUE,NA,2026-07-09,2026-07-09,NA,2026-05-25
3304,TRUE,NA,2026-07-10,2026-06-26,NA,2026-06-22
3305,TRUE,NA,2026-06-26,2026-06-26,NA,2026-07-07
3306,TRUE,NA,2026-07-03,2026-07-03,NA,2026-06-29
3307,TRUE,NA,2026-07-10,2026-07-10,NA,2026-06-29
3308,TRUE,NA,2026-06-22,2026-06-22,2026-05-25,2026-07-03
3309,TRUE,NA,2026-07-09,2026-06-29,2026-05-18,2026-06-26
3310,TRUE,NA,2026-07-03,2026-07-03,2026-05-22,2026-07-10
3311,TRUE,NA,2026-06-17,2026-07-07,NA,2026-06-26
3312,TRUE,NA,2026-07-09,2026-07-09,2026-06-13,2026-07-10
3313,TRUE,NA,2026-07-07,2026-06-26,2026-06-05,2026-06-26
3314,TRUE,NA,2026-06-18,2026-07-10,2026-05-28,2026-06-22
3315,TRUE,NA,2026-06-22,2026-07-10,2026-06-09,2026-07-09
3316,TRUE,NA,2026-07-07,2026-07-10,2026-06-10,2026-06-22
3317,TRUE,NA,2026-07-10,2026-07-10,NA,2026-07-09
3318,TRUE,NA,2026-07-10,2026-07-10,NA,2026-07-10
3319,TRUE,NA,2026-07-03,2026-07-09,NA,2026-07-07
3320,TRUE,NA,2026-07-10,2026-07-09,NA,2026-06-16
3321,TRUE,NA,2026-06-15,2026-07-09,NA,2026-07-07
3322,TRUE,NA,2026-07-09,2026-07-09,NA,2026-07-03
3323,TRUE,NA,2026-07-09,2026-07-09,NA,2026-07-09
3324,TRUE,NA,2026-07-10,2026-07-07,NA,2026-07-10
3325,TRUE,NA,2026-06-10,2026-07-10,2026-07-10,2026-06-26
3326,TRUE,NA,2026-07-07,2026-07-10,NA,2026-07-10
3327,TRUE,NA,2026-07-07,2026-07-07,NA,2026-07-10
3328,TRUE,NA,2026-07-10,2026-07-10,NA,2026-07-10
3329,TRUE,NA,2026-07-10,2026-07-10,NA,2026-07-10
3330,TRUE,NA,2026-07-03,2026-07-09,2026-07-09,2026-06-18
3331,TRUE,NA,2026-05-28,2026-07-10,NA,2026-07-09
3332,TRUE,NA,2026-07-10,2026-07-10,NA,2026-07-10
3333,TRUE,NA,2026-07-10,2026-07-10,NA,2026-07-09
3334,TRUE,NA,2026-07-09,2026-07-09,2026-07-07,2026-07-09
3335,TRUE,NA,NA,2026-07-10,NA,2026-07-07
3336,TRUE,NA,2026-07-03,2026-07-10,2026-06-29,2026-07-07
3337,TRUE,NA,2026-07-10,2026-07-10,2026-07-03,2026-07-09
3338,TRUE,NA,2026-07-09,2026-07-09,NA,2026-07-07
3339,TRUE,NA,2026-06-22,2026-06-22,2026-06-26,2026-07-03
3340,TRUE,NA,2026-07-03,2026-07-09,NA,2026-07-03
3341,TRUE,NA,2026-07-07,2026-07-09,NA,2026-07-07
3342,TRUE,NA,2026-07-09,2026-07-09,2026-06-22,2026-05-18
3343,TRUE,NA,2026-07-10,2026-06-29,NA,2026-05-25
3344,TRUE,NA,2026-07-10,2026-07-10,2026-06-18,2026-07-10
3345,TRUE,NA,2026-07-03,2026-07-10,2026-06-17,2026-05-22
3346,TRUE,NA,2026-07-07,2026-07-07,2026-06-16,2026-06-18
3347,TRUE,NA,2026-07-10,2026-07-10,NA,2026-07-10
3348,TRUE,NA,2026-07-09,2026-07-10,2026-06-09,2026-06-16
3349,TRUE,NA,2026-07-09,2026-07-09,NA,2026-07-09
3350,TRUE,NA,2026-07-10,2026-07-10,NA,2026-06-29
3351,TRUE,NA,2026-06-18,2026-06-29,2026-06-29,2026-06-10
3352,TRUE,NA,2026-07-09,2026-07-09,NA,2026-07-09
3353,TRUE,NA,2026-07-07,2026-07-09,NA,2026-07-07
3354,TRUE,NA,2026-07-10,2026-07-10,2026-06-26,2026-06-29
3355,TRUE,NA,2026-07-10,2026-07-09,NA,2026-06-29
3356,TRUE,NA,2026-07-07,2026-07-07,2026-05-25,2026-07-07
3357,TRUE,NA,2026-07-10,2026-07-10,2026-06-22,2026-06-26
3358,TRUE,NA,2026-07-10,2026-06-29,NA,2026-06-29
3359,TRUE,NA,2026-07-09,2026-07-09,2026-06-18,2026-07-03
3360,TRUE,NA,2026-07-10,2026-07-03,2026-06-17,2026-06-22
3361,TRUE,NA,2026-06-26,2026-06-29,2026-06-16,2026-06-26
3362,TRUE,NA,2026-07-09,2026-07-10,NA,2026-07-10
3363,TRUE,NA,2026-07-09,2026-07-10,2026-06-09,2026-07-10
3364,TRUE,NA,2026-07-07,2026-06-26,2026-06-10,2026-06-22
3365,TRUE,NA,2026-07-09,2026-06-26,NA,2026-06-16
3366,TRUE,NA,2026-07-07,2026-07-07,NA,2026-06-18
3367,TRUE,NA,2026-07-10,2026-07-10,NA,2026-07-09
3368,TRUE,NA,2026-06-17,2026-07-09,NA,2026-07-09
3369,TRUE,NA,2026-07-10,2026-07-10,NA,2026-07-10
3370,TRUE,NA,2026-06-29,2026-06-29,NA,2026-07-05
3371,TRUE,NA,2026-06-18,2026-07-10,NA,2026-07-07
3372,TRUE,NA,2026-07-10,2026-07-10,NA,2026-07-07
3373,TRUE,NA,2026-06-26,2026-07-07,NA,2026-07-03
3374,TRUE,NA,2026-07-09,2026-07-09,2026-07-10,2026-07-09
3375,TRUE,NA,2026-06-22,2026-07-03,NA,2026-07-03
3376,TRUE,NA,2026-07-07,2026-07-09,NA,2026-06-26
3377,TRUE,NA,2026-07-09,2026-07-09,NA,2026-06-03
3378,TRUE,NA,2026-07-07,2026-07-07,NA,2026-07-07
3379,TRUE,NA,2026-07-03,2026-07-03,2026-07-09,2026-06-22
3380,TRUE,NA,2026-06-29,2026-07-07,NA,2026-06-16
3381,TRUE,NA,2026-07-10,2026-07-10,NA,2026-07-03
3382,TRUE,NA,2026-06-22,2026-06-22,NA,2026-06-17
3383,TRUE,NA,2026-06-29,2026-07-03,2026-07-07,2026-06-16
3384,TRUE,NA,2026-07-10,2026-07-10,NA,NA
3385,TRUE,NA,2026-06-17,2026-07-10,NA,2026-06-09
3386,TRUE,NA,2026-07-09,2026-07-09,2026-07-03,2026-06-10
3387,TRUE,NA,2026-07-10,2026-07-10,NA,2026-07-10
3388,TRUE,NA,2026-06-18,2026-06-29,2026-07-10,2026-06-29
3389,TRUE,NA,2026-07-09,2026-07-09,NA,2026-06-29
3390,TRUE,NA,2026-07-07,2026-07-09,NA,2026-06-26
3391,TRUE,NA,2026-06-18,2026-06-26,2026-05-18,2026-06-26
3392,TRUE,NA,2026-07-10,2026-07-10,NA,2026-07-09
3393,TRUE,NA,2026-07-10,2026-07-10,2026-07-09,2026-07-10
3394,TRUE,NA,2026-06-18,2026-07-10,NA,2026-06-22
3395,TRUE,NA,2026-06-29,2026-07-10,NA,2026-06-29
3396,TRUE,NA,2026-07-07,2026-07-07,NA,2026-06-18
3397,TRUE,NA,2026-07-09,2026-07-09,2026-07-07,2026-06-18
3398,TRUE,NA,2026-07-09,2026-07-09,NA,2026-07-09
3399,TRUE,NA,2026-07-03,2026-07-09,NA,2026-06-16
3400,TRUE,NA,2026-06-03,2026-07-09,2026-07-03,2026-06-09
3401,TRUE,NA,2026-07-07,2026-07-07,2026-05-25,2026-06-22
3402,TRUE,NA,2026-07-07,2026-07-07,NA,2026-07-07
3403,TRUE,NA,2026-06-16,2026-06-22,2026-06-26,2026-06-18
3404,TRUE,NA,2026-07-10,2026-07-10,2026-05-21,2026-06-17
3405,TRUE,NA,2026-07-03,2026-07-03,NA,2026-07-03
3406,TRUE,NA,2026-06-18,2026-06-18,2026-06-22,NA
3407,TRUE,NA,2026-06-29,2026-07-03,2026-06-03,2026-06-09
3408,TRUE,NA,2026-06-16,2026-06-16,2026-06-18,2026-06-10
3409,TRUE,NA,2026-07-09,2026-07-09,2026-06-17,NA
3410,TRUE,NA,2026-06-29,2026-06-29,2026-06-16,NA
3411,TRUE,NA,2026-07-10,2026-07-10,NA,NA
3412,TRUE,NA,2026-07-10,2026-07-10,2026-06-09,NA
3413,TRUE,NA,2026-07-07,2026-07-10,2026-06-10,NA
3414,TRUE,NA,2026-07-10,2026-07-10,2026-06-29,NA
3415,TRUE,NA,2026-07-02,2026-07-10,NA,NA
3416,TRUE,NA,2026-07-09,2026-07-09,NA,NA
3417,TRUE,NA,2026-07-09,2026-07-09,2026-06-26,NA
3418,TRUE,NA,2026-07-10,2026-07-10,NA,NA
3419,TRUE,NA,2026-07-09,2026-07-09,NA,2026-06-29
3420,TRUE,NA,2026-07-07,2026-07-09,2026-06-22,NA
3421,TRUE,NA,2026-07-07,2026-07-07,NA,NA
3422,TRUE,NA,2026-06-17,2026-07-07,2026-06-18,2026-06-26
3423,TRUE,NA,2026-07-09,2026-07-09,2026-06-17,NA
3424,TRUE,NA,2026-07-10,2026-07-10,2026-07-10,NA
3425,TRUE,NA,2026-06-09,2026-07-10,NA,2026-06-22
3426,TRUE,NA,2026-07-10,2026-07-10,2026-06-09,2026-07-10
3427,TRUE,NA,2026-07-10,2026-07-10,2026-06-10,2026-06-18
3428,TRUE,NA,2026-07-10,2026-07-10,NA,2026-06-17
3429,TRUE,NA,2026-07-09,2026-07-09,2026-07-09,2026-06-16
3430,TRUE,NA,2026-07-03,2026-07-09,NA,NA
3431,TRUE,NA,2026-07-09,2026-07-10,NA,2026-07-09
3432,TRUE,NA,2026-07-09,2026-07-09,NA,NA
3433,TRUE,NA,2026-07-09,2026-07-09,2026-07-07,NA
3434,TRUE,NA,2026-05-21,2026-07-07,NA,NA
3435,TRUE,NA,2026-07-07,2026-07-10,NA,2026-07-10
3436,TRUE,NA,2026-07-07,2026-07-09,2026-07-03,NA
3437,TRUE,NA,2026-07-10,2026-07-07,NA,NA
3438,TRUE,NA,2026-07-03,2026-07-03,NA,2026-07-03
3439,TRUE,NA,2026-07-10,2026-07-03,NA,NA
3440,TRUE,NA,2026-07-03,2026-07-09,NA,2026-07-09
3441,TRUE,NA,2026-06-26,2026-06-29,NA,2026-07-10
3442,TRUE,NA,2026-07-09,2026-06-26,NA,NA
3443,TRUE,NA,2026-07-10,2026-07-10,NA,NA
3444,TRUE,NA,2026-07-10,2026-07-07,NA,2026-07-07
3445,TRUE,NA,2026-06-18,2026-06-22,NA,2026-05-25
3446,TRUE,NA,2026-07-07,2026-06-18,NA,2026-07-09
3447,TRUE,NA,2026-06-26,2026-07-03,NA,2026-07-03
3448,TRUE,NA,2026-07-09,2026-07-10,NA,2026-05-21
3449,TRUE,NA,2026-07-09,2026-06-18,NA,2026-07-10
3450,TRUE,NA,2026-06-29,2026-07-10,2026-06-29,2026-07-07
3451,TRUE,NA,2026-07-10,2026-07-10,2026-07-10,2026-07-10
3452,TRUE,NA,2026-07-07,2026-07-10,NA,2026-06-29
3453,TRUE,NA,2026-07-10,2026-07-10,2026-06-26,2026-07-03
3454,TRUE,NA,2026-06-29,2026-06-29,2026-05-21,2026-07-09
3455,TRUE,NA,2026-07-03,2026-07-09,NA,2026-06-26
3456,TRUE,NA,2026-07-09,2026-07-09,2026-07-09,2026-07-09
3457,TRUE,NA,2026-07-10,2026-07-10,2026-06-03,2026-06-10
3458,TRUE,NA,2026-07-10,2026-07-10,2026-06-18,2026-07-07
3459,TRUE,NA,2026-06-17,2026-07-07,2026-06-17,2026-06-03
3460,TRUE,NA,2026-07-07,2026-07-07,2026-07-07,2026-07-07
3461,TRUE,NA,2026-06-17,2026-07-07,NA,2026-07-03
3462,TRUE,NA,2026-07-09,2026-07-09,2026-06-09,2026-06-16
3463,TRUE,NA,2026-07-10,2026-07-10,2026-07-03,2026-07-10
3464,TRUE,NA,2026-06-16,2026-07-03,NA,2026-06-26
3465,TRUE,NA,2026-07-03,2026-07-10,NA,2026-07-10
3466,TRUE,NA,2026-07-10,2026-07-10,NA,NA
3467,TRUE,NA,2026-07-07,2026-07-07,NA,2026-06-29
3468,TRUE,NA,2026-07-09,2026-07-09,NA,2026-07-09
3469,TRUE,NA,2026-07-03,2026-07-03,NA,2026-06-18
3470,TRUE,NA,2026-07-03,2026-07-09,NA,2026-07-09
3471,TRUE,NA,2026-07-09,2026-07-09,NA,2026-06-16
3472,TRUE,NA,2026-07-07,2026-07-07,NA,2026-07-07
3473,TRUE,NA,2026-06-26,2026-07-10,NA,2026-06-22
3474,TRUE,NA,2026-07-10,2026-07-07,NA,2026-07-07
3475,TRUE,NA,2026-07-07,2026-07-07,NA,2026-07-03
3476,TRUE,NA,2026-07-10,2026-07-10,NA,2026-06-17
3477,TRUE,NA,2026-06-29,2026-07-10,2026-06-29,2026-07-03
3478,TRUE,NA,2026-07-03,2026-07-09,2026-05-25,2026-06-26
3479,TRUE,NA,2026-07-09,2026-06-29,2026-05-22,2026-06-09
3480,TRUE,NA,2026-06-26,2026-07-10,2026-06-26,2026-06-26
3481,TRUE,NA,2026-07-09,2026-07-09,2026-05-21,2026-06-22
3482,TRUE,NA,2026-06-26,2026-07-09,2026-07-10,2026-07-10
3483,TRUE,NA,2026-07-07,2026-06-29,2026-06-22,2026-06-22
3484,TRUE,NA,2026-06-29,2026-06-29,2026-06-03,2026-06-17
3485,TRUE,NA,2026-07-07,2026-07-09,2026-06-18,2026-06-18
3486,TRUE,NA,2026-07-03,2026-07-07,2026-06-17,2026-06-17
3487,TRUE,NA,2026-07-10,2026-07-10,2026-07-09,2026-07-09
3488,TRUE,NA,2026-07-03,2026-07-03,2026-06-09,2026-06-10
3489,TRUE,NA,2026-06-29,2026-07-07,2026-06-10,2026-06-29
3490,TRUE,NA,2026-06-22,2026-07-10,2026-06-10,2026-06-10
3491,TRUE,NA,2026-07-10,2026-06-29,2026-07-07,2026-07-07
3492,TRUE,NA,2026-07-09,2026-07-09,NA,2026-06-26
3493,TRUE,NA,2026-07-10,2026-06-17,NA,2026-06-05
3494,TRUE,NA,2026-06-16,2026-06-26,2026-07-03,2026-07-03
3495,TRUE,NA,2026-06-26,2026-07-10,NA,2026-06-22
3496,TRUE,NA,2026-07-09,2026-07-07,2026-07-10,2026-07-10
3497,TRUE,NA,2026-07-10,2026-07-10,NA,2026-06-22
3498,TRUE,NA,2026-07-09,2026-06-22,NA,2026-07-10
3499,TRUE,NA,2026-07-03,2026-07-10,NA,2026-07-10
3500,TRUE,NA,2026-07-07,2026-07-09,NA,2026-06-17
3501,TRUE,NA,2026-07-10,2026-06-17,2026-07-09,2026-07-09
3502,TRUE,NA,2026-07-09,2026-07-09,NA,2026-06-22
3503,TRUE,NA,2026-07-03,2026-07-10,NA,2026-07-09
3504,TRUE,NA,2026-07-10,2026-07-09,NA,2026-07-09
3505,TRUE,NA,2026-07-03,2026-06-26,2026-07-07,2026-07-07
3506,TRUE,NA,2026-07-09,2026-07-07,NA,2026-06-16
3507,TRUE,NA,2026-06-03,2026-07-03,NA,2026-07-10
3508,TRUE,NA,2026-06-22,2026-07-09,2026-07-03,2026-07-10
3509,TRUE,NA,2026-07-09,2026-07-03,NA,2026-06-10
3510,TRUE,NA,2026-07-07,2026-06-18,2026-05-22,2026-07-03
3511,TRUE,NA,2026-06-17,2026-07-10,2026-06-26,2026-07-10
3512,TRUE,NA,NA,2026-07-07,NA,2026-07-09
3513,TRUE,NA,2026-07-07,2026-07-10,2026-06-04,2026-07-09
3514,TRUE,NA,2026-07-10,2026-07-10,2026-06-22,2026-07-10
3515,TRUE,NA,2026-07-10,2026-07-10,2026-05-28,2026-05-22
3516,TRUE,NA,2026-07-03,2026-07-10,2026-06-18,2026-07-09
3517,TRUE,NA,2026-06-29,2026-06-09,2026-06-17,2026-07-07
3518,TRUE,NA,2026-07-10,2026-07-09,2026-06-16,2026-06-16
3519,TRUE,NA,2026-07-09,2026-07-09,2026-06-09,2026-07-09
3520,TRUE,NA,2026-07-09,2026-07-09,2026-07-10,2026-07-07
3521,TRUE,NA,2026-06-18,2026-07-09,NA,2026-05-31
3522,TRUE,NA,2026-06-26,2026-07-07,2026-06-29,2026-06-29
3523,TRUE,NA,2026-07-09,2026-07-10,NA,2026-07-07
3524,TRUE,NA,2026-07-07,2026-07-07,2026-05-22,2026-06-29
3525,TRUE,NA,2026-06-22,2026-07-07,2026-06-26,2026-06-29
3526,TRUE,NA,2026-07-03,2026-07-03,NA,2026-07-03
3527,TRUE,NA,2026-07-07,2026-07-03,2026-06-04,2026-06-26
3528,TRUE,NA,2026-07-10,2026-07-10,2026-06-22,2026-06-26
3529,TRUE,NA,2026-07-10,2026-06-29,2026-05-28,2026-05-28
3530,TRUE,NA,2026-07-03,2026-06-17,2026-06-18,2026-06-22
3531,TRUE,NA,2026-07-10,2026-06-22,2026-06-17,2026-06-22
3532,TRUE,NA,2026-07-10,2026-07-10,2026-06-16,2026-07-10
3533,TRUE,NA,2026-07-09,2026-07-09,2026-06-09,2026-06-29
3534,TRUE,NA,2026-07-10,2026-07-10,2026-06-10,2026-06-29
3535,TRUE,NA,2026-07-10,2026-07-03,NA,2026-06-16
3536,TRUE,NA,2026-07-09,2026-06-09,NA,2026-06-26
3537,TRUE,NA,2026-07-09,2026-07-09,NA,2026-07-09
3538,TRUE,NA,2026-07-10,2026-07-10,NA,2026-07-10
3539,TRUE,NA,2026-07-09,2026-07-09,NA,2026-06-22
3540,TRUE,NA,2026-07-09,2026-07-03,NA,2026-06-29
3541,TRUE,NA,2026-07-07,2026-07-07,NA,2026-07-10
3542,TRUE,NA,2026-07-10,2026-07-10,NA,2026-06-18
3543,TRUE,NA,2026-07-09,2026-07-09,NA,2026-07-09
3544,TRUE,NA,2026-07-07,2026-07-10,NA,2026-07-03
3545,TRUE,NA,2026-07-10,2026-07-10,NA,2026-07-10
3546,TRUE,NA,2026-07-03,2026-07-10,NA,2026-06-22
3547,TRUE,NA,2026-07-09,2026-07-09,NA,2026-07-07
3548,TRUE,NA,2026-06-22,2026-07-10,NA,2026-06-18
3549,TRUE,NA,2026-06-18,2026-07-09,NA,2026-06-17
3550,TRUE,NA,2026-07-09,2026-07-09,NA,2026-07-09
3551,TRUE,NA,2026-07-07,2026-07-09,NA,2026-06-09
3552,TRUE,NA,2026-06-18,2026-06-26,NA,2026-06-10
3553,TRUE,NA,2026-06-22,2026-07-09,NA,NA
3554,TRUE,NA,2026-07-10,2026-07-10,NA,2026-07-07
3555,TRUE,NA,2026-06-18,2026-07-10,NA,2026-07-10
3556,TRUE,NA,NA,NA,NA,NA
3557,TRUE,NA,2026-07-10,2026-07-10,NA,2026-07-10
3558,TRUE,NA,2026-07-10,2026-07-10,NA,2026-06-29
3559,TRUE,NA,2026-07-10,2026-07-10,NA,NA
3560,TRUE,NA,2026-07-03,2026-07-09,NA,2026-07-09
3561,TRUE,NA,NA,NA,NA,NA
3562,TRUE,NA,2026-07-10,2026-07-10,NA,2026-07-10
3563,TRUE,NA,2026-07-09,2026-07-09,NA,2026-06-04
3564,TRUE,NA,2026-07-10,2026-07-10,NA,2026-07-07
3565,TRUE,NA,NA,NA,NA,2026-07-10
3566,TRUE,NA,2026-07-10,2026-07-07,NA,2026-07-07
3567,TRUE,NA,2026-07-09,2026-07-09,NA,2026-07-10
3568,TRUE,NA,2026-07-07,2026-07-10,NA,NA
3569,TRUE,NA,2026-07-09,2026-07-09,NA,2026-07-03
3570,TRUE,NA,2026-07-03,2026-07-03,NA,2026-07-10
3571,TRUE,NA,2026-07-09,2026-07-07,NA,2026-07-07
3572,TRUE,NA,NA,2026-06-29,NA,2026-07-09
3573,TRUE,NA,2026-07-10,2026-07-10,NA,2026-06-22
3574,TRUE,NA,2026-06-29,2026-07-08,NA,2026-07-07
3575,TRUE,NA,2026-07-07,2026-06-26,NA,2026-07-09
3576,TRUE,NA,2026-07-10,2026-07-10,NA,2026-07-07
3577,TRUE,NA,2026-06-26,2026-07-07,NA,2026-07-03
3578,TRUE,NA,2026-07-10,2026-07-10,NA,2026-06-09
3579,TRUE,NA,2026-06-18,2026-07-10,NA,2026-07-07
3580,TRUE,NA,2026-06-29,2026-07-03,NA,2026-06-17
3581,TRUE,NA,2026-07-09,2026-07-09,NA,2026-06-29
3582,TRUE,NA,2026-07-07,2026-07-07,NA,2026-07-03
3583,TRUE,NA,2026-07-09,2026-07-09,NA,2026-06-29
3584,TRUE,NA,2026-06-29,2026-07-09,NA,2026-06-26
3585,TRUE,NA,2026-07-07,2026-07-07,NA,NA
3586,TRUE,NA,2026-07-10,2026-07-10,2026-07-10,2026-07-10
3587,TRUE,NA,2026-07-07,2026-07-07,NA,2026-07-10
3588,TRUE,NA,2026-07-03,2026-07-07,NA,2026-06-29
3589,TRUE,NA,2026-06-22,2026-06-22,NA,2026-06-22
3590,TRUE,NA,2026-07-10,2026-07-03,NA,NA
3591,TRUE,NA,NA,NA,NA,NA
3592,TRUE,NA,2026-06-29,2026-06-18,NA,2026-07-09
3593,TRUE,NA,2026-06-26,2026-07-10,NA,2026-07-10
3594,TRUE,NA,2026-07-10,2026-07-10,NA,2026-06-26
3595,TRUE,NA,2026-07-09,2026-07-07,2026-07-07,2026-07-07
3596,TRUE,NA,NA,NA,NA,NA
3597,TRUE,NA,2026-06-10,2026-06-26,NA,2026-06-22
3598,TRUE,NA,2026-07-03,2026-07-09,2026-07-03,2026-07-09
3599,TRUE,NA,2026-07-09,2026-07-09,2026-07-10,2026-07-03
3600,TRUE,NA,NA,NA,NA,NA
3601,TRUE,NA,2026-06-17,2026-06-22,NA,2026-06-18
3602,TRUE,NA,2026-07-10,2026-07-07,NA,2026-07-07
3603,TRUE,NA,2026-07-07,2026-07-10,NA,NA
3604,TRUE,NA,2026-06-29,2026-06-29,2026-07-09,2026-06-18
3605,TRUE,NA,2026-06-26,2026-07-03,NA,2026-07-03
3606,TRUE,NA,2026-07-03,2026-07-03,NA,2026-06-22
3607,TRUE,NA,2026-07-09,2026-06-26,NA,2026-06-09
3608,TRUE,NA,2026-06-22,2026-07-09,2026-07-07,2026-06-18
3609,TRUE,NA,2026-06-16,2026-06-17,NA,2026-07-10
3610,TRUE,NA,2026-06-22,2026-06-22,NA,2026-06-16
3611,TRUE,NA,2026-07-07,2026-06-22,2026-07-03,2026-06-09
3612,TRUE,NA,2026-06-29,2026-07-07,2026-06-29,2026-06-29
3613,TRUE,NA,2026-06-17,2026-07-10,NA,2026-07-10
3614,TRUE,NA,2026-07-03,2026-06-17,NA,2026-07-09
3615,TRUE,NA,2026-06-26,2026-07-03,2026-06-26,2026-06-26
3616,TRUE,NA,2026-06-29,2026-06-10,NA,2026-06-26
3617,TRUE,NA,NA,NA,NA,NA
3618,TRUE,NA,2026-06-22,2026-07-09,2026-06-22,2026-07-09
3619,TRUE,NA,2026-06-26,2026-06-29,NA,2026-07-10
3620,TRUE,NA,2026-06-29,2026-06-29,NA,NA
3621,TRUE,NA,2026-06-17,2026-06-17,2026-06-17,2026-07-03
3622,TRUE,NA,2026-07-10,2026-07-10,NA,2026-07-07
3623,TRUE,NA,2026-06-26,2026-06-26,NA,NA
3624,TRUE,NA,2026-06-18,2026-06-10,2026-06-10,2026-07-09
3625,TRUE,NA,NA,2026-07-03,2026-06-29,2026-07-03
3626,TRUE,NA,2026-07-10,2026-07-10,NA,NA
3627,TRUE,NA,2026-07-10,2026-07-10,NA,2026-06-18
3628,TRUE,NA,2026-06-29,2026-07-10,2026-06-26,2026-07-07
3629,TRUE,NA,2026-06-17,2026-06-29,NA,2026-06-16
3630,TRUE,NA,2026-07-10,2026-07-10,2026-06-03,2026-06-09
3631,TRUE,NA,2026-07-09,2026-07-09,2026-06-22,2026-07-10
3632,TRUE,NA,2026-07-09,2026-07-09,2026-06-01,NA
3633,TRUE,NA,2026-06-03,2026-07-10,2026-06-18,NA
3634,TRUE,NA,2026-07-03,2026-07-03,2026-06-17,2026-07-10
3635,TRUE,NA,2026-07-10,2026-07-09,2026-06-16,2026-06-29
3636,TRUE,NA,2026-07-07,2026-07-07,2026-06-09,2026-07-10
3637,TRUE,NA,2026-06-17,2026-07-07,2026-06-10,2026-07-10
3638,TRUE,NA,2026-07-03,2026-07-10,NA,2026-06-26
3639,TRUE,NA,2026-07-07,2026-07-07,NA,2026-07-09
3640,TRUE,NA,2026-07-09,2026-07-03,NA,2026-07-07
3641,TRUE,NA,2026-06-03,2026-07-10,NA,2026-07-10
3642,TRUE,NA,2026-07-03,2026-07-07,NA,2026-07-10
3643,TRUE,NA,2026-06-01,2026-07-09,NA,2026-07-07
3644,TRUE,NA,2026-07-10,2026-07-10,NA,2026-06-17
3645,TRUE,NA,2026-07-10,2026-07-10,NA,2026-07-07
3646,TRUE,NA,2026-05-25,2026-06-01,NA,2026-07-07
3647,TRUE,NA,2026-07-03,2026-07-07,NA,2026-07-09
3648,TRUE,NA,2026-06-29,2026-06-29,NA,2026-07-03
3649,TRUE,NA,2026-07-10,2026-07-10,NA,2026-07-03
3650,TRUE,NA,2026-07-09,2026-07-10,2026-07-10,2026-07-10
3651,TRUE,NA,2026-06-26,2026-07-10,NA,2026-07-07
3652,TRUE,NA,2026-07-10,2026-07-10,NA,2026-06-01
3653,TRUE,NA,2026-07-07,2026-07-07,NA,2026-06-18
3654,TRUE,NA,2026-07-09,2026-07-09,NA,2026-07-03
3655,TRUE,NA,2026-06-26,2026-07-09,2026-07-09,2026-07-09
3656,TRUE,NA,2026-07-03,2026-07-09,NA,2026-06-09
3657,TRUE,NA,2026-07-09,2026-07-09,NA,2026-06-29
3658,TRUE,NA,2026-07-07,2026-07-07,NA,2026-05-25
3659,TRUE,NA,2026-06-26,2026-07-07,2026-07-07,2026-07-07
3660,TRUE,NA,2026-06-18,2026-07-07,NA,2026-06-29
3661,TRUE,NA,2026-07-07,2026-07-07,NA,2026-05-27
3662,TRUE,NA,2026-06-22,2026-07-03,2026-07-03,2026-07-03
3663,TRUE,NA,2026-06-16,2026-07-10,NA,2026-07-10
3664,TRUE,NA,2026-07-10,2026-07-10,NA,2026-06-03
3665,TRUE,NA,2026-07-10,2026-06-17,NA,2026-07-10
3666,TRUE,NA,2026-06-16,2026-06-16,NA,2026-06-26
3667,TRUE,NA,2026-06-09,2026-06-26,NA,2026-06-18
3668,TRUE,NA,2026-06-10,2026-07-09,NA,2026-07-09
3669,TRUE,NA,2026-07-09,2026-07-09,NA,2026-06-22
3670,TRUE,NA,2026-07-09,2026-06-29,2026-07-10,2026-07-09
3671,TRUE,NA,2026-07-10,2026-06-29,NA,2026-06-26
3672,TRUE,NA,NA,2026-07-07,NA,2026-07-07
3673,TRUE,NA,2026-07-07,2026-07-07,NA,2026-06-16
3674,TRUE,NA,2026-07-10,2026-07-10,2026-05-25,2026-07-07
3675,TRUE,NA,2026-06-29,2026-07-03,2026-07-09,2026-07-03
3676,TRUE,NA,2026-07-09,2026-07-10,2026-06-29,2026-06-29
3677,TRUE,NA,2026-07-10,2026-07-10,NA,2026-07-10
3678,TRUE,NA,2026-07-10,2026-07-10,NA,2026-06-16
3679,TRUE,NA,2026-07-09,2026-07-09,2026-07-07,2026-06-26
3680,TRUE,NA,2026-07-07,2026-06-26,NA,2026-06-10
3681,TRUE,NA,2026-07-10,2026-07-10,2026-06-03,2026-07-10
3682,TRUE,NA,2026-07-09,2026-07-09,2026-07-03,2026-07-09
3683,TRUE,NA,2026-07-09,2026-07-10,NA,NA
3684,TRUE,NA,2026-06-22,2026-07-10,2026-06-18,2026-07-10
3685,TRUE,NA,NA,NA,NA,NA
3686,TRUE,NA,2026-07-09,2026-07-10,2026-06-16,2026-07-09
3687,TRUE,NA,2026-07-10,2026-07-10,2026-06-09,2026-06-09
3688,TRUE,NA,2026-07-10,2026-07-10,2026-06-10,2026-06-10
3689,TRUE,NA,2026-07-03,2026-07-09,2026-05-25,2026-07-09
3690,TRUE,NA,NA,NA,NA,NA
3691,TRUE,NA,2026-06-29,2026-07-09,2026-05-22,2026-06-29
3692,TRUE,NA,2026-07-10,2026-07-09,2026-05-21,2026-06-26
3693,TRUE,NA,2026-07-09,2026-07-09,NA,2026-07-07
3694,TRUE,NA,NA,2026-07-10,NA,NA
3695,TRUE,NA,2026-06-04,2026-07-10,2026-05-27,2026-07-10
3696,TRUE,NA,2026-06-22,2026-07-07,2026-06-29,2026-07-03
3697,TRUE,NA,2026-07-10,2026-07-10,NA,NA
3698,TRUE,NA,2026-07-10,2026-07-10,2026-06-01,2026-06-17
3699,TRUE,NA,2026-06-18,2026-07-09,2026-06-26,2026-06-18
3700,TRUE,NA,2026-07-03,2026-07-10,NA,2026-07-09
3701,TRUE,NA,2026-07-10,2026-06-16,NA,2026-06-16
3702,TRUE,NA,2026-07-10,2026-07-10,2026-06-22,2026-06-09
3703,TRUE,NA,2026-07-09,2026-07-09,NA,2026-06-29
3704,TRUE,NA,2026-07-03,2026-07-10,2026-06-18,2026-07-07
3705,TRUE,NA,2026-07-09,2026-07-09,2026-06-17,2026-06-04
3706,TRUE,NA,2026-07-10,2026-07-10,2026-06-16,2026-07-10
3707,TRUE,NA,2026-07-09,2026-07-09,2026-06-09,2026-07-03
3708,TRUE,NA,2026-07-10,2026-07-10,2026-06-10,2026-06-04
3709,TRUE,NA,2026-07-07,2026-07-09,NA,2026-06-22
3710,TRUE,NA,2026-07-07,2026-07-03,NA,2026-06-29
3711,TRUE,NA,2026-07-09,2026-07-09,NA,2026-07-09
3712,TRUE,NA,2026-07-10,2026-07-03,NA,2026-06-17
3713,TRUE,NA,2026-07-09,2026-07-09,2026-07-10,2026-06-26
3714,TRUE,NA,2026-07-03,2026-07-03,2026-07-10,2026-07-01
3715,TRUE,NA,2026-07-07,2026-07-10,NA,2026-07-07
3716,TRUE,NA,2026-07-03,2026-07-03,NA,2026-06-22
3717,TRUE,NA,2026-07-09,2026-07-07,NA,NA
3718,TRUE,NA,2026-07-03,2026-07-03,2026-07-09,2026-07-03
3719,TRUE,NA,NA,2026-06-22,2026-07-09,NA
3720,TRUE,NA,2026-07-03,2026-07-09,NA,NA
3721,TRUE,NA,2026-07-10,2026-07-10,2026-07-10,2026-07-10
3722,TRUE,NA,2026-06-18,2026-07-10,NA,2026-07-10
3723,TRUE,NA,2026-06-29,2026-07-10,2026-07-10,NA
3724,TRUE,NA,2026-07-03,2026-07-10,NA,2026-06-26
3725,TRUE,NA,2026-06-09,2026-07-03,NA,2026-07-10
3726,TRUE,NA,2026-07-09,2026-07-10,2026-07-09,2026-07-09
3727,TRUE,NA,2026-06-29,2026-07-10,NA,2026-07-09
3728,TRUE,NA,2026-06-16,2026-07-10,2026-07-09,2026-06-29
3729,TRUE,NA,2026-06-26,2026-07-10,NA,2026-06-18
3730,TRUE,NA,2026-07-07,2026-07-07,2026-07-07,2026-07-09
3731,TRUE,NA,2026-07-10,2026-07-09,NA,2026-07-07
3732,TRUE,NA,2026-06-29,2026-07-10,2026-07-10,2026-07-07
3733,TRUE,NA,2026-07-03,2026-07-09,2026-07-03,2026-07-03
3734,TRUE,NA,2026-06-29,2026-07-09,NA,2026-07-07
3735,TRUE,NA,2026-06-26,2026-07-10,NA,2026-07-03
3736,TRUE,NA,2026-07-09,2026-07-10,NA,2026-06-18
3737,TRUE,NA,2026-06-26,2026-07-09,2026-07-09,2026-07-03
3738,TRUE,NA,2026-07-10,2026-07-10,NA,2026-06-22
3739,TRUE,NA,2026-06-17,2026-07-10,NA,2026-06-09
3740,TRUE,NA,2026-07-07,2026-07-10,NA,2026-07-10
3741,TRUE,NA,2026-06-26,2026-07-09,2026-07-07,2026-07-02
3742,TRUE,NA,2026-07-10,2026-06-26,NA,2026-07-10
3743,TRUE,NA,2026-07-09,2026-07-09,2026-05-25,2026-05-22
3744,TRUE,NA,2026-06-22,2026-07-10,2026-07-03,2026-06-09
3745,TRUE,NA,2026-06-10,2026-07-09,2026-05-22,2026-07-09
3746,TRUE,NA,2026-06-18,2026-07-10,2026-06-04,2026-06-04
3747,TRUE,NA,2026-07-07,2026-07-10,2026-06-29,2026-06-29
3748,TRUE,NA,2026-07-05,2026-07-07,2026-06-04,2026-07-05
3749,TRUE,NA,2026-07-08,2026-07-09,2026-05-29,2026-07-07
3750,TRUE,NA,2026-07-03,2026-07-03,2026-06-26,2026-06-26
3751,TRUE,NA,2026-07-03,2026-07-09,2026-05-29,2026-07-03
3752,TRUE,NA,2026-06-04,2026-07-09,2026-06-01,2026-07-03
3753,TRUE,NA,2026-07-07,2026-07-10,2026-06-22,2026-06-22
3754,TRUE,NA,2026-06-03,2026-06-29,2026-05-22,2026-06-26
3755,TRUE,NA,2026-07-10,2026-07-10,2026-06-18,2026-07-10
3756,TRUE,NA,2026-07-03,2026-07-07,2026-06-17,2026-06-18
3757,TRUE,NA,2026-06-29,2026-07-10,2026-06-16,2026-06-22
3758,TRUE,NA,2026-06-03,2026-07-09,2026-06-29,2026-06-26
3759,TRUE,NA,2026-06-09,2026-07-10,2026-06-16,2026-07-10
3760,TRUE,NA,2026-07-09,2026-07-09,2026-06-10,2026-07-09
3761,TRUE,NA,2026-06-18,2026-06-29,2026-06-26,2026-06-22
3762,TRUE,NA,2026-07-10,2026-07-09,2026-06-10,2026-05-29
3763,TRUE,NA,2026-06-22,2026-07-10,NA,2026-06-18
3764,TRUE,NA,2026-07-10,2026-07-09,NA,2026-07-09
3765,TRUE,NA,2026-07-10,2026-07-10,NA,2026-06-29
3766,TRUE,NA,2026-06-17,2026-07-07,NA,2026-06-29
3767,TRUE,NA,2026-07-10,2026-07-10,NA,2026-07-03
3768,TRUE,NA,2026-07-09,2026-07-10,2026-05-18,2026-07-07
3769,TRUE,NA,2026-07-09,2026-07-03,2026-05-20,2026-06-26
3770,TRUE,NA,2026-07-10,2026-07-10,NA,2026-06-05
3771,TRUE,NA,2026-07-07,2026-07-10,NA,2026-07-03
3772,TRUE,NA,2026-07-10,2026-07-10,2026-07-10,2026-06-22
3773,TRUE,NA,2026-07-07,2026-07-10,NA,2026-06-30
3774,TRUE,NA,2026-07-10,2026-07-10,NA,2026-06-18
3775,TRUE,NA,2026-07-10,2026-07-10,NA,2026-06-17
3776,TRUE,NA,NA,NA,NA,NA
3777,TRUE,NA,2026-07-10,2026-07-09,2026-07-09,2026-07-10
3778,TRUE,NA,2026-06-18,2026-07-09,NA,2026-06-10
3779,TRUE,NA,2026-07-10,2026-07-09,NA,2026-06-10
3780,TRUE,NA,2026-07-10,2026-07-09,NA,2026-06-04
3781,TRUE,NA,NA,NA,NA,NA
3782,TRUE,NA,2026-07-10,2026-07-10,NA,2026-07-10
3783,TRUE,NA,2026-07-10,2026-07-10,NA,2026-05-29
3784,TRUE,NA,2026-07-09,2026-07-07,2026-07-03,2026-06-26
3785,TRUE,NA,2026-07-09,2026-07-10,NA,2026-07-10
3786,TRUE,NA,2026-07-07,2026-07-03,NA,2026-07-07
3787,TRUE,NA,2026-07-09,2026-07-09,NA,2026-07-09
3788,TRUE,NA,2026-07-09,2026-07-09,NA,NA
3789,TRUE,NA,2026-07-07,2026-07-10,NA,2026-07-03
3790,TRUE,NA,2026-06-29,2026-07-10,NA,2026-07-09
3791,TRUE,NA,NA,NA,NA,NA
3792,TRUE,NA,NA,NA,NA,NA
3793,TRUE,NA,NA,NA,NA,NA
3794,TRUE,NA,2026-07-10,2026-07-10,NA,2026-07-10
3795,TRUE,NA,2026-07-03,2026-07-10,NA,2026-06-18
3796,TRUE,NA,NA,NA,NA,NA
3797,TRUE,NA,NA,NA,NA,NA
3798,TRUE,NA,NA,2026-07-10,NA,2026-07-10
3799,TRUE,NA,2026-07-09,2026-07-09,NA,2026-07-09
3800,TRUE,NA,NA,2026-07-10,NA,NA
3801,TRUE,NA,NA,NA,NA,NA
3802,TRUE,NA,NA,2026-07-10,NA,NA
3803,TRUE,NA,2026-07-07,2026-07-10,NA,2026-07-09
3804,TRUE,NA,NA,2026-07-07,NA,NA
3805,TRUE,NA,2026-07-10,2026-07-10,NA,NA
3806,TRUE,NA,2026-07-10,2026-07-10,2026-06-18,2026-07-03
3807,TRUE,NA,2026-06-22,2026-07-10,2026-06-17,2026-07-07
3808,TRUE,NA,2026-06-29,2026-07-10,NA,2026-06-29
3809,TRUE,NA,2026-06-29,2026-07-07,2026-07-10,2026-06-22
3810,TRUE,NA,2026-07-10,2026-07-10,NA,2026-07-03
3811,TRUE,NA,2026-07-10,2026-07-10,NA,2026-06-29
3812,TRUE,NA,2026-07-10,2026-07-10,NA,2026-07-10
3813,TRUE,NA,2026-06-18,2026-07-10,NA,2026-06-16
3814,TRUE,NA,2026-07-07,2026-07-07,2026-07-09,2026-06-26
3815,TRUE,NA,2026-07-09,2026-07-09,NA,NA
3816,TRUE,NA,2026-07-09,2026-07-10,NA,2026-06-18
3817,TRUE,NA,2026-07-09,2026-07-09,NA,2026-07-09
3818,TRUE,NA,2026-07-10,2026-07-10,2026-07-07,NA
3819,TRUE,NA,2026-07-07,2026-07-07,NA,NA
3820,TRUE,NA,2026-07-07,2026-07-07,NA,2026-06-29
3821,TRUE,NA,2026-07-07,2026-07-09,2026-07-03,2026-07-07
3822,TRUE,NA,2026-07-03,2026-07-07,NA,NA
3823,TRUE,NA,2026-07-09,2026-07-09,NA,2026-06-26
3824,TRUE,NA,2026-07-10,2026-07-10,NA,2026-06-29
3825,TRUE,NA,NA,2026-07-07,NA,NA
3826,TRUE,NA,2026-07-10,2026-07-10,NA,2026-06-22
3827,TRUE,NA,2026-07-07,2026-07-10,NA,2026-06-26
3828,TRUE,NA,2026-06-18,2026-07-03,NA,2026-06-18
3829,TRUE,NA,2026-07-09,2026-07-09,NA,2026-06-17
3830,TRUE,NA,2026-07-03,2026-07-07,NA,2026-06-22
3831,TRUE,NA,2026-07-09,2026-07-10,NA,NA
3832,TRUE,NA,2026-06-29,2026-07-09,NA,2026-06-18
3833,TRUE,NA,2026-07-07,2026-07-10,2026-06-04,2026-07-10
3834,TRUE,NA,2026-06-26,2026-06-29,2026-05-27,2026-06-16
3835,TRUE,NA,2026-06-26,2026-07-07,2026-06-29,2026-06-22
3836,TRUE,NA,2026-07-03,2026-07-10,2026-05-29,2026-06-09
3837,TRUE,NA,2026-06-29,2026-07-10,2026-06-01,2026-06-18
3838,TRUE,NA,2026-06-29,2026-07-09,2026-06-26,2026-07-09
3839,TRUE,NA,2026-06-26,2026-07-03,NA,2026-06-16
3840,TRUE,NA,2026-07-10,2026-07-10,NA,NA
3841,TRUE,NA,2026-06-29,2026-07-09,2026-06-22,2026-06-09
3842,TRUE,NA,2026-07-10,2026-07-09,NA,2026-07-07
3843,TRUE,NA,2026-06-22,2026-07-10,2026-06-18,2026-05-25
3844,TRUE,NA,2026-06-29,2026-07-10,2026-06-17,2026-07-10
3845,TRUE,NA,2026-07-09,2026-07-09,2026-06-16,2026-07-03
3846,TRUE,NA,2026-06-18,2026-07-10,NA,2026-06-03
3847,TRUE,NA,2026-07-09,2026-06-29,2026-06-09,2026-07-10
3848,TRUE,NA,2026-07-10,2026-07-10,2026-06-10,2026-06-04
3849,TRUE,NA,2026-07-10,2026-07-09,NA,2026-07-09
3850,TRUE,NA,2026-06-29,2026-06-29,NA,2026-06-03
3851,TRUE,NA,2026-07-10,2026-07-10,NA,2026-05-29
3852,TRUE,NA,2026-07-03,2026-07-07,NA,2026-07-09
3853,TRUE,NA,2026-07-10,2026-07-10,NA,2026-07-07
3854,TRUE,NA,NA,NA,NA,NA
3855,TRUE,NA,2026-07-10,2026-07-07,NA,2026-06-17
3856,TRUE,NA,2026-07-09,2026-07-09,NA,2026-07-10
3857,TRUE,NA,2026-07-07,2026-07-07,NA,2026-06-04
3858,TRUE,NA,2026-07-09,2026-07-09,NA,2026-06-18
3859,TRUE,NA,NA,NA,NA,NA
3860,TRUE,NA,2026-07-10,2026-07-10,NA,2026-06-16
3861,TRUE,NA,2026-07-10,2026-07-10,2026-05-22,2026-07-09
3862,TRUE,NA,2026-07-10,2026-07-07,2026-05-21,2026-06-26
3863,TRUE,NA,NA,2026-07-10,NA,NA
3864,TRUE,NA,2026-07-10,2026-07-10,NA,NA
3865,TRUE,NA,2026-07-09,2026-07-09,NA,2026-07-07
3866,TRUE,NA,2026-07-09,2026-07-10,NA,NA
3867,TRUE,NA,2026-07-10,2026-07-10,NA,2026-07-10
3868,TRUE,NA,2026-07-10,2026-07-10,NA,2026-07-03
3869,TRUE,NA,2026-07-10,2026-07-10,NA,2026-06-16
3870,TRUE,NA,2026-07-07,2026-07-07,NA,2026-06-29
3871,TRUE,NA,2026-07-10,2026-07-10,NA,2026-06-09
3872,TRUE,NA,2026-07-10,2026-07-10,NA,2026-07-09
3873,TRUE,NA,2026-07-10,2026-07-10,NA,2026-06-29
3874,TRUE,NA,2026-07-10,2026-07-10,NA,NA
3875,TRUE,NA,2026-07-10,2026-07-10,NA,2026-07-10
3876,TRUE,NA,2026-07-09,2026-07-09,NA,2026-07-07
3877,TRUE,NA,2026-07-09,2026-07-10,NA,2026-05-22
3878,TRUE,NA,2026-07-09,2026-07-09,NA,2026-06-18
3879,TRUE,NA,2026-07-09,2026-07-09,NA,2026-07-03
3880,TRUE,NA,2026-07-09,2026-07-10,NA,2026-07-09
3881,TRUE,NA,2026-07-10,2026-07-07,NA,2026-06-18
3882,TRUE,NA,2026-07-07,2026-07-09,NA,2026-06-29
3883,TRUE,NA,2026-07-10,2026-07-10,NA,NA
3884,TRUE,NA,2026-07-07,2026-07-07,NA,2026-07-10
3885,TRUE,NA,2026-07-03,2026-07-10,NA,2026-06-26
3886,TRUE,NA,2026-07-10,2026-07-10,NA,2026-07-10
3887,TRUE,NA,2026-07-10,2026-07-10,NA,2026-07-03
3888,TRUE,NA,2026-07-10,2026-07-10,NA,2026-07-10
3889,TRUE,NA,2026-06-26,2026-07-07,NA,2026-07-09
3890,TRUE,NA,2026-07-07,2026-07-09,NA,2026-06-18
3891,TRUE,NA,2026-07-10,2026-07-10,NA,2026-07-10
3892,TRUE,NA,2026-07-09,2026-07-10,NA,2026-07-10
3893,TRUE,NA,2026-07-09,2026-07-09,NA,2026-07-09
3894,TRUE,NA,2026-06-29,2026-07-07,NA,2026-06-09
3895,TRUE,NA,2026-07-07,2026-07-07,NA,2026-07-07
3896,TRUE,NA,2026-07-09,2026-07-09,NA,2026-07-09
3897,TRUE,NA,2026-07-07,2026-07-09,NA,2026-07-09
3898,TRUE,NA,2026-07-10,2026-07-10,NA,2026-07-03
3899,TRUE,NA,2026-07-03,2026-07-10,NA,2026-06-22
3900,TRUE,NA,2026-07-07,2026-07-07,NA,2026-07-07
3901,TRUE,NA,2026-06-29,2026-07-07,NA,2026-07-07
3902,TRUE,NA,2026-07-10,2026-07-10,NA,2026-06-17
3903,TRUE,NA,2026-07-09,2026-07-09,NA,2026-07-03
3904,TRUE,NA,2026-07-10,2026-07-10,NA,2026-07-03
3905,TRUE,NA,2026-06-22,2026-07-10,NA,2026-06-09
3906,TRUE,NA,2026-06-22,2026-06-29,NA,2026-06-10
3907,TRUE,NA,2026-07-10,2026-07-10,NA,2026-06-22
3908,TRUE,NA,2026-07-10,2026-07-10,NA,2026-07-10
3909,TRUE,NA,NA,NA,NA,NA
3910,TRUE,NA,2026-07-03,2026-07-10,NA,2026-06-29
3911,TRUE,NA,2026-07-07,2026-07-10,2026-07-10,2026-06-16
3912,TRUE,NA,2026-07-10,2026-07-09,NA,2026-06-29
3913,TRUE,NA,2026-07-09,2026-07-09,NA,2026-07-09
3914,TRUE,NA,2026-07-10,NA,NA,NA
3915,TRUE,NA,2026-07-10,2026-07-10,NA,2026-07-03
3916,TRUE,NA,2026-07-07,2026-07-09,2026-07-09,2026-06-01
3917,TRUE,NA,2026-07-09,2026-07-10,NA,2026-07-10
3918,TRUE,NA,NA,NA,2026-07-10,NA
3919,TRUE,NA,2026-07-10,2026-07-10,NA,2026-06-01
3920,TRUE,NA,2026-07-09,2026-07-10,2026-07-07,2026-07-03
3921,TRUE,NA,2026-07-07,2026-07-07,NA,NA
3922,TRUE,NA,2026-06-18,2026-07-10,NA,2026-07-09
3923,TRUE,NA,2026-07-07,2026-07-03,2026-07-09,2026-06-22
3924,TRUE,NA,2026-07-09,2026-07-10,NA,2026-06-16
3925,TRUE,NA,2026-06-18,2026-07-09,NA,2026-06-18
3926,TRUE,NA,2026-07-03,2026-07-10,NA,2026-07-07
3927,TRUE,NA,2026-07-03,2026-07-09,2026-07-07,2026-07-10
3928,TRUE,NA,2026-07-10,2026-07-10,NA,2026-05-27
3929,TRUE,NA,2026-07-10,2026-07-10,NA,2026-07-03
3930,TRUE,NA,2026-06-29,2026-07-10,2026-07-03,2026-06-10
3931,TRUE,NA,2026-07-03,2026-07-09,NA,2026-06-01
3932,TRUE,NA,2026-07-10,2026-07-10,NA,2026-07-10
3933,TRUE,NA,2026-07-09,2026-07-09,NA,NA
3934,TRUE,NA,2026-07-09,2026-07-10,NA,2026-06-29
3935,TRUE,NA,2026-07-10,2026-07-09,NA,NA
3936,TRUE,NA,2026-06-26,2026-07-10,NA,2026-07-07
3937,TRUE,NA,2026-07-09,2026-07-09,2026-06-29,2026-07-09
3938,TRUE,NA,2026-07-07,2026-07-07,NA,NA
3939,TRUE,NA,2026-07-10,2026-07-09,2026-05-22,2026-07-03
3940,TRUE,NA,2026-07-09,2026-07-03,2026-06-26,2026-06-22
3941,TRUE,NA,2026-07-07,2026-07-10,NA,2026-07-07
3942,TRUE,NA,2026-06-18,2026-07-03,2026-06-04,2026-07-10
3943,TRUE,NA,2026-07-10,2026-07-10,NA,NA
3944,TRUE,NA,2026-07-09,2026-07-10,2026-06-29,2026-07-03
3945,TRUE,NA,2026-07-10,2026-07-07,NA,NA
3946,TRUE,NA,2026-06-22,2026-07-09,2026-06-01,2026-06-09
3947,TRUE,NA,2026-07-10,2026-07-10,2026-06-26,2026-07-10
3948,TRUE,NA,NA,NA,NA,NA
3949,TRUE,NA,NA,NA,NA,NA
3950,TRUE,NA,2026-07-09,2026-07-07,2026-06-22,2026-06-22
3951,TRUE,NA,2026-07-10,2026-07-10,2026-07-10,2026-07-10
3952,TRUE,NA,2026-07-10,2026-07-10,2026-06-18,2026-07-09
3953,TRUE,NA,2026-07-10,2026-07-10,NA,NA
3954,TRUE,NA,NA,NA,NA,NA
3955,TRUE,NA,2026-07-10,2026-07-10,NA,2026-06-09
3956,TRUE,NA,2026-07-09,2026-07-09,2026-07-09,2026-07-09
3957,TRUE,NA,2026-07-09,2026-07-09,NA,NA
3958,TRUE,NA,2026-07-09,2026-07-09,NA,NA
3959,TRUE,NA,NA,NA,NA,NA
3960,TRUE,NA,2026-07-10,2026-07-10,2026-07-07,2026-07-07
3961,TRUE,NA,2026-07-07,2026-07-07,NA,NA
3962,TRUE,NA,2026-07-10,2026-07-10,NA,2026-07-10
3963,TRUE,NA,NA,NA,NA,NA
3964,TRUE,NA,2026-07-10,2026-07-07,NA,2026-06-22
3965,TRUE,NA,2026-07-09,2026-07-09,NA,2026-06-09
3966,TRUE,NA,2026-07-10,2026-07-10,NA,NA
3967,TRUE,NA,2026-07-10,2026-07-10,NA,2026-07-09
3968,TRUE,NA,2026-06-26,2026-07-10,NA,2026-06-29
3969,TRUE,NA,2026-07-10,2026-07-10,NA,2026-05-29
3970,TRUE,NA,2026-06-17,2026-06-29,NA,2026-06-09
3971,TRUE,NA,NA,NA,NA,NA
3972,TRUE,NA,2026-07-09,2026-07-09,NA,2026-06-12
3973,TRUE,NA,2026-07-10,2026-07-10,NA,2026-06-29
3974,TRUE,NA,2026-07-10,2026-07-10,NA,2026-07-03
3975,TRUE,NA,2026-07-08,2026-07-07,NA,NA
3976,TRUE,NA,NA,2026-07-10,NA,NA
3977,TRUE,NA,2026-06-29,2026-07-07,2026-06-29,2026-06-29
3978,TRUE,NA,2026-07-10,2026-07-10,NA,NA
3979,TRUE,NA,2026-07-09,2026-07-09,NA,2026-07-10
3980,TRUE,NA,NA,2026-07-10,NA,NA
3981,TRUE,NA,2026-07-10,2026-07-10,NA,NA
3982,TRUE,NA,2026-07-07,2026-07-10,NA,NA
3983,TRUE,NA,2026-07-09,2026-07-09,NA,NA
3984,TRUE,NA,2026-06-22,2026-06-26,NA,2026-07-09
3985,TRUE,NA,2026-07-03,2026-07-09,2026-06-18,2026-06-18
3986,TRUE,NA,2026-07-10,2026-07-10,NA,NA
3987,TRUE,NA,2026-07-07,2026-07-10,2026-06-16,2026-06-16
3988,TRUE,NA,2026-06-29,2026-07-10,NA,2026-07-07
3989,TRUE,NA,2026-06-26,2026-07-10,NA,2026-06-09
3990,TRUE,NA,2026-07-07,2026-07-10,NA,2026-06-10
3991,TRUE,NA,2026-07-10,2026-07-10,NA,2026-07-10
3992,TRUE,NA,2026-06-29,2026-07-09,NA,NA
3993,TRUE,NA,2026-07-03,2026-07-09,2026-05-28,NA
3994,TRUE,NA,2026-06-22,2026-07-09,NA,2026-07-03
3995,TRUE,NA,2026-07-07,2026-07-09,2026-05-30,2026-06-18
3996,TRUE,NA,2026-06-29,2026-07-10,NA,2026-07-09
3997,TRUE,NA,NA,2026-07-07,NA,NA
3998,TRUE,NA,2026-07-10,2026-07-10,NA,2026-06-04
3999,TRUE,NA,2026-06-29,2026-07-07,NA,2026-06-09
4000,TRUE,NA,2026-07-10,2026-07-07,NA,2026-07-07
4001,TRUE,NA,2026-07-10,2026-07-10,NA,2026-07-10
4002,TRUE,NA,2026-06-26,2026-07-10,NA,2026-06-29
4003,TRUE,NA,2026-07-10,2026-07-10,NA,2026-07-10
4004,TRUE,NA,2026-06-29,2026-06-29,NA,NA
4005,TRUE,NA,2026-07-09,2026-07-07,NA,2026-06-29
4006,TRUE,NA,2026-07-10,2026-07-10,NA,2026-07-09
4007,TRUE,NA,NA,NA,NA,NA
4008,TRUE,NA,2026-07-10,2026-07-10,NA,2026-07-09
4009,TRUE,NA,2026-07-07,2026-06-29,NA,2026-07-10
4010,TRUE,NA,2026-07-07,2026-07-07,NA,2026-07-07
4011,TRUE,NA,2026-07-09,2026-07-10,NA,2026-06-26
4012,TRUE,NA,NA,NA,NA,NA
4013,TRUE,NA,2026-07-09,2026-07-10,NA,2026-07-03
4014,TRUE,NA,2026-07-10,2026-07-10,NA,2026-07-10
4015,TRUE,NA,2026-07-07,2026-07-07,NA,2026-07-10
4016,TRUE,NA,NA,2026-07-09,NA,NA
4017,TRUE,NA,2026-07-07,2026-07-10,NA,2026-06-29
4018,TRUE,NA,2026-07-10,2026-07-10,NA,2026-07-07
4019,TRUE,NA,2026-07-10,2026-07-10,NA,2026-07-09
4020,TRUE,NA,2026-07-03,2026-07-07,NA,2026-07-09
4021,TRUE,NA,2026-06-16,2026-07-10,NA,2026-07-03
4022,TRUE,NA,2026-06-20,2026-07-09,NA,2026-05-22
4023,TRUE,NA,2026-07-09,2026-07-10,NA,2026-07-10
4024,TRUE,NA,2026-07-09,2026-07-10,NA,2026-07-07
4025,TRUE,NA,2026-07-09,2026-07-10,NA,2026-07-10
4026,TRUE,NA,2026-07-10,2026-07-10,NA,2026-07-03
4027,TRUE,NA,2026-07-10,2026-07-10,NA,2026-07-10
4028,TRUE,NA,2026-07-10,2026-07-10,NA,2026-07-09
4029,TRUE,NA,2026-07-07,2026-07-09,NA,2026-06-29
4030,TRUE,NA,2026-07-10,2026-07-09,NA,2026-07-09
4031,TRUE,NA,2026-07-10,2026-07-10,NA,2026-06-04
4032,TRUE,NA,2026-07-10,2026-07-09,NA,2026-07-09
4033,TRUE,NA,2026-07-09,2026-07-09,NA,NA
4034,TRUE,NA,2026-07-10,2026-07-10,NA,2026-07-07
4035,TRUE,NA,2026-07-09,2026-07-07,NA,2026-07-03
4036,TRUE,NA,2026-07-09,2026-07-10,NA,2026-07-07
4037,TRUE,NA,NA,NA,NA,NA
4038,TRUE,NA,2026-07-03,2026-07-10,NA,2026-06-26
4039,TRUE,NA,2026-07-10,2026-07-09,NA,2026-07-03
4040,TRUE,NA,2026-07-07,2026-07-07,NA,2026-06-29
4041,TRUE,NA,2026-07-10,2026-07-10,NA,2026-07-10
4042,TRUE,NA,NA,NA,NA,NA
4043,TRUE,NA,NA,NA,NA,NA
4044,TRUE,NA,2026-07-09,2026-07-03,NA,2026-06-26
4045,TRUE,NA,2026-06-29,2026-07-10,NA,2026-06-16
4046,TRUE,NA,2026-07-09,2026-07-10,NA,2026-07-09
4047,TRUE,NA,2026-07-10,2026-07-10,NA,2026-06-22
4048,TRUE,NA,NA,2026-07-10,NA,NA
4049,TRUE,NA,2026-07-10,2026-07-10,NA,NA
4050,TRUE,NA,2026-07-10,2026-07-10,NA,2026-07-07
4051,TRUE,NA,2026-07-03,2026-07-09,NA,2026-06-29
4052,TRUE,NA,2026-07-10,2026-07-09,NA,NA
4053,TRUE,NA,2026-07-03,2026-07-09,NA,2026-07-03
4054,TRUE,NA,2026-07-09,2026-07-09,NA,2026-06-26
4055,TRUE,NA,2026-07-10,2026-07-09,NA,NA
4056,TRUE,NA,2026-07-07,2026-07-07,NA,2026-07-10
4057,TRUE,NA,NA,NA,NA,NA
4058,TRUE,NA,2026-07-10,2026-07-07,NA,2026-06-18
4059,TRUE,NA,2026-07-07,2026-07-07,NA,NA
4060,TRUE,NA,2026-07-09,2026-07-03,NA,2026-07-03
4061,TRUE,NA,2026-07-10,2026-07-10,NA,2026-07-10
4062,TRUE,NA,NA,NA,NA,NA
4063,TRUE,NA,2026-07-10,2026-07-10,NA,NA
4064,TRUE,NA,2026-07-10,2026-07-10,NA,NA
4065,TRUE,NA,2026-06-29,2026-06-26,NA,2026-07-07
4066,TRUE,NA,2026-07-10,2026-07-10,NA,2026-07-10
4067,TRUE,NA,2026-07-10,2026-07-10,NA,2026-06-29
4068,TRUE,NA,2026-07-09,2026-07-10,NA,2026-07-03
4069,TRUE,NA,2026-07-10,2026-07-10,NA,2026-07-10
4070,TRUE,NA,NA,NA,NA,NA
4071,TRUE,NA,2026-07-09,2026-07-09,NA,2026-07-09
4072,TRUE,NA,2026-07-09,2026-07-09,NA,NA
4073,TRUE,NA,2026-07-10,2026-07-10,NA,2026-07-10
4074,TRUE,NA,2026-07-09,2026-07-09,NA,2026-07-10
4075,TRUE,NA,NA,2026-07-10,NA,NA
4076,TRUE,NA,2026-07-07,2026-07-07,NA,NA
4077,TRUE,NA,2026-06-22,2026-07-07,NA,2026-06-26
4078,TRUE,NA,2026-07-10,2026-07-10,NA,2026-07-09
4079,TRUE,NA,2026-07-10,2026-07-10,NA,2026-07-09
4080,TRUE,NA,2026-07-09,2026-07-09,NA,NA
4081,TRUE,NA,2026-07-10,2026-07-10,NA,2026-07-03
4082,TRUE,NA,2026-07-10,2026-07-10,NA,2026-07-10
4083,TRUE,NA,2026-07-10,2026-07-10,NA,2026-07-07
4084,TRUE,NA,NA,NA,NA,NA
4085,TRUE,NA,2026-07-03,2026-07-03,NA,2026-07-03
4086,TRUE,NA,2026-07-10,2026-07-10,NA,2026-07-10
4087,TRUE,NA,2026-07-10,2026-07-10,2026-06-10,2026-07-09
4088,TRUE,NA,2026-07-09,2026-07-09,NA,2026-06-22
4089,TRUE,NA,NA,NA,NA,NA
4090,TRUE,NA,NA,NA,NA,NA
4091,TRUE,NA,NA,NA,NA,NA
4092,TRUE,NA,NA,NA,NA,NA
4093,TRUE,NA,NA,NA,NA,NA
4094,TRUE,NA,NA,NA,NA,NA
4095,TRUE,NA,NA,NA,NA,NA
4096,TRUE,NA,NA,NA,NA,NA
4097,TRUE,NA,2026-07-10,NA,NA,NA
4098,TRUE,NA,NA,NA,NA,NA
4099,TRUE,NA,2026-07-10,2026-07-10,NA,NA
4100,TRUE,NA,NA,NA,NA,NA
4101,TRUE,NA,NA,2026-07-10,NA,NA
4102,TRUE,NA,2026-07-09,2026-07-10,NA,NA
4103,TRUE,NA,NA,2026-07-10,NA,NA
4104,TRUE,NA,2026-07-09,2026-07-09,NA,NA
4105,TRUE,NA,NA,NA,NA,NA
4106,TRUE,NA,2026-07-07,2026-07-09,NA,NA
4107,TRUE,NA,NA,2026-07-10,NA,2026-07-10
4108,TRUE,NA,2026-07-07,2026-07-09,NA,NA
4109,TRUE,NA,2026-07-10,2026-06-29,NA,2026-06-16
4110,TRUE,NA,NA,NA,NA,2026-07-10
4111,TRUE,NA,NA,NA,NA,NA
4112,TRUE,NA,NA,NA,NA,NA
4113,TRUE,NA,2026-07-10,2026-07-10,NA,NA
4114,TRUE,NA,NA,NA,NA,NA
4115,TRUE,NA,2026-06-26,2026-07-10,NA,2026-07-09
4116,TRUE,NA,NA,2026-07-10,NA,NA
4117,TRUE,NA,2026-07-10,NA,NA,NA
4118,TRUE,NA,2026-07-10,2026-07-10,NA,NA
4119,TRUE,NA,NA,2026-07-10,NA,NA
4120,TRUE,NA,NA,NA,NA,NA
4121,TRUE,NA,NA,NA,NA,NA
4122,TRUE,NA,NA,NA,NA,NA
4123,TRUE,NA,NA,NA,NA,NA
4124,TRUE,NA,NA,NA,NA,NA
4125,TRUE,NA,2026-07-10,2026-07-10,NA,NA
4126,TRUE,NA,NA,NA,NA,NA
4127,TRUE,NA,NA,NA,NA,NA
4128,TRUE,NA,NA,NA,NA,NA
4129,TRUE,NA,2026-07-10,2026-07-10,NA,NA
4130,TRUE,NA,NA,NA,NA,NA
4131,TRUE,NA,NA,NA,NA,NA
4132,TRUE,NA,NA,NA,NA,NA
4133,TRUE,NA,2026-07-10,2026-07-10,NA,NA
4134,TRUE,NA,NA,NA,NA,NA
4135,TRUE,NA,NA,NA,NA,NA
4136,TRUE,NA,NA,NA,NA,NA
4137,TRUE,NA,NA,NA,NA,NA
4138,TRUE,NA,NA,NA,NA,NA
4139,TRUE,NA,NA,NA,NA,NA
4140,TRUE,NA,NA,NA,NA,NA
4141,TRUE,NA,NA,NA,NA,NA
4142,TRUE,NA,2026-07-10,2026-07-10,NA,NA
4143,TRUE,NA,NA,NA,NA,NA
4144,TRUE,NA,NA,NA,NA,NA
4145,TRUE,NA,2026-07-10,2026-07-10,NA,NA
4146,TRUE,NA,NA,NA,NA,NA
4147,TRUE,NA,2026-07-09,2026-07-09,NA,NA
4148,TRUE,NA,NA,NA,NA,NA
4149,TRUE,NA,2026-07-09,2026-07-09,2026-07-10,NA
4150,TRUE,NA,2026-07-10,2026-07-10,NA,NA
4151,TRUE,NA,NA,NA,NA,NA
4152,TRUE,NA,NA,2026-07-10,NA,NA
4153,TRUE,NA,2026-07-10,2026-07-10,2026-07-09,2026-07-10
4154,TRUE,NA,2026-07-09,2026-07-09,NA,2026-07-02
4155,TRUE,NA,NA,NA,2026-07-05,NA
4156,TRUE,NA,2026-07-05,2026-07-09,2026-07-07,NA
4157,TRUE,NA,2026-07-09,2026-07-09,NA,2026-07-09
4158,TRUE,NA,2026-06-25,2026-07-05,2026-06-26,2026-06-25
4159,TRUE,NA,2026-07-05,2026-07-07,NA,2026-07-05
4160,TRUE,NA,2026-07-07,2026-07-07,2026-06-29,2026-07-07
4161,TRUE,NA,2026-06-29,2026-06-29,2026-06-30,2026-06-15
4162,TRUE,NA,2026-06-30,2026-06-30,2026-07-10,2026-06-26
4163,TRUE,NA,2026-07-10,2026-07-10,2026-07-02,2026-06-12
4164,TRUE,NA,2026-07-02,2026-07-02,NA,2026-06-29
4165,TRUE,NA,NA,NA,NA,NA
4166,TRUE,NA,NA,NA,NA,NA
4167,TRUE,NA,2026-07-09,2026-07-09,NA,NA
4168,TRUE,NA,2026-06-30,2026-06-30,2026-07-05,2026-07-10
4169,TRUE,NA,2026-07-10,2026-07-10,2026-07-07,2026-07-02
4170,TRUE,NA,NA,NA,NA,NA
4171,TRUE,NA,NA,2026-07-10,2026-06-26,2026-07-10
4172,TRUE,NA,NA,NA,NA,2026-07-09
4173,TRUE,NA,2026-07-09,2026-07-09,NA,NA
4174,TRUE,NA,2026-06-29,2026-07-10,NA,2026-07-05
4175,TRUE,NA,2026-07-05,2026-07-10,NA,2026-07-09
4176,TRUE,NA,2026-07-07,2026-07-07,2026-06-30,2026-06-26
4177,TRUE,NA,NA,2026-07-05,2026-07-10,2026-07-05
4178,TRUE,NA,2026-06-26,2026-07-09,2026-07-02,2026-07-07
4179,TRUE,NA,2026-06-04,2026-07-09,NA,2026-06-29
4180,TRUE,NA,2026-06-29,2026-07-05,2026-06-22,2026-06-26
4181,TRUE,NA,2026-06-08,2026-07-07,2026-07-09,NA
4182,TRUE,NA,2026-05-18,2026-07-07,2026-06-25,2026-06-29
4183,TRUE,NA,2026-06-12,2026-06-26,2026-07-05,2026-06-05
4184,TRUE,NA,NA,2026-06-26,2026-07-07,NA
4185,TRUE,NA,2026-06-15,2026-06-29,NA,NA
4186,TRUE,NA,NA,2026-06-29,2026-06-26,2026-06-08
4187,TRUE,NA,NA,NA,NA,NA
4188,TRUE,NA,NA,2026-06-10,2026-06-29,2026-05-28
4189,TRUE,NA,2026-06-17,2026-06-17,2026-06-30,2026-06-12
4190,TRUE,NA,2026-06-30,2026-06-30,2026-07-10,2026-06-08
4191,TRUE,NA,2026-07-10,2026-07-10,2026-07-02,NA
4192,TRUE,NA,2026-07-02,2026-07-10,NA,NA
4193,TRUE,NA,NA,NA,NA,NA
4194,TRUE,NA,NA,NA,2026-07-09,NA
4195,TRUE,NA,2026-07-09,2026-07-09,2026-06-25,2026-06-17
4196,TRUE,NA,NA,NA,NA,NA
4197,TRUE,NA,NA,NA,NA,NA
4198,TRUE,NA,2026-07-07,2026-07-07,NA,2026-07-10
4199,TRUE,NA,NA,2026-07-07,NA,NA
4200,TRUE,NA,NA,NA,NA,NA
4201,TRUE,NA,2026-06-19,2026-06-26,2026-06-29,2026-07-03
4202,TRUE,NA,2026-07-02,2026-07-02,NA,2026-07-09
4203,TRUE,NA,2026-06-15,2026-06-29,2026-06-12,2026-07-05
4204,TRUE,NA,NA,NA,NA,2026-07-07
4205,TRUE,NA,2026-07-03,2026-07-03,2026-06-15,2026-07-03
4206,TRUE,NA,2026-07-08,2026-07-08,2026-05-21,2026-07-08
4207,TRUE,NA,2026-07-05,2026-07-05,2026-06-10,2026-07-05
4208,TRUE,NA,2026-07-07,2026-07-07,NA,2026-07-07
4209,TRUE,NA,2026-07-10,2026-07-10,2026-06-17,2026-06-08
4210,TRUE,NA,2026-07-10,2026-07-10,2026-06-18,2026-06-26
4211,TRUE,NA,2026-06-30,2026-06-22,2026-06-19,2026-05-26
4212,TRUE,NA,2026-07-03,2026-07-03,2026-06-03,2026-06-29
4213,TRUE,NA,2026-07-10,2026-07-09,2026-05-27,2026-05-29
4214,TRUE,NA,2026-07-09,2026-07-09,2026-06-22,2026-06-17
4215,TRUE,NA,2026-07-10,2026-07-10,2026-05-26,2026-06-30
4216,TRUE,NA,2026-07-07,2026-07-07,2026-06-25,2026-06-19
4217,TRUE,NA,2026-07-09,2026-07-10,2026-07-10,2026-07-10
4218,TRUE,NA,2026-07-05,2026-07-10,2026-05-29,2026-06-17
4219,TRUE,NA,2026-07-09,2026-07-09,NA,2026-06-30
4220,TRUE,NA,2026-07-05,2026-07-05,2026-06-05,2026-07-03
4221,TRUE,NA,2026-07-10,2026-07-10,2026-07-09,2026-07-10
4222,TRUE,NA,2026-06-03,2026-07-09,2026-07-05,2026-07-05
4223,TRUE,NA,2026-06-29,2026-07-10,2026-07-07,2026-07-07
4224,TRUE,NA,2026-07-03,2026-07-10,NA,2026-07-10
4225,TRUE,NA,2026-07-09,2026-07-09,NA,2026-07-09
4226,TRUE,NA,2026-07-05,2026-07-10,NA,2026-07-05
4227,TRUE,NA,2026-07-10,2026-07-10,2026-06-08,2026-07-07
4228,TRUE,NA,2026-05-27,2026-07-09,2026-06-04,2026-07-09
4229,TRUE,NA,2026-06-26,2026-07-07,2026-06-03,2026-06-26
4230,TRUE,NA,2026-07-03,2026-07-09,2026-06-12,2026-07-07
4231,TRUE,NA,2026-07-09,2026-07-09,NA,2026-06-29
4232,TRUE,NA,2026-07-05,2026-07-07,2026-06-15,2026-05-28
4233,TRUE,NA,2026-07-07,2026-07-10,NA,2026-06-17
4234,TRUE,NA,NA,2026-07-02,NA,2026-06-18
4235,TRUE,NA,2026-06-26,2026-06-26,2026-05-26,2026-06-19
4236,TRUE,NA,NA,2026-06-29,2026-06-17,NA
4237,TRUE,NA,2026-06-29,2026-07-03,2026-06-30,2026-06-05
4238,TRUE,NA,NA,2026-07-09,2026-07-10,2026-06-22
4239,TRUE,NA,2026-05-25,2026-07-05,2026-07-02,2026-06-03
4240,TRUE,NA,NA,2026-07-07,NA,NA
4241,TRUE,NA,NA,NA,2026-06-22,NA
4242,TRUE,NA,NA,2026-06-26,2026-07-03,NA
4243,TRUE,NA,NA,2026-06-12,2026-07-09,2026-06-15
4244,TRUE,NA,2026-06-10,2026-06-29,2026-07-05,2026-06-08
4245,TRUE,NA,NA,NA,2026-07-07,NA
4246,TRUE,NA,2026-06-17,2026-06-17,2026-07-10,NA
4247,TRUE,NA,2026-06-30,2026-06-30,2026-07-02,NA
4248,TRUE,NA,2026-07-10,2026-07-10,2026-06-10,2026-06-30
4249,TRUE,NA,2026-07-02,2026-07-02,2026-06-29,2026-07-10
4250,TRUE,NA,2026-06-15,2026-07-10,2026-07-03,2026-07-02
4251,TRUE,NA,2026-07-10,2026-07-10,2026-07-09,2026-07-02
4252,TRUE,NA,2026-07-03,2026-07-03,2026-07-10,2026-06-22
4253,TRUE,NA,2026-07-09,2026-07-09,2026-07-07,2026-07-03
4254,TRUE,NA,2026-07-05,2026-07-05,NA,2026-07-09
4255,TRUE,NA,2026-07-07,2026-07-10,2026-06-26,2026-07-10
4256,TRUE,NA,2026-07-10,2026-07-10,2026-07-03,2026-07-07
4257,TRUE,NA,2026-07-05,2026-07-07,2026-07-09,2026-07-02
4258,TRUE,NA,2026-07-07,2026-07-07,2026-07-05,2026-06-26
4259,TRUE,NA,2026-06-29,2026-07-03,2026-07-07,2026-07-03
4260,TRUE,NA,2026-07-03,2026-07-09,2026-06-30,2026-07-09
4261,TRUE,NA,2026-07-09,2026-07-09,2026-07-10,2026-07-05
4262,TRUE,NA,2026-07-10,2026-07-10,2026-07-02,2026-07-10
4263,TRUE,NA,2026-07-07,2026-07-10,2026-06-30,2026-07-10
4264,TRUE,NA,2026-07-10,2026-07-10,2026-07-10,2026-07-02
4265,TRUE,NA,2026-06-26,2026-07-02,2026-07-03,2026-06-26
4266,TRUE,NA,2026-07-03,2026-07-03,2026-07-09,2026-07-03
4267,TRUE,NA,2026-07-09,2026-07-09,2026-07-05,2026-07-09
4268,TRUE,NA,2026-07-05,2026-07-09,2026-07-10,2026-07-09
4269,TRUE,NA,2026-07-09,2026-07-09,2026-07-09,2026-07-07
4270,TRUE,NA,2026-07-05,2026-07-07,2026-07-05,2026-07-07
4271,TRUE,NA,2026-07-07,2026-07-07,2026-07-07,2026-06-26
4272,TRUE,NA,2026-06-10,2026-06-26,2026-07-03,2026-06-26
4273,TRUE,NA,2026-06-29,2026-06-29,2026-07-09,2026-06-29
4274,TRUE,NA,2026-07-03,2026-07-03,2026-07-05,2026-06-29
4275,TRUE,NA,NA,2026-06-29,2026-07-07,NA
4276,TRUE,NA,2026-07-05,2026-07-05,2026-06-12,2026-06-12
4277,TRUE,NA,2026-07-07,2026-07-07,2026-06-26,2026-06-17
4278,TRUE,NA,2026-06-05,2026-06-30,2026-06-30,2026-06-30
4279,TRUE,NA,2026-06-26,2026-07-10,2026-07-10,2026-07-10
4280,TRUE,NA,2026-06-30,2026-07-02,2026-07-02,2026-07-02
4281,TRUE,NA,2026-07-10,2026-07-10,2026-05-21,2026-06-04
4282,TRUE,NA,2026-07-02,2026-07-02,2026-06-22,2026-06-22
4283,TRUE,NA,2026-05-26,2026-07-03,2026-07-03,2026-07-03
4284,TRUE,NA,2026-06-22,2026-07-10,2026-07-10,2026-07-10
4285,TRUE,NA,2026-07-03,2026-07-10,2026-07-05,2026-07-10
4286,TRUE,NA,2026-07-09,2026-07-09,2026-07-07,2026-07-07
4287,TRUE,NA,2026-07-05,2026-07-05,2026-06-22,2026-06-30
4288,TRUE,NA,2026-07-07,2026-07-10,2026-07-03,2026-07-10
4289,TRUE,NA,2026-06-05,2026-07-09,2026-07-09,2026-07-09
4290,TRUE,NA,2026-06-26,2026-07-09,2026-07-05,2026-07-10
4291,TRUE,NA,2026-06-04,2026-07-10,2026-07-07,2026-07-07
4292,TRUE,NA,2026-06-29,2026-07-07,2026-06-15,2026-07-03
4293,TRUE,NA,NA,2026-07-09,2026-06-26,2026-07-09
4294,TRUE,NA,2026-06-17,2026-07-05,2026-06-10,2026-07-05
4295,TRUE,NA,2026-06-30,2026-07-07,2026-06-29,2026-07-09
4296,TRUE,NA,2026-07-10,2026-07-10,2026-06-17,2026-07-05
4297,TRUE,NA,2026-07-02,2026-07-10,2026-06-30,2026-07-07
4298,TRUE,NA,2026-07-10,2026-07-10,2026-07-10,2026-06-19
4299,TRUE,NA,2026-06-22,2026-07-10,2026-07-02,2026-07-02
4300,TRUE,NA,2026-07-03,2026-07-03,2026-05-21,2026-07-10
4301,TRUE,NA,2026-07-09,2026-07-10,2026-06-22,2026-07-02
4302,TRUE,NA,2026-07-05,2026-07-09,2026-07-03,2026-07-03
4303,TRUE,NA,2026-07-09,2026-07-10,2026-07-09,2026-06-25
4304,TRUE,NA,2026-07-05,2026-07-09,2026-07-05,2026-07-03
4305,TRUE,NA,2026-07-07,2026-07-07,2026-07-07,2026-07-09
4306,TRUE,NA,2026-06-30,2026-07-09,2026-05-26,2026-07-05
4307,TRUE,NA,2026-06-30,2026-07-05,2026-06-26,2026-07-07
4308,TRUE,NA,2026-07-10,2026-07-09,2026-05-28,2026-06-25
4309,TRUE,NA,2026-07-02,2026-07-05,2026-06-29,2026-07-05
4310,TRUE,NA,2026-06-22,2026-07-07,2026-05-27,2026-07-07
4311,TRUE,NA,2026-06-15,2026-07-10,2026-05-28,2026-07-10
4312,TRUE,NA,2026-07-03,2026-07-02,2026-06-08,2026-07-02
4313,TRUE,NA,2026-07-09,2026-06-30,2026-05-27,2026-06-30
4314,TRUE,NA,2026-07-10,2026-07-10,2026-06-08,2026-07-10
4315,TRUE,NA,2026-07-07,2026-07-03,2026-06-12,2026-07-03
4316,TRUE,NA,2026-06-30,2026-07-09,2026-05-27,2026-07-09
4317,TRUE,NA,2026-07-10,2026-07-10,2026-06-15,2026-07-05
4318,TRUE,NA,2026-07-03,2026-07-10,2026-06-05,2026-07-10
4319,TRUE,NA,2026-07-09,2026-07-10,2026-06-15,2026-07-09
4320,TRUE,NA,2026-07-05,2026-07-05,2026-06-04,2026-07-05
4321,TRUE,NA,2026-07-07,2026-07-07,2026-06-17,2026-07-07
4322,TRUE,NA,2026-07-09,2026-07-09,2026-06-30,2026-07-03
4323,TRUE,NA,2026-07-05,2026-07-09,2026-07-10,2026-07-09
4324,TRUE,NA,2026-07-07,2026-07-09,2026-07-02,2026-07-05
4325,TRUE,NA,2026-06-29,2026-07-07,2026-06-19,2026-07-07
4326,TRUE,NA,2026-06-26,2026-07-07,2026-06-22,2026-06-18
4327,TRUE,NA,2026-06-12,2026-06-26,2026-07-03,2026-06-26
4328,TRUE,NA,2026-06-29,2026-06-29,2026-07-09,2026-06-18
4329,TRUE,NA,2026-06-15,2026-06-29,2026-07-05,2026-06-29
4330,TRUE,NA,2026-06-17,2026-06-29,2026-07-07,2026-06-22
4331,TRUE,NA,2026-06-30,2026-06-30,2026-06-12,2026-06-17
4332,TRUE,NA,2026-07-10,2026-07-10,2026-06-26,2026-06-30
4333,TRUE,NA,2026-07-02,2026-07-02,2026-06-15,2026-07-10
4334,TRUE,NA,2026-06-30,2026-06-30,2026-06-29,2026-07-10
4335,TRUE,NA,2026-07-10,2026-07-10,2026-06-30,2026-07-02
4336,TRUE,NA,2026-07-03,2026-07-03,2026-07-10,2026-06-26
4337,TRUE,NA,2026-07-09,2026-07-09,2026-07-02,2026-07-03
4338,TRUE,NA,2026-07-05,2026-07-05,2026-06-30,2026-07-09
4339,TRUE,NA,2026-07-07,2026-07-07,2026-07-10,2026-07-09
4340,TRUE,NA,2026-07-09,2026-07-09,2026-07-03,2026-07-07
4341,TRUE,NA,2026-07-05,2026-07-05,2026-07-09,2026-07-07
4342,TRUE,NA,2026-07-07,2026-07-07,2026-07-05,2026-07-10
4343,TRUE,NA,2026-06-30,2026-06-30,2026-07-07,2026-06-26
4344,TRUE,NA,2026-07-10,2026-07-10,2026-07-09,2026-06-29
4345,TRUE,NA,2026-07-02,2026-07-10,2026-07-05,2026-06-29
4346,TRUE,NA,2026-07-10,2026-07-10,2026-07-07,2026-06-30
4347,TRUE,NA,2026-06-22,2026-07-10,2026-06-29,2026-07-10
4348,TRUE,NA,2026-07-03,2026-07-03,2026-06-26,2026-07-02
4349,TRUE,NA,2026-07-09,2026-07-09,2026-06-15,2026-06-15
4350,TRUE,NA,2026-07-05,2026-07-09,2026-06-29,2026-06-22
4351,TRUE,NA,2026-07-09,2026-07-09,2026-06-10,2026-07-03
4352,TRUE,NA,2026-06-12,2026-07-09,2026-06-15,2026-07-09
4353,TRUE,NA,2026-07-07,2026-07-07,2026-06-17,2026-07-05
4354,TRUE,NA,2026-06-15,2026-07-07,2026-06-30,2026-07-07
4355,TRUE,NA,2026-06-29,2026-06-29,2026-07-10,2026-07-10
4356,TRUE,NA,2026-06-10,2026-06-29,2026-07-02,2026-07-02
4357,TRUE,NA,2026-05-25,2026-06-29,2026-06-30,2026-06-10
4358,TRUE,NA,2026-06-17,2026-06-29,2026-07-10,2026-06-29
4359,TRUE,NA,2026-06-30,2026-06-30,2026-07-03,2026-07-03
4360,TRUE,NA,2026-07-10,2026-07-10,2026-07-09,2026-07-09
4361,TRUE,NA,2026-07-02,2026-07-10,2026-07-10,2026-07-10
4362,TRUE,NA,2026-06-05,2026-07-02,2026-07-07,2026-07-07
4363,TRUE,NA,2026-06-22,2026-06-22,2026-07-09,2026-06-12
4364,TRUE,NA,2026-07-03,2026-07-03,2026-07-10,2026-06-26
4365,TRUE,NA,2026-07-09,2026-07-09,2026-07-10,2026-07-03
4366,TRUE,NA,2026-07-05,2026-07-09,2026-07-09,2026-07-10
4367,TRUE,NA,2026-07-07,2026-07-07,2026-07-05,2026-07-05
4368,TRUE,NA,2026-06-17,2026-07-10,2026-07-07,2026-07-10
4369,TRUE,NA,2026-06-30,2026-07-10,2026-07-09,2026-07-02
4370,TRUE,NA,2026-07-10,2026-07-02,2026-07-09,2026-07-03
4371,TRUE,NA,2026-07-02,2026-07-10,2026-07-07,2026-07-09
4372,TRUE,NA,2026-07-10,2026-07-03,2026-07-07,2026-07-05
4373,TRUE,NA,2026-07-02,2026-07-09,2026-06-26,2026-07-09
4374,TRUE,NA,2026-07-03,2026-07-09,2026-06-26,2026-07-05
4375,TRUE,NA,2026-07-09,2026-07-07,2026-06-29,2026-07-07
4376,TRUE,NA,2026-07-05,2026-07-09,2026-06-29,2026-06-25
4377,TRUE,NA,2026-07-10,2026-07-05,NA,2026-06-29
4378,TRUE,NA,2026-07-05,2026-07-07,NA,NA
4379,TRUE,NA,2026-07-07,2026-06-30,2026-07-10,2026-06-29
4380,TRUE,NA,2026-07-10,2026-07-10,2026-07-02,2026-06-26
4381,TRUE,NA,2026-07-10,2026-07-10,2026-06-15,2026-06-15
4382,TRUE,NA,2026-07-09,2026-07-02,2026-06-28,2026-06-28
4383,TRUE,NA,2026-07-05,2026-06-22,2026-07-03,2026-06-10
4384,TRUE,NA,2026-07-07,2026-07-03,2026-07-09,NA
4385,TRUE,NA,2026-07-09,2026-07-09,2026-07-05,2026-07-10
4386,TRUE,NA,2026-07-09,2026-07-09,2026-07-07,2026-06-30
4387,TRUE,NA,2026-07-07,2026-07-07,2026-07-10,2026-07-10
4388,TRUE,NA,2026-07-10,2026-07-10,2026-07-02,2026-07-10
4389,TRUE,NA,2026-07-02,2026-07-05,2026-05-29,2026-07-03
4390,TRUE,NA,2026-06-30,2026-07-10,NA,2026-07-10
4391,TRUE,NA,2026-07-10,2026-07-10,2026-07-03,2026-07-05
4392,TRUE,NA,2026-07-10,2026-07-10,2026-07-09,2026-07-09
4393,TRUE,NA,2026-07-09,2026-07-09,2026-07-05,2026-07-09
4394,TRUE,NA,2026-07-05,2026-07-05,2026-07-07,2026-07-07
4395,TRUE,NA,2026-07-10,2026-07-10,2026-06-08,2026-07-10
4396,TRUE,NA,2026-07-09,2026-07-09,2026-06-29,2026-07-05
4397,TRUE,NA,2026-07-09,2026-07-09,2026-06-12,2026-07-07
4398,TRUE,NA,2026-07-07,2026-07-07,2026-06-29,2026-06-29
4399,TRUE,NA,2026-07-07,2026-07-10,2026-06-15,2026-07-03
4400,TRUE,NA,2026-07-09,2026-07-10,2026-06-15,2026-07-09
4401,TRUE,NA,2026-07-05,2026-07-05,2026-06-10,2026-07-05
4402,TRUE,NA,2026-07-07,2026-07-07,2026-06-10,2026-07-07
4403,TRUE,NA,2026-06-29,2026-07-03,2026-06-16,2026-05-27
4404,TRUE,NA,2026-07-03,2026-07-09,2026-06-17,2026-06-26
4405,TRUE,NA,2026-07-10,2026-07-10,2026-07-10,2026-07-10
4406,TRUE,NA,2026-07-05,2026-07-07,2026-06-19,2026-07-10
4407,TRUE,NA,2026-07-07,2026-07-07,2026-06-03,2026-07-02
4408,TRUE,NA,2026-07-10,2026-07-10,2026-05-29,2026-05-29
4409,TRUE,NA,2026-07-10,2026-07-03,2026-06-22,2026-05-25
4410,TRUE,NA,2026-07-10,2026-07-10,2026-07-09,2026-07-09
4411,TRUE,NA,2026-07-10,2026-07-10,2026-06-25,2026-07-09
4412,TRUE,NA,2026-07-02,2026-07-07,2026-06-03,2026-07-05
4413,TRUE,NA,2026-07-09,2026-07-09,2026-06-10,2026-07-07
4414,TRUE,NA,2026-07-09,2026-07-03,2026-06-04,2026-06-10
4415,TRUE,NA,2026-07-10,2026-07-10,2026-06-26,2026-05-21
4416,TRUE,NA,2026-07-09,2026-07-09,2026-06-30,2026-06-17
4417,TRUE,NA,2026-07-07,2026-07-07,2026-07-10,2026-06-18
4418,TRUE,NA,2026-07-10,2026-07-10,2026-07-02,2026-06-19
4419,TRUE,NA,2026-07-03,2026-07-03,2026-06-05,2026-06-15
4420,TRUE,NA,2026-07-09,2026-07-09,2026-06-22,2026-06-04
4421,TRUE,NA,2026-07-05,2026-07-10,2026-07-03,2026-06-22
4422,TRUE,NA,2026-07-07,2026-07-07,2026-07-09,NA
4423,TRUE,NA,2026-07-09,2026-07-10,2026-07-05,2026-06-17
4424,TRUE,NA,2026-07-05,2026-07-05,2026-07-07,2026-06-30
4425,TRUE,NA,2026-07-07,2026-07-07,2026-06-12,2026-07-10
4426,TRUE,NA,2026-06-29,2026-07-09,2026-06-26,2026-07-02
4427,TRUE,NA,2026-06-26,2026-07-03,2026-06-15,2026-06-03
4428,TRUE,NA,2026-06-10,2026-07-09,2026-06-29,2026-06-22
4429,TRUE,NA,2026-06-29,2026-07-05,2026-06-12,2026-07-03
4430,TRUE,NA,2026-06-17,2026-07-07,2026-06-15,2026-07-09
4431,TRUE,NA,2026-06-30,2026-06-04,2026-06-17,2026-07-05
4432,TRUE,NA,2026-07-10,2026-06-26,2026-06-30,2026-07-07
4433,TRUE,NA,2026-07-02,2026-06-30,2026-07-10,2026-06-12
4434,TRUE,NA,2026-06-30,2026-07-10,2026-07-02,2026-06-26
4435,TRUE,NA,2026-07-10,2026-07-02,2026-06-18,2026-06-15
4436,TRUE,NA,2026-07-03,2026-06-03,2026-06-30,2026-07-10
4437,TRUE,NA,2026-07-09,2026-07-02,2026-07-10,2026-06-10
4438,TRUE,NA,2026-07-05,2026-07-03,2026-07-09,2026-07-10
4439,TRUE,NA,2026-07-07,2026-07-09,2026-07-05,2026-06-17
4440,TRUE,NA,2026-07-09,2026-07-05,2026-07-07,2026-06-30
4441,TRUE,NA,2026-07-05,2026-07-08,2026-07-03,2026-07-10
4442,TRUE,NA,2026-07-07,2026-07-05,2026-07-09,2026-07-02
4443,TRUE,NA,2026-07-10,2026-07-10,2026-07-05,2026-07-09
4444,TRUE,NA,2026-07-02,2026-07-05,2026-07-07,2026-06-22
4445,TRUE,NA,2026-07-10,2026-07-10,2026-06-15,2026-07-03
4446,TRUE,NA,2026-07-02,2026-07-02,2026-06-26,2026-07-09
4447,TRUE,NA,2026-07-03,2026-07-03,2026-06-12,2026-07-05
4448,TRUE,NA,2026-07-09,2026-07-09,2026-06-29,2026-07-07
4449,TRUE,NA,2026-07-05,2026-07-05,2026-06-17,2026-07-02
4450,TRUE,NA,2026-07-09,2026-07-10,2026-06-30,2026-06-26
4451,TRUE,NA,2026-07-05,2026-07-05,2026-07-10,2026-06-30
4452,TRUE,NA,2026-07-07,2026-07-07,2026-07-10,2026-07-10
4453,TRUE,NA,2026-06-12,2026-07-02,2026-07-02,2026-07-09
4454,TRUE,NA,2026-06-29,2026-07-03,2026-06-30,2026-07-05
4455,TRUE,NA,2026-06-30,2026-07-09,2026-07-10,2026-07-07
4456,TRUE,NA,2026-07-10,2026-07-05,2026-07-09,2026-07-03
4457,TRUE,NA,2026-07-02,2026-07-07,2026-07-09,2026-07-09
4458,TRUE,NA,NA,2026-07-05,2026-07-07,2026-07-05
4459,TRUE,NA,2026-06-22,2026-06-26,2026-07-07,2026-07-07
4460,TRUE,NA,2026-07-03,2026-06-30,2026-07-09,2026-06-30
4461,TRUE,NA,2026-07-09,2026-07-10,2026-07-05,2026-07-10
4462,TRUE,NA,2026-07-05,2026-07-02,2026-07-07,2026-07-02
4463,TRUE,NA,2026-07-07,2026-06-29,2026-06-29,2026-06-29
4464,TRUE,NA,2026-05-26,2026-06-22,2026-06-26,2026-06-22
4465,TRUE,NA,2026-06-26,2026-07-03,2026-06-05,2026-07-03
4466,TRUE,NA,2026-06-12,2026-07-09,2026-06-29,2026-07-09
4467,TRUE,NA,2026-06-29,2026-07-05,2026-06-12,2026-07-05
4468,TRUE,NA,2026-06-15,2026-07-10,NA,2026-07-10
4469,TRUE,NA,2026-06-17,2026-07-10,2026-06-15,2026-07-02
4470,TRUE,NA,2026-06-30,2026-07-02,2026-05-25,2026-06-26
4471,TRUE,NA,2026-07-10,2026-07-10,2026-06-10,2026-06-22
4472,TRUE,NA,2026-07-02,2026-07-03,NA,2026-07-03
4473,TRUE,NA,2026-07-10,2026-07-10,2026-06-17,2026-07-09
4474,TRUE,NA,2026-07-10,2026-07-10,2026-06-30,2026-07-05
4475,TRUE,NA,2026-07-03,2026-07-07,2026-07-10,2026-07-10
4476,TRUE,NA,2026-07-09,2026-07-09,2026-07-02,2026-07-02
4477,TRUE,NA,2026-07-05,2026-07-10,2026-06-15,2026-06-26
4478,TRUE,NA,2026-07-09,2026-07-09,2026-06-22,2026-06-22
4479,TRUE,NA,2026-07-09,2026-07-09,2026-07-03,2026-07-03
4480,TRUE,NA,2026-07-07,2026-07-07,2026-07-09,2026-07-09
4481,TRUE,NA,2026-07-07,2026-07-07,2026-07-05,2026-07-05
4482,TRUE,NA,2026-06-29,2026-07-09,2026-07-07,2026-07-07
4483,TRUE,NA,2026-06-26,2026-07-05,2026-07-10,NA
4484,TRUE,NA,NA,2026-07-07,NA,NA
4485,TRUE,NA,2026-06-29,2026-06-29,NA,NA
4486,TRUE,NA,2026-06-17,2026-06-26,2026-06-29,2026-06-29
4487,TRUE,NA,2026-06-30,2026-06-30,2026-07-03,2026-06-10
4488,TRUE,NA,2026-07-10,2026-07-10,2026-07-09,2026-06-17
4489,TRUE,NA,2026-07-02,2026-07-02,2026-07-05,2026-06-30
4490,TRUE,NA,2026-06-30,2026-06-30,2026-07-10,2026-06-30
4491,TRUE,NA,2026-07-10,2026-07-10,2026-07-02,2026-07-10
4492,TRUE,NA,2026-07-03,2026-07-03,2026-06-26,2026-07-02
4493,TRUE,NA,2026-07-09,2026-07-09,2026-06-22,2026-07-10
4494,TRUE,NA,2026-07-05,2026-07-10,2026-07-03,2026-07-10
4495,TRUE,NA,2026-07-07,2026-07-07,2026-07-09,2026-07-03
4496,TRUE,NA,2026-07-09,2026-07-09,2026-07-10,2026-07-09
4497,TRUE,NA,2026-07-05,2026-07-05,2026-07-07,2026-07-07
4498,TRUE,NA,2026-07-10,2026-07-10,2026-07-02,2026-07-09
4499,TRUE,NA,2026-06-29,2026-07-09,2026-06-26,2026-07-09
4500,TRUE,NA,2026-07-02,2026-07-02,2026-06-22,2026-07-05
4501,TRUE,NA,NA,2026-07-05,2026-07-09,2026-07-07
4502,TRUE,NA,2026-06-29,2026-07-07,2026-06-25,2026-07-07
4503,TRUE,NA,2026-07-09,2026-07-09,2026-07-05,2026-06-26
4504,TRUE,NA,2026-06-25,2026-06-26,2026-07-07,2026-06-26
4505,TRUE,NA,2026-07-05,2026-07-05,2026-05-22,2026-07-10
4506,TRUE,NA,2026-07-07,2026-07-07,2026-06-26,2026-06-29
4507,TRUE,NA,2026-06-12,2026-06-12,2026-05-29,2026-07-02
4508,TRUE,NA,2026-06-26,2026-06-26,2026-06-29,2026-06-16
4509,TRUE,NA,2026-06-15,2026-06-17,2026-06-01,2026-06-22
4510,TRUE,NA,2026-07-10,2026-06-29,2026-06-04,2026-07-09
4511,TRUE,NA,2026-06-10,2026-06-19,2026-06-05,2026-06-25
4512,TRUE,NA,2026-07-02,2026-06-12,2026-05-29,2026-07-05
4513,TRUE,NA,2026-06-17,2026-06-17,2026-05-27,2026-07-07
4514,TRUE,NA,2026-07-10,2026-07-10,2026-06-01,2026-06-01
4515,TRUE,NA,2026-07-09,2026-06-19,2026-06-04,2026-06-26
4516,TRUE,NA,2026-07-10,2026-07-10,2026-06-03,2026-07-10
4517,TRUE,NA,2026-07-05,2026-06-04,2026-06-05,2026-06-29
4518,TRUE,NA,2026-07-07,2026-06-22,2026-06-08,2026-06-15
4519,TRUE,NA,2026-07-10,2026-07-10,2026-06-04,2026-06-04
4520,TRUE,NA,2026-06-26,2026-06-25,2026-06-05,2026-06-15
4521,TRUE,NA,2026-07-09,2026-07-09,2026-06-12,2026-07-09
4522,TRUE,NA,2026-07-07,2026-07-07,2026-06-03,2026-06-17
4523,TRUE,NA,2026-07-05,2026-07-05,2026-06-15,2026-07-05
4524,TRUE,NA,2026-07-09,2026-07-09,2026-06-08,2026-07-07
4525,TRUE,NA,2026-06-25,2026-06-25,2026-06-10,2026-07-10
4526,TRUE,NA,2026-07-05,2026-07-10,2026-06-04,2026-06-19
4527,TRUE,NA,2026-07-07,2026-07-07,2026-06-17,2026-07-02
4528,TRUE,NA,NA,2026-06-10,2026-07-10,2026-06-03
4529,TRUE,NA,2026-06-26,2026-06-26,2026-06-19,2026-06-25
4530,TRUE,NA,NA,2026-06-17,2026-07-02,2026-07-09
4531,TRUE,NA,2026-06-29,2026-07-10,2026-06-10,2026-06-25
4532,TRUE,NA,2026-07-10,2026-07-10,2026-06-22,2026-07-05
4533,TRUE,NA,2026-06-17,2026-07-02,2026-07-09,2026-07-07
4534,TRUE,NA,2026-07-10,2026-07-10,2026-06-25,NA
4535,TRUE,NA,2026-06-19,2026-06-22,2026-07-05,2026-06-29
4536,TRUE,NA,2026-07-02,2026-07-09,2026-07-07,2026-05-21
4537,TRUE,NA,2026-07-09,2026-07-09,2026-07-10,2026-06-29
4538,TRUE,NA,2026-06-22,2026-07-05,2026-06-26,2026-05-22
4539,TRUE,NA,2026-07-09,2026-07-10,2026-07-02,2026-06-17
4540,TRUE,NA,2026-07-07,2026-07-10,2026-07-10,2026-07-10
4541,TRUE,NA,2026-07-05,2026-07-05,2026-06-22,2026-06-19
4542,TRUE,NA,2026-07-07,2026-07-07,2026-07-09,2026-07-02
4543,TRUE,NA,2026-06-08,2026-06-29,2026-06-25,2026-06-05
4544,TRUE,NA,2026-06-26,2026-07-10,2026-07-05,2026-06-22
4545,TRUE,NA,2026-06-12,2026-07-09,2026-07-09,2026-07-09
4546,TRUE,NA,2026-06-29,2026-07-05,2026-06-25,2026-06-25
4547,TRUE,NA,2026-06-15,2026-07-07,2026-07-05,2026-07-05
4548,TRUE,NA,2026-06-15,2026-07-07,2026-07-07,2026-07-07
4549,TRUE,NA,2026-06-10,2026-07-10,2026-06-29,2026-07-10
4550,TRUE,NA,2026-06-10,2026-07-10,2026-06-26,2026-06-26
4551,TRUE,NA,2026-06-17,2026-07-05,2026-07-10,2026-07-02
4552,TRUE,NA,2026-07-10,2026-07-10,2026-06-29,2026-07-10
4553,TRUE,NA,2026-07-10,2026-07-10,2026-07-02,2026-06-22
4554,TRUE,NA,2026-07-02,2026-07-09,2026-05-26,2026-07-10
4555,TRUE,NA,2026-07-02,2026-07-09,2026-06-22,2026-06-25
4556,TRUE,NA,2026-06-22,2026-07-05,2026-07-09,2026-07-10
4557,TRUE,NA,2026-07-09,2026-07-09,2026-06-25,2026-07-09
4558,TRUE,NA,2026-07-09,2026-07-09,2026-07-05,2026-07-02
4559,TRUE,NA,2026-07-05,2026-07-05,2026-07-07,2026-07-09
4560,TRUE,NA,2026-07-07,2026-07-10,2026-07-10,2026-07-10
4561,TRUE,NA,2026-07-07,2026-07-10,2026-06-26,2026-07-10
4562,TRUE,NA,2026-06-26,2026-07-02,2026-07-02,2026-07-07
4563,TRUE,NA,2026-06-26,2026-07-02,2026-06-29,2026-07-05
4564,TRUE,NA,2026-06-29,2026-06-29,2026-07-02,2026-07-07
4565,TRUE,NA,2026-06-29,2026-07-09,2026-07-09,2026-07-09
4566,TRUE,NA,2026-05-25,2026-07-10,2026-06-26,2026-07-10
4567,TRUE,NA,2026-05-22,2026-07-05,2026-07-10,2026-07-05
4568,TRUE,NA,NA,2026-07-10,2026-07-07,2026-07-10
4569,TRUE,NA,2026-05-29,2026-07-07,2026-07-02,2026-07-07
4570,TRUE,NA,2026-05-25,2026-07-10,2026-06-26,2026-07-10
4571,TRUE,NA,2026-06-17,2026-07-09,2026-06-22,2026-07-09
4572,TRUE,NA,2026-07-10,2026-07-10,2026-07-09,2026-07-02
4573,TRUE,NA,2026-06-19,2026-07-09,2026-06-25,2026-07-09
4574,TRUE,NA,2026-07-02,2026-07-07,2026-07-05,2026-07-07
4575,TRUE,NA,2026-05-27,2026-07-09,2026-07-07,2026-07-09
4576,TRUE,NA,2026-06-22,2026-07-10,2026-06-08,2026-07-07
4577,TRUE,NA,2026-07-09,2026-07-09,2026-06-26,2026-07-05
4578,TRUE,NA,2026-06-25,2026-07-07,2026-06-03,2026-07-07
4579,TRUE,NA,2026-07-05,2026-07-05,2026-06-29,2026-05-27
4580,TRUE,NA,2026-07-07,2026-07-10,2026-06-04,2026-06-29
4581,TRUE,NA,2026-06-05,2026-07-10,2026-06-15,2026-07-10
4582,TRUE,NA,2026-06-26,2026-07-02,2026-05-21,2026-06-29
4583,TRUE,NA,2026-06-04,2026-07-10,2026-06-10,2026-05-21
4584,TRUE,NA,2026-06-29,2026-07-10,2026-06-12,2026-07-10
4585,TRUE,NA,2026-05-28,2026-07-09,2026-06-17,2026-06-08
4586,TRUE,NA,2026-06-08,2026-07-09,2026-07-10,2026-07-09
4587,TRUE,NA,2026-06-04,2026-07-05,2026-06-19,2026-06-04
4588,TRUE,NA,2026-06-08,2026-07-09,2026-07-02,2026-06-12
4589,TRUE,NA,2026-06-12,2026-07-09,NA,2026-07-09
4590,TRUE,NA,2026-05-21,2026-07-05,2026-06-22,2026-07-10
4591,TRUE,NA,2026-06-15,2026-07-07,2026-07-10,2026-07-05
4592,TRUE,NA,2026-06-04,2026-07-07,2026-06-25,2026-07-07
4593,TRUE,NA,2026-06-15,2026-06-26,2026-07-05,2026-05-27
4594,TRUE,NA,NA,2026-06-26,2026-07-07,2026-06-26
4595,TRUE,NA,2026-06-17,2026-06-29,2026-06-22,2026-07-10
4596,TRUE,NA,2026-07-10,2026-07-10,2026-07-09,2026-06-29
4597,TRUE,NA,2026-06-19,2026-06-19,2026-06-25,2026-07-05
4598,TRUE,NA,2026-07-10,2026-07-10,2026-07-05,2026-07-07
4599,TRUE,NA,2026-06-19,2026-06-19,2026-07-07,2026-06-22
4600,TRUE,NA,2026-07-02,2026-07-02,2026-06-04,2026-07-09
4601,TRUE,NA,2026-07-09,2026-07-09,2026-06-26,2026-06-25
4602,TRUE,NA,2026-06-25,2026-06-25,2026-05-28,2026-07-05
4603,TRUE,NA,2026-07-09,2026-07-09,2026-06-29,2026-07-07
4604,TRUE,NA,2026-07-07,2026-07-07,2026-07-10,2026-06-12
4605,TRUE,NA,2026-07-05,2026-07-05,2026-06-19,2026-06-26
4606,TRUE,NA,2026-07-07,2026-07-07,2026-07-02,2026-06-15
4607,TRUE,NA,2026-06-05,2026-06-05,2026-06-01,2026-06-29
4608,TRUE,NA,2026-06-29,2026-07-10,2026-06-22,2026-06-15
4609,TRUE,NA,2026-06-03,2026-06-03,2026-07-09,2026-06-03
4610,TRUE,NA,2026-06-29,2026-06-29,2026-06-25,2026-06-17
4611,TRUE,NA,2026-06-05,2026-07-10,2026-07-05,2026-07-10
4612,TRUE,NA,2026-06-17,2026-06-19,2026-07-07,2026-06-19
4613,TRUE,NA,2026-07-10,2026-07-10,2026-07-10,2026-07-10
4614,TRUE,NA,2026-06-19,2026-06-08,2026-06-26,2026-06-19
4615,TRUE,NA,2026-07-02,2026-07-02,2026-07-02,2026-07-02
4616,TRUE,NA,2026-06-05,2026-07-09,2026-06-29,2026-07-09
4617,TRUE,NA,2026-06-22,2026-06-25,2026-06-17,2026-06-25
4618,TRUE,NA,2026-07-09,2026-07-10,2026-07-10,2026-07-10
4619,TRUE,NA,2026-06-25,2026-07-07,2026-06-19,2026-07-07
4620,TRUE,NA,2026-07-05,2026-07-05,2026-07-10,2026-07-05
4621,TRUE,NA,2026-07-07,2026-07-07,2026-07-10,2026-07-07
4622,TRUE,NA,NA,2026-07-10,2026-07-02,2026-06-22
4623,TRUE,NA,2026-06-26,2026-07-09,2026-07-09,2026-07-09
4624,TRUE,NA,2026-06-18,2026-07-02,2026-06-25,2026-06-25
4625,TRUE,NA,2026-06-29,2026-07-05,2026-07-09,2026-07-05
4626,TRUE,NA,2026-06-12,2026-07-07,2026-07-09,2026-07-07
4627,TRUE,NA,2026-06-17,2026-07-09,2026-07-05,2026-06-17
4628,TRUE,NA,2026-07-10,2026-07-10,2026-07-10,2026-07-10
4629,TRUE,NA,2026-06-19,2026-07-05,2026-07-07,2026-06-19
4630,TRUE,NA,2026-07-10,2026-07-10,2026-07-02,2026-07-02
4631,TRUE,NA,2026-07-10,2026-07-10,2026-06-26,2026-07-10
4632,TRUE,NA,2026-06-22,2026-07-02,2026-06-29,2026-06-22
4633,TRUE,NA,2026-07-09,2026-07-09,2026-07-09,2026-07-09
4634,TRUE,NA,2026-06-26,2026-06-29,2026-06-25,2026-06-25
4635,TRUE,NA,2026-07-09,2026-07-09,2026-07-05,2026-07-05
4636,TRUE,NA,2026-07-09,2026-07-09,2026-07-07,2026-07-09
4637,TRUE,NA,2026-07-10,2026-07-05,2026-06-03,2026-06-25
4638,TRUE,NA,2026-07-05,2026-07-07,2026-06-26,2026-07-05
4639,TRUE,NA,2026-07-07,2026-07-07,2026-06-08,2026-07-07
4640,TRUE,NA,2026-07-05,2026-07-10,2026-06-29,2026-06-29
4641,TRUE,NA,2026-06-26,2026-06-26,2026-07-10,2026-06-26
4642,TRUE,NA,2026-06-12,2026-07-10,2026-06-19,2026-07-10
4643,TRUE,NA,2026-06-29,2026-06-29,2026-07-02,2026-06-29
4644,TRUE,NA,2026-06-15,2026-07-02,2026-06-15,2026-07-02
4645,TRUE,NA,2026-06-29,2026-07-09,2026-06-22,2026-06-05
4646,TRUE,NA,2026-07-10,2026-07-10,2026-07-09,2026-06-22
4647,TRUE,NA,2026-06-19,2026-07-10,2026-06-25,2026-07-09
4648,TRUE,NA,2026-07-02,2026-07-07,2026-07-05,2026-06-25
4649,TRUE,NA,2026-07-10,2026-07-05,2026-07-07,2026-07-05
4650,TRUE,NA,2026-06-22,2026-07-07,2026-06-19,2026-07-07
4651,TRUE,NA,2026-07-09,2026-07-09,2026-07-02,2026-07-02
4652,TRUE,NA,2026-06-25,2026-07-09,2026-05-18,2026-06-26
4653,TRUE,NA,2026-07-05,2026-07-05,2026-06-29,2026-06-22
4654,TRUE,NA,2026-07-09,2026-07-10,2026-05-29,2026-06-29
4655,TRUE,NA,2026-06-25,2026-07-10,2026-06-25,2026-06-25
4656,TRUE,NA,2026-07-05,2026-07-02,2026-06-05,2026-06-10
4657,TRUE,NA,2026-07-07,2026-07-02,NA,2026-06-15
4658,TRUE,NA,2026-06-29,2026-06-29,2026-05-28,2026-06-17
4659,TRUE,NA,2026-06-26,2026-07-09,2026-06-26,2026-07-10
4660,TRUE,NA,2026-05-28,2026-07-09,2026-06-08,2026-06-19
4661,TRUE,NA,2026-06-29,2026-07-05,2026-06-29,2026-07-02
4662,TRUE,NA,NA,2026-07-07,2026-06-05,2026-07-10
4663,TRUE,NA,2026-05-18,2026-07-07,2026-06-12,2026-06-22
4664,TRUE,NA,2026-05-29,2026-06-26,2026-06-01,2026-07-09
4665,TRUE,NA,2026-05-27,2026-06-26,2026-06-15,2026-06-25
4666,TRUE,NA,2026-06-01,2026-07-10,2026-06-12,2026-07-05
4667,TRUE,NA,2026-06-04,2026-06-29,2026-06-10,2026-07-09
4668,TRUE,NA,2026-06-03,2026-07-10,2026-06-15,2026-07-10
4669,TRUE,NA,2026-05-20,2026-05-27,2026-06-17,2026-07-05
4670,TRUE,NA,NA,2026-06-22,2026-07-10,2026-07-07
4671,TRUE,NA,2026-05-21,2026-07-10,2026-06-19,2026-06-29
4672,TRUE,NA,2026-05-25,2026-06-25,2026-07-02,2026-06-26
4673,TRUE,NA,2026-06-05,2026-07-09,2026-07-10,2026-07-09
4674,TRUE,NA,2026-05-27,2026-07-07,2026-06-22,2026-06-29
4675,TRUE,NA,2026-05-28,2026-07-05,2026-07-09,2026-07-05
4676,TRUE,NA,NA,2026-07-09,2026-06-25,2026-07-07
4677,TRUE,NA,NA,2026-06-25,2026-07-10,2026-06-04
4678,TRUE,NA,NA,2026-07-05,2026-07-09,2026-06-03
4679,TRUE,NA,2026-05-29,2026-07-07,2026-07-02,2026-06-08
4680,TRUE,NA,2026-06-08,2026-06-12,2026-07-05,2026-06-08
4681,TRUE,NA,2026-06-01,2026-06-26,2026-07-07,2026-05-27
4682,TRUE,NA,2026-06-04,2026-06-15,2026-07-09,2026-06-12
4683,TRUE,NA,2026-06-12,2026-06-29,2026-06-26,2026-06-12
4684,TRUE,NA,2026-05-28,2026-06-15,2026-07-08,2026-06-15
4685,TRUE,NA,2026-06-15,2026-06-15,2026-07-07,2026-06-15
4686,TRUE,NA,2026-05-29,2026-07-10,2026-07-05,2026-06-10
4687,TRUE,NA,2026-06-10,2026-07-10,2026-07-07,2026-06-15
4688,TRUE,NA,2026-06-01,2026-07-10,NA,2026-07-10
4689,TRUE,NA,2026-07-10,2026-07-10,2026-06-29,2026-07-10
4690,TRUE,NA,2026-06-18,2026-07-02,NA,2026-07-02
4691,TRUE,NA,2026-07-02,2026-07-09,2026-06-29,2026-07-02
4692,TRUE,NA,2026-06-03,2026-07-09,2026-06-04,2026-06-18
4693,TRUE,NA,NA,2026-07-09,2026-06-03,2026-07-09
4694,TRUE,NA,2026-07-09,2026-07-09,NA,2026-07-09
4695,TRUE,NA,NA,2026-07-07,2026-07-10,2026-07-10
4696,TRUE,NA,2026-07-05,2026-07-10,2026-06-18,2026-07-10
4697,TRUE,NA,2026-07-07,2026-07-07,2026-07-02,2026-07-07
4698,TRUE,NA,2026-06-08,2026-07-02,NA,2026-07-10
4699,TRUE,NA,2026-05-27,2026-06-29,2026-06-12,2026-06-26
4700,TRUE,NA,2026-06-26,2026-06-29,2026-07-09,2026-07-09
4701,TRUE,NA,2026-06-12,2026-07-10,2026-06-15,2026-07-09
4702,TRUE,NA,2026-06-29,2026-06-29,2026-07-05,2026-07-05
4703,TRUE,NA,2026-06-15,2026-07-05,2026-07-07,2026-07-09
4704,TRUE,NA,2026-05-29,2026-07-07,NA,2026-07-07
4705,TRUE,NA,2026-07-09,2026-07-09,2026-07-10,2026-07-05
4706,TRUE,NA,2026-07-10,2026-07-10,2026-06-26,2026-07-07
4707,TRUE,NA,2026-07-05,2026-07-05,2026-07-02,2026-06-26
4708,TRUE,NA,2026-07-07,2026-07-07,2026-06-29,2026-06-29
4709,TRUE,NA,2026-06-19,2026-07-07,2026-06-08,2026-06-29
4710,TRUE,NA,2026-06-15,2026-06-15,2026-07-09,2026-06-15
4711,TRUE,NA,2026-07-10,2026-07-09,NA,2026-06-29
4712,TRUE,NA,2026-06-22,2026-07-10,2026-07-05,2026-06-10
4713,TRUE,NA,2026-07-10,2026-07-10,2026-07-07,2026-07-10
4714,TRUE,NA,2026-07-07,2026-07-07,2026-06-15,2026-07-10
4715,TRUE,NA,2026-07-02,2026-07-02,2026-05-22,2026-07-02
4716,TRUE,NA,2026-07-09,2026-07-10,2026-06-26,2026-07-10
4717,TRUE,NA,2026-07-10,2026-07-10,2026-06-12,2026-06-19
4718,TRUE,NA,2026-07-09,2026-07-09,2026-06-29,2026-07-10
4719,TRUE,NA,2026-07-07,2026-07-05,2026-06-15,2026-07-09
4720,TRUE,NA,2026-07-05,2026-07-07,NA,2026-07-05
4721,TRUE,NA,2026-07-10,2026-07-10,2026-06-10,2026-07-09
4722,TRUE,NA,2026-07-09,2026-07-10,2026-07-10,2026-07-10
4723,TRUE,NA,2026-07-02,2026-07-05,2026-06-17,2026-07-09
4724,TRUE,NA,2026-07-05,2026-07-10,2026-07-02,2026-07-07
4725,TRUE,NA,2026-07-07,2026-07-07,2026-06-19,2026-07-05
4726,TRUE,NA,2026-07-10,2026-07-10,2026-06-12,2026-07-07
4727,TRUE,NA,2026-06-22,2026-07-09,2026-07-09,2026-07-09
4728,TRUE,NA,2026-07-10,2026-07-10,2026-06-22,2026-06-22
4729,TRUE,NA,2026-07-07,2026-07-09,2026-07-05,2026-07-05
4730,TRUE,NA,2026-07-10,2026-07-10,2026-07-07,2026-07-07
4731,TRUE,NA,2026-07-09,2026-07-09,2026-07-10,2026-07-02
4732,TRUE,NA,2026-06-26,2026-07-10,2026-06-17,2026-05-27
4733,TRUE,NA,2026-07-09,2026-07-09,2026-07-02,2026-06-26
4734,TRUE,NA,2026-07-07,2026-07-07,2026-06-19,2026-07-03
4735,TRUE,NA,2026-07-10,2026-07-10,2026-06-29,2026-06-29
4736,TRUE,NA,2026-07-07,2026-07-07,2026-07-09,2026-07-05
4737,TRUE,NA,2026-07-02,2026-07-09,2026-06-22,2026-07-07
4738,TRUE,NA,2026-07-07,2026-07-10,2026-07-05,2026-05-26
4739,TRUE,NA,2026-06-29,2026-07-05,2026-07-07,2026-06-10
4740,TRUE,NA,2026-07-09,2026-07-09,2026-05-22,2026-06-02
4741,TRUE,NA,2026-07-10,2026-07-10,2026-06-05,2026-06-03
4742,TRUE,NA,2026-07-05,2026-07-05,2026-06-26,2026-05-20
4743,TRUE,NA,2026-07-07,2026-07-09,NA,2026-06-04
4744,TRUE,NA,2026-07-10,2026-07-10,2026-06-29,2026-06-02
4745,TRUE,NA,NA,NA,NA,NA
4746,TRUE,NA,2026-07-10,2026-07-09,2026-05-28,2026-06-08
4747,TRUE,NA,NA,2026-07-10,NA,NA
4748,TRUE,NA,2026-06-29,2026-06-29,2026-06-08,2026-06-12
4749,TRUE,NA,2026-07-09,2026-07-09,2026-05-28,2026-06-09
4750,TRUE,NA,NA,NA,NA,NA
4751,TRUE,NA,2026-07-10,2026-07-10,2026-06-09,2026-05-20
4752,TRUE,NA,2026-07-07,2026-07-09,NA,NA
4753,TRUE,NA,NA,2026-07-10,NA,NA
4754,TRUE,NA,2026-07-10,2026-07-05,2026-06-10,2026-06-17
4755,TRUE,NA,2026-06-15,2026-07-10,2026-06-04,2026-07-02
4756,TRUE,NA,2026-07-09,2026-07-09,2026-06-02,2026-06-19
4757,TRUE,NA,NA,NA,NA,NA
4758,TRUE,NA,2026-07-10,2026-07-10,NA,2026-05-20
4759,TRUE,NA,2026-07-10,2026-07-07,NA,NA
4760,TRUE,NA,2026-07-02,2026-07-05,NA,2026-06-25
4761,TRUE,NA,2026-07-05,2026-07-07,2026-05-29,2026-05-29
4762,TRUE,NA,2026-07-07,2026-06-05,NA,NA
4763,TRUE,NA,2026-07-09,2026-07-09,2026-06-04,2026-06-05
4764,TRUE,NA,2026-07-09,2026-06-22,2026-06-08,2026-06-02
4765,TRUE,NA,2026-07-05,2026-07-05,2026-06-03,2026-06-26
4766,TRUE,NA,2026-07-07,2026-07-07,2026-06-12,2026-05-28
4767,TRUE,NA,2026-07-07,2026-06-29,2026-06-09,2026-07-10
4768,TRUE,NA,2026-06-04,2026-06-04,2026-06-15,NA
4769,TRUE,NA,2026-06-04,2026-06-08,NA,2026-07-02
4770,TRUE,NA,2026-06-26,2026-06-26,2026-06-10,2026-06-08
4771,TRUE,NA,2026-06-08,2026-06-12,2026-07-10,2026-05-26
4772,TRUE,NA,2026-06-29,2026-06-29,2026-06-17,2026-07-09
4773,TRUE,NA,2026-06-12,2026-06-15,2026-07-02,2026-06-09
4774,TRUE,NA,2026-06-12,2026-06-15,2026-06-19,2026-07-05
4775,TRUE,NA,2026-06-15,2026-06-15,2026-05-18,2026-07-07
4776,TRUE,NA,2026-06-15,2026-06-30,2026-07-09,2026-06-12
4777,TRUE,NA,2026-06-15,2026-07-10,2026-06-22,2026-07-10
4778,TRUE,NA,2026-07-10,2026-07-10,2026-07-05,2026-06-17
4779,TRUE,NA,2026-07-10,2026-07-10,2026-07-07,2026-07-02
4780,TRUE,NA,2026-07-10,2026-07-10,NA,2026-06-19
4781,TRUE,NA,2026-07-10,2026-07-10,NA,2026-07-10
4782,TRUE,NA,2026-07-02,2026-07-09,NA,2026-07-09
4783,TRUE,NA,2026-07-09,2026-07-09,2026-06-26,2026-07-02
4784,TRUE,NA,2026-07-09,2026-07-09,2026-06-08,2026-07-10
4785,TRUE,NA,2026-07-09,2026-07-09,2026-06-29,2026-07-07
4786,TRUE,NA,2026-07-09,2026-07-10,2026-06-12,2026-07-10
4787,TRUE,NA,2026-07-07,2026-07-07,2026-06-15,2026-06-22
4788,TRUE,NA,2026-07-07,2026-07-10,2026-06-15,2026-07-05
4789,TRUE,NA,2026-07-07,2026-07-07,2026-06-10,2026-07-09
4790,TRUE,NA,2026-06-26,2026-07-02,2026-06-30,2026-06-22
4791,TRUE,NA,2026-07-02,2026-07-09,2026-06-30,2026-07-09
4792,TRUE,NA,2026-06-29,2026-06-29,2026-07-02,2026-07-07
4793,TRUE,NA,2026-06-29,2026-07-09,2026-07-02,2026-07-05
4794,TRUE,NA,2026-07-03,2026-07-07,2026-06-19,2026-07-10
4795,TRUE,NA,2026-06-22,2026-07-05,2026-07-03,2026-06-29
4796,TRUE,NA,2026-07-05,2026-07-07,2026-07-03,2026-07-02
4797,TRUE,NA,2026-06-15,2026-06-15,2026-06-25,2026-06-19
4798,TRUE,NA,NA,2026-06-26,2026-07-03,2026-06-29
4799,TRUE,NA,2026-06-10,2026-06-10,2026-06-22,2026-07-09
4800,TRUE,NA,2026-07-10,2026-07-10,2026-06-25,2026-06-29
4801,TRUE,NA,2026-06-26,2026-06-26,2026-07-10,2026-07-10
4802,TRUE,NA,2026-07-02,2026-07-02,2026-06-26,2026-07-07
4803,TRUE,NA,2026-06-29,2026-06-29,2026-07-02,2026-07-02
4804,TRUE,NA,2026-06-15,2026-06-12,2026-06-29,2026-06-19
4805,TRUE,NA,2026-07-09,2026-07-09,2026-06-29,2026-06-12
4806,TRUE,NA,2026-07-10,2026-07-10,2026-07-09,2026-07-09
4807,TRUE,NA,2026-07-05,2026-07-05,2026-06-29,2026-06-22
4808,TRUE,NA,2026-07-07,2026-07-10,2026-07-05,2026-07-05
4809,TRUE,NA,2026-07-10,2026-07-10,2026-07-07,2026-07-07
4810,TRUE,NA,2026-06-19,2026-07-02,NA,2026-07-10
4811,TRUE,NA,2026-07-09,2026-07-09,NA,2026-06-17
4812,TRUE,NA,2026-06-26,2026-06-26,NA,2026-07-02
4813,TRUE,NA,2026-07-05,2026-07-09,2026-06-26,2026-06-26
4814,TRUE,NA,2026-07-09,2026-07-09,NA,2026-06-15
4815,TRUE,NA,2026-07-10,2026-07-05,2026-06-29,2026-07-09
4816,TRUE,NA,2026-07-05,2026-07-07,NA,2026-06-22
4817,TRUE,NA,2026-07-07,2026-07-07,2026-05-27,2026-07-05
4818,TRUE,NA,2026-06-26,2026-07-05,2026-05-28,2026-07-07
4819,TRUE,NA,2026-06-26,2026-07-10,NA,2026-07-10
4820,TRUE,NA,2026-07-09,2026-06-29,NA,2026-06-19
4821,TRUE,NA,2026-06-29,2026-07-02,2026-05-26,2026-07-02
4822,TRUE,NA,2026-07-05,2026-07-10,2026-05-29,2026-07-03
4823,TRUE,NA,2026-07-07,2026-07-10,2026-06-05,2026-06-22
4824,TRUE,NA,2026-06-15,2026-07-09,2026-06-04,2026-07-09
4825,TRUE,NA,2026-06-09,2026-07-02,2026-06-02,2026-07-10
4826,TRUE,NA,2026-06-15,2026-07-05,2026-06-03,2026-07-05
4827,TRUE,NA,2026-06-26,2026-07-09,2026-05-28,2026-07-07
4828,TRUE,NA,2026-06-10,2026-07-10,2026-06-05,2026-06-05
4829,TRUE,NA,2026-07-10,2026-07-05,NA,2026-06-26
4830,TRUE,NA,2026-06-17,2026-07-07,2026-06-08,2026-07-09
4831,TRUE,NA,2026-07-02,2026-07-07,2026-06-05,2026-06-29
4832,TRUE,NA,2026-06-19,2026-06-12,2026-06-12,2026-07-05
4833,TRUE,NA,2026-06-08,2026-07-10,2026-06-09,2026-07-07
4834,TRUE,NA,2026-07-09,2026-06-26,2026-06-15,2026-06-15
4835,TRUE,NA,2026-06-22,2026-07-05,2026-06-08,2026-06-08
4836,TRUE,NA,2026-07-05,2026-07-07,2026-06-10,2026-06-10
4837,TRUE,NA,2026-07-07,2026-07-10,2026-07-10,2026-07-10
4838,TRUE,NA,2026-06-12,2026-07-09,2026-06-17,2026-06-17
4839,TRUE,NA,2026-06-10,2026-07-02,2026-07-02,2026-07-02
4840,TRUE,NA,2026-07-10,2026-07-10,2026-06-19,2026-06-19
4841,TRUE,NA,2026-06-26,2026-07-07,2026-06-10,2026-06-10
4842,TRUE,NA,2026-07-02,2026-07-09,2026-07-10,2026-07-09
4843,TRUE,NA,2026-07-10,2026-07-10,2026-06-22,2026-06-22
4844,TRUE,NA,2026-06-17,2026-07-05,2026-07-05,2026-07-05
4845,TRUE,NA,2026-07-09,2026-07-10,2026-07-07,2026-07-10
4846,TRUE,NA,2026-06-22,2026-06-22,2026-06-17,2026-06-17
4847,TRUE,NA,2026-07-05,2026-07-05,2026-07-09,2026-07-03
4848,TRUE,NA,2026-07-09,2026-07-09,2026-06-22,2026-06-22
4849,TRUE,NA,2026-06-22,2026-06-26,2026-07-05,2026-07-10
4850,TRUE,NA,2026-07-10,2026-07-10,2026-07-07,2026-07-09
4851,TRUE,NA,2026-07-07,2026-07-10,2026-06-29,2026-07-02
4852,TRUE,NA,2026-07-02,2026-07-05,2026-05-22,2026-07-05
4853,TRUE,NA,2026-06-19,2026-07-07,NA,2026-07-07
4854,TRUE,NA,2026-07-10,2026-07-10,2026-06-26,2026-07-09
4855,TRUE,NA,2026-07-09,2026-07-09,NA,2026-06-22
4856,TRUE,NA,2026-07-02,2026-07-09,2026-06-29,2026-07-05
4857,TRUE,NA,2026-07-05,2026-07-05,2026-06-12,2026-07-07
4858,TRUE,NA,2026-07-07,2026-07-10,NA,NA
4859,TRUE,NA,2026-07-09,2026-07-09,NA,2026-07-10
4860,TRUE,NA,2026-07-03,2026-07-02,NA,2026-06-17
4861,TRUE,NA,2026-07-05,2026-07-05,2026-06-10,2026-07-02
4862,TRUE,NA,2026-07-07,2026-07-07,2026-06-30,2026-06-19
4863,TRUE,NA,2026-06-15,2026-07-09,2026-06-17,2026-06-29
4864,TRUE,NA,2026-06-29,2026-07-10,2026-07-02,2026-07-09
4865,TRUE,NA,2026-07-10,2026-07-10,2026-06-19,2026-06-22
4866,TRUE,NA,2026-06-26,2026-07-10,2026-06-12,2026-07-05
4867,TRUE,NA,2026-07-02,2026-07-02,2026-07-09,2026-07-07
4868,TRUE,NA,2026-06-29,2026-07-02,2026-07-10,2026-06-03
4869,TRUE,NA,2026-06-29,2026-07-09,2026-07-05,2026-06-08
4870,TRUE,NA,2026-07-09,2026-07-09,2026-07-07,NA
4871,TRUE,NA,2026-06-22,2026-07-09,2026-06-30,2026-06-26
4872,TRUE,NA,2026-07-05,2026-07-07,2026-06-17,2026-06-09
4873,TRUE,NA,2026-07-07,2026-07-07,2026-07-09,2026-06-29
4874,TRUE,NA,2026-07-10,2026-07-10,2026-06-26,2026-06-02
4875,TRUE,NA,2026-06-17,2026-06-17,2026-07-05,2026-06-10
4876,TRUE,NA,2026-07-10,2026-07-10,2026-07-07,2026-07-10
4877,TRUE,NA,2026-06-26,2026-06-26,2026-06-22,2026-06-17
4878,TRUE,NA,2026-07-02,2026-07-10,2026-06-25,2026-07-10
4879,TRUE,NA,2026-07-09,2026-07-09,2026-06-08,2026-06-19
4880,TRUE,NA,2026-06-22,2026-06-29,2026-06-26,2026-07-02
4881,TRUE,NA,2026-07-09,2026-07-09,2026-06-12,2026-07-09
4882,TRUE,NA,2026-07-10,2026-07-10,2026-06-29,2026-06-22
4883,TRUE,NA,2026-07-05,2026-07-10,2026-06-26,2026-07-09
4884,TRUE,NA,2026-07-07,2026-07-07,2026-06-10,2026-07-07
4885,TRUE,NA,2026-06-10,2026-07-02,2026-07-10,2026-07-05
4886,TRUE,NA,2026-06-26,2026-07-05,2026-06-17,2026-07-10
4887,TRUE,NA,2026-06-17,2026-07-09,2026-07-02,2026-06-12
4888,TRUE,NA,2026-06-29,2026-07-09,2026-06-19,2026-07-02
4889,TRUE,NA,2026-07-10,2026-07-05,2026-06-19,2026-06-15
4890,TRUE,NA,2026-06-29,2026-07-07,2026-07-09,2026-06-29
4891,TRUE,NA,2026-07-02,2026-07-07,2026-06-22,2026-07-09
4892,TRUE,NA,2026-06-22,2026-05-29,2026-07-05,2026-07-10
4893,TRUE,NA,2026-06-25,2026-06-29,2026-07-07,2026-07-05
4894,TRUE,NA,2026-07-09,2026-06-26,2026-05-26,2026-07-07
4895,TRUE,NA,2026-06-22,2026-06-26,NA,2026-06-19
4896,TRUE,NA,2026-07-05,2026-06-29,2026-06-04,2026-06-04
4897,TRUE,NA,2026-07-07,2026-06-29,2026-06-26,2026-07-09
4898,TRUE,NA,2026-06-26,2026-06-12,2026-06-26,2026-06-22
4899,TRUE,NA,2026-06-05,2026-06-12,2026-06-29,2026-07-05
4900,TRUE,NA,2026-06-29,2026-06-15,2026-06-29,2026-07-07
4901,TRUE,NA,2026-06-26,2026-06-15,2026-06-12,2026-06-15
4902,TRUE,NA,2026-05-22,2026-06-10,2026-06-09,2026-06-03
4903,TRUE,NA,2026-06-29,2026-06-10,2026-06-15,2026-06-10
4904,TRUE,NA,2026-05-20,2026-07-10,2026-06-02,2026-07-10
4905,TRUE,NA,NA,2026-06-18,2026-06-10,2026-06-17
4906,TRUE,NA,2026-06-08,2026-07-02,2026-07-10,2026-07-02
4907,TRUE,NA,NA,2026-06-19,2026-06-17,2026-06-19
4908,TRUE,NA,2026-06-12,2026-06-12,2026-07-02,2026-06-15
4909,TRUE,NA,2026-06-09,2026-07-09,2026-06-19,2026-07-09
4910,TRUE,NA,2026-06-15,2026-06-22,2026-06-05,2026-06-22
4911,TRUE,NA,2026-06-05,2026-07-05,2026-07-09,2026-07-10
4912,TRUE,NA,2026-06-10,2026-07-07,2026-06-22,2026-07-07
4913,TRUE,NA,2026-06-08,2026-06-08,2026-07-05,2026-07-10
4914,TRUE,NA,NA,2026-06-03,2026-07-07,2026-06-19
4915,TRUE,NA,2026-06-12,2026-06-12,2026-06-10,2026-07-02
4916,TRUE,NA,2026-06-09,2026-06-26,2026-07-10,2026-07-09
4917,TRUE,NA,2026-06-15,2026-06-15,2026-06-17,2026-06-22
4918,TRUE,NA,2026-06-08,2026-06-29,2026-07-02,2026-07-09
4919,TRUE,NA,2026-06-10,2026-06-10,2026-06-19,2026-07-07
4920,TRUE,NA,2026-07-10,2026-07-10,2026-06-29,2026-07-10
4921,TRUE,NA,2026-06-17,2026-06-17,2026-07-09,2026-07-07
4922,TRUE,NA,2026-07-02,2026-07-02,2026-06-22,2026-07-02
4923,TRUE,NA,2026-06-19,2026-07-10,2026-07-05,2026-07-10
4924,TRUE,NA,2026-06-10,2026-06-17,2026-07-10,2026-06-17
4925,TRUE,NA,2026-07-10,2026-07-10,2026-06-17,2026-07-09
4926,TRUE,NA,2026-06-22,2026-06-22,2026-07-10,2026-06-22
4927,TRUE,NA,2026-07-05,2026-07-05,2026-06-19,2026-07-10
4928,TRUE,NA,2026-07-07,2026-07-09,2026-07-10,2026-07-09
4929,TRUE,NA,2026-06-15,2026-06-22,2026-07-10,2026-07-02
4930,TRUE,NA,2026-07-09,2026-07-09,2026-07-02,2026-07-05
4931,TRUE,NA,2026-06-22,2026-07-07,2026-07-09,2026-07-07
4932,TRUE,NA,2026-07-10,2026-07-10,2026-07-07,2026-07-09
4933,TRUE,NA,2026-07-07,2026-07-07,2026-07-09,2026-06-22
4934,TRUE,NA,2026-07-02,2026-07-10,2026-07-09,2026-07-10
4935,TRUE,NA,2026-06-19,2026-06-26,2026-07-05,2026-07-07
4936,TRUE,NA,2026-05-27,2026-07-02,2026-07-10,2026-07-10
4937,TRUE,NA,2026-07-09,2026-07-09,2026-07-07,2026-06-29
4938,TRUE,NA,2026-06-22,2026-06-22,2026-07-02,2026-07-02
4939,TRUE,NA,2026-07-05,2026-07-09,2026-06-19,2026-07-10
4940,TRUE,NA,2026-07-07,2026-07-07,2026-06-29,2026-06-22
4941,TRUE,NA,2026-05-29,2026-07-05,2026-07-10,2026-07-09
4942,TRUE,NA,2026-06-05,2026-07-07,2026-06-29,2026-07-07
4943,TRUE,NA,2026-06-04,2026-06-10,2026-07-05,2026-07-05
4944,TRUE,NA,2026-06-26,2026-07-10,2026-07-07,2026-07-09
4945,TRUE,NA,2026-06-03,2026-06-17,2026-05-18,2026-06-22
4946,TRUE,NA,2026-06-29,2026-07-02,2026-07-09,2026-07-10
4947,TRUE,NA,2026-07-10,2026-07-10,2026-07-10,2026-07-10
4948,TRUE,NA,NA,2026-06-29,2026-07-05,2026-07-02
4949,TRUE,NA,2026-07-10,2026-07-10,2026-07-07,2026-07-02
4950,TRUE,NA,2026-05-25,2026-07-10,2026-06-29,2026-06-29
4951,TRUE,NA,2026-07-02,2026-07-05,2026-06-30,2026-07-09
4952,TRUE,NA,2026-07-09,2026-07-09,2026-07-09,2026-07-09
4953,TRUE,NA,2026-06-15,2026-06-22,2026-07-02,2026-07-05
4954,TRUE,NA,2026-07-09,2026-07-09,2026-07-10,2026-07-07
4955,TRUE,NA,2026-07-07,2026-07-10,2026-07-07,2026-07-10
4956,TRUE,NA,2026-07-10,2026-07-10,2026-07-03,2026-06-17
4957,TRUE,NA,2026-07-07,2026-07-10,2026-06-22,2026-07-02
4958,TRUE,NA,2026-07-02,2026-07-07,2026-06-25,2026-07-10
4959,TRUE,NA,2026-06-19,2026-07-02,2026-07-09,2026-06-26
4960,TRUE,NA,2026-06-15,2026-07-09,2026-06-02,2026-07-09
4961,TRUE,NA,2026-07-09,2026-07-09,2026-07-05,2026-06-29
4962,TRUE,NA,2026-06-22,2026-07-10,2026-07-07,2026-07-10
4963,TRUE,NA,2026-07-10,2026-07-10,2026-06-26,2026-07-09
4964,TRUE,NA,2026-07-07,2026-07-07,NA,2026-07-02
4965,TRUE,NA,2026-07-02,2026-07-07,2026-06-29,2026-07-05
4966,TRUE,NA,2026-06-19,2026-07-03,2026-06-30,2026-07-07
4967,TRUE,NA,2026-06-05,2026-07-09,2026-06-17,2026-07-10
4968,TRUE,NA,2026-07-09,2026-07-10,2026-07-02,2026-06-22
4969,TRUE,NA,2026-06-22,2026-07-07,2026-06-19,2026-07-05
4970,TRUE,NA,2026-07-05,2026-07-07,2026-06-04,2026-07-07
4971,TRUE,NA,2026-07-07,2026-07-07,2026-07-03,NA
4972,TRUE,NA,2026-05-27,2026-06-17,2026-06-22,2026-07-09
4973,TRUE,NA,2026-05-28,2026-07-09,2026-06-25,2026-06-22
4974,TRUE,NA,2026-07-10,2026-06-26,NA,2026-07-05
4975,TRUE,NA,2026-06-26,2026-07-05,2026-06-12,2026-07-07
4976,TRUE,NA,2026-07-02,2026-07-10,2026-06-09,2026-07-10
4977,TRUE,NA,2026-06-29,2026-06-29,2026-06-17,2026-05-27
4978,TRUE,NA,2026-06-03,2026-06-25,2026-06-26,2026-07-02
4979,TRUE,NA,2026-07-09,2026-06-19,2026-06-19,2026-06-26
4980,TRUE,NA,2026-06-22,2026-06-26,2026-07-10,NA
4981,TRUE,NA,2026-07-05,2026-06-10,2026-06-17,2026-07-09
4982,TRUE,NA,2026-07-07,2026-07-10,2026-07-02,2026-05-29
4983,TRUE,NA,2026-07-10,2026-06-26,2026-06-19,2026-07-05
4984,TRUE,NA,2026-06-17,2026-07-02,2026-06-15,2026-07-07
4985,TRUE,NA,2026-07-02,2026-06-29,2026-07-09,2026-06-02
4986,TRUE,NA,2026-06-26,2026-06-15,2026-07-10,2026-06-03
4987,TRUE,NA,2026-06-05,2026-07-09,2026-07-10,2026-05-22
4988,TRUE,NA,2026-07-09,2026-06-22,2026-07-07,2026-06-26
4989,TRUE,NA,2026-07-10,2026-07-10,2026-07-02,2026-05-28
4990,TRUE,NA,2026-07-05,2026-07-07,2026-06-19,2026-06-29
4991,TRUE,NA,2026-07-07,2026-07-02,2026-07-09,NA
4992,TRUE,NA,2026-06-19,2026-06-19,2026-07-09,2026-06-12
4993,TRUE,NA,2026-07-10,2026-07-10,2026-07-05,2026-06-09
4994,TRUE,NA,2026-07-09,2026-07-10,2026-07-07,2026-07-10
4995,TRUE,NA,2026-07-02,2026-07-02,2026-07-07,NA
4996,TRUE,NA,2026-07-05,2026-07-10,2026-07-10,2026-07-10
4997,TRUE,NA,2026-07-10,2026-07-07,2026-06-04,2026-06-12
4998,TRUE,NA,2026-07-09,2026-07-09,2026-07-02,2026-07-02
4999,TRUE,NA,2026-07-10,2026-07-10,2026-06-26,2026-07-10
5000,TRUE,NA,2026-07-10,2026-07-10,2026-06-29,2026-07-10
5001,TRUE,NA,2026-07-07,2026-07-10,2026-07-09,2026-07-09
5002,TRUE,NA,2026-07-09,2026-07-07,2026-05-29,2026-07-07
5003,TRUE,NA,2026-07-02,2026-07-02,2026-07-05,2026-07-05
5004,TRUE,NA,2026-07-09,2026-07-09,2026-07-07,2026-07-09
5005,TRUE,NA,2026-07-09,2026-07-10,2026-06-15,2026-07-09
5006,TRUE,NA,2026-07-03,2026-07-09,2026-07-10,2026-07-03
5007,TRUE,NA,2026-07-05,2026-07-05,2026-06-30,2026-07-05
5008,TRUE,NA,2026-07-07,2026-07-07,2026-06-12,2026-07-07
5009,TRUE,NA,2026-07-07,2026-07-07,2026-07-02,2026-07-07
5010,TRUE,NA,2026-06-26,2026-07-09,2026-06-18,NA
5011,TRUE,NA,2026-07-05,2026-07-03,2026-07-10,2026-06-29
5012,TRUE,NA,2026-07-10,2026-07-10,2026-07-03,NA
5013,TRUE,NA,2026-06-30,2026-07-05,2026-05-25,2026-06-26
5014,TRUE,NA,2026-06-26,2026-07-07,2026-07-05,2026-06-26
5015,TRUE,NA,2026-07-02,2026-07-02,2026-07-07,2026-06-29
5016,TRUE,NA,2026-06-29,2026-07-10,2026-07-09,2026-06-29
5017,TRUE,NA,2026-07-09,2026-07-09,2026-07-03,2026-06-12
5018,TRUE,NA,2026-07-03,2026-07-03,2026-06-12,2026-06-09
5019,TRUE,NA,2026-06-29,2026-07-02,2026-07-05,2026-06-15
5020,TRUE,NA,2026-07-05,2026-07-10,2026-07-07,2026-07-10
5021,TRUE,NA,2026-07-07,2026-07-09,2026-06-05,2026-06-30
5022,TRUE,NA,2026-06-12,2026-07-10,2026-06-30,NA
5023,TRUE,NA,2026-06-21,2026-07-02,2026-06-08,2026-07-02
5024,TRUE,NA,2026-06-21,2026-07-05,2026-07-02,2026-06-18
5025,TRUE,NA,2026-07-10,2026-07-09,2026-06-26,2026-07-09
5026,TRUE,NA,2026-06-30,2026-07-03,2026-06-19,2026-07-03
5027,TRUE,NA,2026-06-09,2026-07-09,2026-07-03,2026-06-05
5028,TRUE,NA,2026-07-02,2026-07-05,2026-07-10,2026-07-05
5029,TRUE,NA,2026-06-18,2026-07-07,2026-06-30,2026-07-07
5030,TRUE,NA,2026-07-09,2026-07-05,2026-06-25,2026-06-15
5031,TRUE,NA,2026-07-03,2026-07-10,2026-07-02,2026-07-10
5032,TRUE,NA,2026-07-02,2026-07-02,2026-06-18,2026-06-30
5033,TRUE,NA,2026-07-05,2026-06-18,2026-07-09,2026-07-10
5034,TRUE,NA,2026-07-07,2026-07-02,2026-07-03,2026-07-02
5035,TRUE,NA,2026-07-03,2026-07-03,2026-06-26,2026-07-10
5036,TRUE,NA,2026-07-10,2026-07-10,2026-07-05,2026-07-09
5037,TRUE,NA,2026-07-05,2026-07-05,2026-07-07,2026-07-03
5038,TRUE,NA,2026-07-10,2026-07-10,2026-06-19,2026-07-09
5039,TRUE,NA,2026-07-10,2026-07-10,2026-06-15,2026-07-10
5040,TRUE,NA,2026-06-30,2026-07-07,2026-07-10,2026-07-09
5041,TRUE,NA,2026-07-09,2026-07-09,2026-06-30,2026-07-05
5042,TRUE,NA,2026-07-03,2026-07-03,2026-07-10,2026-07-07
5043,TRUE,NA,2026-07-09,2026-07-09,2026-07-02,2026-07-05
5044,TRUE,NA,2026-07-09,2026-07-09,2026-06-29,2026-07-09
5045,TRUE,NA,2026-07-07,2026-07-07,2026-07-09,2026-07-03
5046,TRUE,NA,2026-07-10,2026-07-05,2026-07-03,2026-06-12
5047,TRUE,NA,2026-07-10,2026-07-07,2026-07-09,2026-07-05
5048,TRUE,NA,2026-07-07,2026-07-07,2026-07-05,2026-07-07
5049,TRUE,NA,2026-07-02,2026-06-18,2026-07-07,2026-06-26
5050,TRUE,NA,2026-07-09,2026-07-09,2026-07-05,2026-06-30
5051,TRUE,NA,2026-07-09,2026-07-03,2026-07-07,2026-06-29
5052,TRUE,NA,2026-07-09,2026-07-02,NA,2026-07-02
5053,TRUE,NA,2026-07-05,2026-07-05,2026-06-05,2026-06-26
5054,TRUE,NA,2026-07-07,2026-07-07,2026-06-26,2026-06-19
5055,TRUE,NA,2026-07-07,2026-07-03,2026-06-05,2026-07-03
5056,TRUE,NA,2026-07-07,2026-06-09,2026-06-29,NA
5057,TRUE,NA,2026-07-05,2026-07-05,2026-05-18,2026-07-05
5058,TRUE,NA,2026-07-10,2026-07-10,2026-06-29,2026-07-07
5059,TRUE,NA,2026-06-26,2026-06-30,NA,NA
5060,TRUE,NA,2026-06-26,2026-06-15,2026-06-08,NA
5061,TRUE,NA,2026-07-10,2026-07-10,NA,NA
5062,TRUE,NA,2026-06-30,2026-06-30,2026-06-12,2026-05-26
5063,TRUE,NA,2026-07-09,2026-07-09,2026-06-09,2026-06-26
5064,TRUE,NA,2026-07-02,2026-07-03,2026-06-15,2026-06-12
5065,TRUE,NA,2026-06-29,2026-06-29,2026-07-10,2026-06-29
5066,TRUE,NA,2026-07-09,2026-07-10,2026-06-30,2026-06-15
5067,TRUE,NA,2026-07-07,2026-07-07,NA,NA
5068,TRUE,NA,2026-06-09,2026-06-15,2026-07-02,2026-06-10
5069,TRUE,NA,2026-07-05,2026-07-10,2026-06-18,NA
5070,TRUE,NA,2026-07-10,2026-07-07,2026-07-09,2026-06-17
5071,TRUE,NA,2026-06-30,2026-07-09,2026-07-03,2026-06-18
5072,TRUE,NA,2026-07-10,2026-07-10,2026-06-19,2026-06-19
5073,TRUE,NA,2026-07-02,2026-06-18,2026-07-05,NA
5074,TRUE,NA,2026-06-18,2026-07-09,2026-07-07,NA
5075,TRUE,NA,2026-07-09,2026-07-07,2026-06-22,2026-06-22
5076,TRUE,NA,2026-07-03,2026-06-25,2026-06-25,2026-06-25
5077,TRUE,NA,2026-07-09,2026-07-09,NA,NA
5078,TRUE,NA,2026-07-05,2026-07-07,NA,2026-06-04
5079,TRUE,NA,2026-07-07,2026-06-12,2026-06-26,2026-06-02
5080,TRUE,NA,2026-06-09,2026-06-26,2026-05-25,2026-06-03
5081,TRUE,NA,2026-06-15,2026-07-10,2026-06-29,2026-06-26
5082,TRUE,NA,2026-07-10,2026-06-30,NA,2026-06-04
5083,TRUE,NA,2026-07-10,2026-07-10,2026-06-29,2026-06-29
5084,TRUE,NA,2026-06-26,2026-07-02,2026-05-18,2026-06-03
5085,TRUE,NA,2026-07-10,2026-07-02,2026-06-04,2026-06-12
5086,TRUE,NA,2026-06-30,2026-07-09,2026-06-02,2026-06-09
5087,TRUE,NA,2026-07-09,2026-07-09,2026-06-03,2026-06-15
5088,TRUE,NA,2026-07-10,2026-07-10,2026-07-10,2026-05-29
5089,TRUE,NA,2026-07-03,2026-07-10,NA,2026-06-30
5090,TRUE,NA,2026-07-09,2026-07-07,NA,NA
5091,TRUE,NA,2026-07-07,2026-07-07,NA,2026-07-02
5092,TRUE,NA,NA,NA,NA,NA
5093,TRUE,NA,2026-07-05,NA,NA,2026-07-09
5094,TRUE,NA,2026-07-10,2026-07-10,2026-05-29,2026-07-03
5095,TRUE,NA,NA,2026-07-03,NA,NA
5096,TRUE,NA,2026-06-26,2026-06-26,NA,2026-07-05
5097,TRUE,NA,NA,2026-07-10,NA,NA
5098,TRUE,NA,NA,2026-07-07,NA,NA
5099,TRUE,NA,2026-07-09,2026-07-09,2026-05-28,2026-05-27
5100,TRUE,NA,NA,NA,NA,NA
5101,TRUE,NA,NA,NA,NA,NA
5102,TRUE,NA,2026-07-10,2026-07-09,2026-05-27,2026-06-26
5103,TRUE,NA,2026-07-07,2026-07-07,2026-05-29,2026-05-22
5104,TRUE,NA,2026-06-30,2026-06-30,2026-05-27,2026-06-29
5105,TRUE,NA,2026-07-02,2026-07-05,2026-06-04,2026-06-09
5106,TRUE,NA,2026-07-02,2026-07-07,NA,NA
5107,TRUE,NA,2026-07-09,2026-07-10,2026-06-03,2026-07-10
5108,TRUE,NA,2026-07-10,2026-07-10,NA,2026-06-30
5109,TRUE,NA,2026-07-10,2026-07-10,2026-06-05,2026-06-08
5110,TRUE,NA,2026-07-05,2026-07-02,2026-06-02,2026-07-02
5111,TRUE,NA,2026-07-10,2026-07-05,2026-06-03,2026-06-18
5112,TRUE,NA,2026-07-07,2026-07-09,2026-05-18,2026-07-09
5113,TRUE,NA,2026-07-09,2026-07-09,2026-05-29,2026-07-10
5114,TRUE,NA,2026-07-09,2026-07-09,NA,2026-07-10
5115,TRUE,NA,2026-07-03,2026-07-10,2026-06-04,2026-07-10
5116,TRUE,NA,2026-07-09,2026-07-07,2026-06-08,2026-07-07
5117,TRUE,NA,2026-07-07,2026-07-10,NA,2026-07-02
5118,TRUE,NA,2026-07-07,2026-07-10,2026-05-26,2026-07-09
5119,TRUE,NA,2026-07-05,2026-06-30,2026-07-10,2026-07-09
5120,TRUE,NA,2026-07-07,2026-07-09,2026-06-30,2026-07-10
5121,TRUE,NA,NA,2026-07-03,2026-06-15,2026-07-05
5122,TRUE,NA,2026-06-26,2026-07-09,2026-07-10,2026-07-07
5123,TRUE,NA,2026-06-26,2026-07-09,2026-06-30,2026-07-07
5124,TRUE,NA,2026-06-29,2026-07-07,2026-07-09,2026-07-07
5125,TRUE,NA,2026-07-10,2026-06-29,2026-07-03,2026-07-09
5126,TRUE,NA,2026-06-30,2026-07-10,2026-06-18,2026-07-03
5127,TRUE,NA,2026-06-29,2026-07-07,2026-07-09,2026-07-10
5128,TRUE,NA,2026-07-02,2026-05-26,2026-07-07,2026-07-05
5129,TRUE,NA,2026-06-18,2026-07-02,2026-06-05,2026-07-07
5130,TRUE,NA,2026-07-09,2026-06-18,2026-07-05,2026-07-02
5131,TRUE,NA,2026-07-03,2026-07-10,2026-07-07,2026-06-29
5132,TRUE,NA,2026-06-02,2026-07-10,2026-06-15,2026-07-09
5133,TRUE,NA,2026-07-05,2026-07-02,2026-07-10,2026-07-03
5134,TRUE,NA,2026-07-07,2026-07-05,2026-06-30,2026-06-26
5135,TRUE,NA,2026-07-02,2026-07-07,2026-06-29,2026-07-05
5136,TRUE,NA,2026-06-18,2026-07-09,2026-07-02,2026-07-10
5137,TRUE,NA,2026-06-19,2026-07-09,2026-06-18,2026-06-08
5138,TRUE,NA,2026-07-03,2026-07-05,2026-07-09,2026-06-10
5139,TRUE,NA,2026-06-26,2026-07-07,2026-07-03,NA
5140,TRUE,NA,2026-07-05,2026-07-07,2026-06-09,2026-06-16
5141,TRUE,NA,2026-06-29,2026-07-07,2026-07-05,2026-07-09
5142,TRUE,NA,2026-06-09,2026-06-29,2026-07-07,2026-06-15
5143,TRUE,NA,2026-06-15,2026-07-10,2026-06-30,2026-07-10
5144,TRUE,NA,2026-07-10,2026-07-10,2026-06-09,2026-06-30
5145,TRUE,NA,2026-06-30,2026-06-30,2026-07-02,2026-06-08
5146,TRUE,NA,2026-07-10,2026-07-10,2026-06-18,2026-07-10
5147,TRUE,NA,2026-07-10,2026-07-10,2026-06-26,2026-06-30
5148,TRUE,NA,2026-06-29,2026-07-09,2026-07-10,2026-07-09
5149,TRUE,NA,2026-07-09,2026-07-10,2026-06-30,2026-07-10
5150,TRUE,NA,2026-07-03,2026-07-03,2026-06-22,2026-06-30
5151,TRUE,NA,2026-07-09,2026-07-09,2026-07-02,2026-07-10
5152,TRUE,NA,2026-07-09,2026-07-09,2026-07-10,2026-07-07
5153,TRUE,NA,2026-07-07,2026-07-10,2026-07-09,2026-07-10
5154,TRUE,NA,2026-07-05,2026-07-09,2026-07-03,2026-07-09
5155,TRUE,NA,2026-07-07,2026-07-07,2026-07-02,2026-07-07
5156,TRUE,NA,2026-05-28,2026-07-10,2026-07-05,2026-07-09
5157,TRUE,NA,NA,2026-07-05,2026-07-09,2026-07-05
5158,TRUE,NA,2026-06-26,2026-07-09,2026-07-03,2026-07-09
5159,TRUE,NA,NA,2026-07-03,NA,2026-07-05
5160,TRUE,NA,NA,NA,NA,NA
5161,TRUE,NA,NA,2026-07-10,2026-07-07,2026-07-05
5162,TRUE,NA,2026-06-29,2026-07-07,2026-06-26,2026-07-07
5163,TRUE,NA,NA,NA,NA,NA
5164,TRUE,NA,NA,2026-07-05,2026-06-30,2026-06-25
5165,TRUE,NA,NA,NA,NA,NA
5166,TRUE,NA,NA,2026-07-09,NA,NA
5167,TRUE,NA,2026-06-15,2026-07-03,2026-06-18,2026-06-29
5168,TRUE,NA,2026-07-10,2026-07-10,NA,NA
5169,TRUE,NA,NA,NA,NA,NA
5170,TRUE,NA,2026-06-05,2026-07-10,2026-06-02,NA
5171,TRUE,NA,2026-07-02,2026-07-02,2026-06-22,2026-06-28
5172,TRUE,NA,2026-06-18,2026-06-29,2026-06-25,NA
5173,TRUE,NA,2026-07-09,2026-07-10,2026-06-15,NA
5174,TRUE,NA,2026-07-03,2026-07-03,2026-07-10,NA
5175,TRUE,NA,2026-06-08,2026-07-09,2026-06-30,NA
5176,TRUE,NA,2026-07-05,2026-07-05,NA,NA
5177,TRUE,NA,2026-07-07,2026-07-07,2026-07-02,2026-05-28
5178,TRUE,NA,2026-06-12,2026-07-09,2026-06-18,2026-05-22
5179,TRUE,NA,2026-06-09,2026-07-07,2026-07-09,NA
5180,TRUE,NA,2026-06-15,2026-07-10,2026-07-03,NA
5181,TRUE,NA,2026-07-10,2026-07-10,NA,2026-07-10
5182,TRUE,NA,2026-07-10,2026-07-07,2026-07-05,2026-06-30
5183,TRUE,NA,2026-07-10,2026-07-10,2026-07-07,2026-06-08
5184,TRUE,NA,2026-07-02,2026-07-02,NA,2026-07-02
5185,TRUE,NA,2026-06-18,2026-07-10,2026-05-26,2026-06-18
5186,TRUE,NA,2026-07-09,2026-07-09,2026-06-08,2026-07-09
5187,TRUE,NA,2026-07-09,2026-07-10,2026-06-08,2026-07-03
5188,TRUE,NA,2026-07-09,2026-07-09,2026-06-26,2026-06-15
5189,TRUE,NA,2026-07-10,2026-07-10,2026-06-12,2026-07-10
5190,TRUE,NA,2026-07-07,2026-07-09,2026-06-29,2026-07-07
5191,TRUE,NA,2026-07-05,2026-07-05,2026-06-15,2026-06-08
5192,TRUE,NA,2026-07-07,2026-07-09,2026-07-10,2026-07-02
5193,TRUE,NA,2026-06-22,2026-07-05,2026-06-30,2026-06-18
5194,TRUE,NA,2026-07-09,2026-07-10,2026-06-10,2026-07-09
5195,TRUE,NA,2026-07-03,2026-07-05,2026-07-02,2026-07-03
5196,TRUE,NA,2026-06-12,2026-07-07,2026-06-18,2026-06-15
5197,TRUE,NA,2026-07-05,2026-07-10,2026-07-09,2026-07-10
5198,TRUE,NA,2026-07-07,2026-07-07,2026-07-03,2026-07-07
5199,TRUE,NA,2026-07-10,2026-07-09,NA,2026-06-02
5200,TRUE,NA,2026-06-30,2026-07-03,2026-07-05,2026-07-02
5201,TRUE,NA,2026-05-25,2026-06-29,2026-07-07,2026-06-18
5202,TRUE,NA,2026-07-02,2026-07-09,2026-05-18,2026-07-09
5203,TRUE,NA,2026-06-26,2026-07-07,2026-06-12,2026-07-03
5204,TRUE,NA,2026-07-09,2026-06-15,2026-06-09,2026-06-02
5205,TRUE,NA,2026-07-10,2026-07-10,2026-06-15,2026-07-05
5206,TRUE,NA,2026-06-30,2026-07-07,2026-07-10,2026-07-07
5207,TRUE,NA,2026-07-05,2026-06-09,2026-06-30,2026-06-05
5208,TRUE,NA,2026-07-07,2026-07-02,2026-06-29,2026-06-04
5209,TRUE,NA,2026-06-18,2026-07-10,2026-07-02,2026-06-02
5210,TRUE,NA,2026-07-09,2026-07-10,2026-06-18,2026-06-03
5211,TRUE,NA,2026-07-10,2026-07-10,2026-07-09,2026-06-26
5212,TRUE,NA,NA,2026-07-02,2026-07-03,NA
5213,TRUE,NA,2026-07-05,2026-07-05,NA,2026-06-29
5214,TRUE,NA,2026-07-07,2026-07-10,2026-07-10,2026-06-08
5215,TRUE,NA,2026-06-29,2026-07-09,2026-07-07,NA
5216,TRUE,NA,2026-07-09,2026-07-09,NA,NA
5217,TRUE,NA,NA,2026-07-05,NA,NA
5218,TRUE,NA,2026-06-08,2026-07-07,NA,2026-06-09
5219,TRUE,NA,2026-06-26,2026-07-09,2026-07-09,NA
5220,TRUE,NA,2026-07-10,2026-07-07,2026-06-26,2026-07-10
5221,TRUE,NA,2026-06-30,2026-07-10,NA,NA
5222,TRUE,NA,2026-06-09,2026-07-05,2026-06-29,2026-06-05
5223,TRUE,NA,2026-07-02,2026-07-07,2026-07-07,2026-05-28
5224,TRUE,NA,2026-06-18,2026-07-10,2026-06-08,2026-06-08
5225,TRUE,NA,2026-07-09,2026-06-30,2026-05-29,2026-07-09
5226,TRUE,NA,2026-07-10,2026-07-09,2026-05-25,2026-05-25
5227,TRUE,NA,2026-06-30,2026-07-10,2026-06-12,2026-06-12
5228,TRUE,NA,2026-07-10,2026-06-30,2026-06-09,2026-07-05
5229,TRUE,NA,2026-07-07,2026-07-09,2026-06-15,2026-07-07
5230,TRUE,NA,2026-06-18,2026-07-10,NA,2026-07-10
5231,TRUE,NA,2026-07-09,2026-06-30,2026-06-30,2026-06-30
5232,TRUE,NA,2026-07-03,2026-07-09,2026-05-22,2026-06-12
5233,TRUE,NA,2026-07-09,2026-07-10,2026-07-02,2026-07-02
5234,TRUE,NA,2026-07-05,2026-06-30,2026-06-18,2026-06-18
5235,TRUE,NA,2026-07-10,2026-07-10,2026-06-19,2026-07-10
5236,TRUE,NA,2026-07-05,2026-07-07,2026-07-03,2026-07-03
5237,TRUE,NA,2026-07-07,2026-06-29,2026-05-25,2026-06-12
5238,TRUE,NA,2026-07-02,2026-07-09,2026-07-05,2026-07-05
5239,TRUE,NA,2026-06-18,2026-07-07,2026-07-07,2026-07-07
5240,TRUE,NA,2026-07-09,2026-07-09,2026-05-27,2026-07-10
5241,TRUE,NA,2026-07-03,2026-07-05,2026-05-28,2026-07-03
5242,TRUE,NA,2026-06-29,2026-07-07,NA,2026-06-12
5243,TRUE,NA,2026-07-10,2026-07-10,NA,2026-07-05
5244,TRUE,NA,2026-07-07,2026-07-07,2026-06-26,2026-07-07
5245,TRUE,NA,2026-06-08,2026-06-05,2026-05-29,2026-07-10
5246,TRUE,NA,2026-07-02,2026-07-02,2026-06-29,2026-06-30
5247,TRUE,NA,2026-06-12,2026-06-26,2026-06-04,2026-06-12
5248,TRUE,NA,2026-07-09,2026-07-09,2026-06-02,2026-07-02
5249,TRUE,NA,2026-07-03,2026-07-10,2026-06-03,2026-07-07
5250,TRUE,NA,2026-07-10,2026-07-10,NA,2026-07-10
5251,TRUE,NA,2026-07-10,2026-07-05,2026-06-05,2026-07-03
5252,TRUE,NA,2026-07-07,2026-07-07,NA,2026-06-15
5253,TRUE,NA,2026-07-10,2026-07-10,2026-06-04,2026-07-10
5254,TRUE,NA,2026-07-10,2026-07-10,2026-06-02,2026-07-10
5255,TRUE,NA,2026-07-10,2026-07-10,2026-06-03,2026-07-10
5256,TRUE,NA,2026-07-10,2026-07-10,2026-06-04,2026-07-10
5257,TRUE,NA,2026-07-03,2026-07-05,2026-06-02,2026-07-02
5258,TRUE,NA,2026-07-09,2026-07-10,2026-06-08,2026-07-09
5259,TRUE,NA,2026-07-09,2026-07-10,2026-05-29,2026-07-09
5260,TRUE,NA,2026-07-10,2026-07-10,NA,2026-07-09
5261,TRUE,NA,2026-07-09,2026-07-09,2026-06-12,2026-07-09
5262,TRUE,NA,2026-07-07,2026-07-07,2026-06-09,2026-07-07
5263,TRUE,NA,2026-07-07,2026-07-09,2026-06-15,2026-07-07
5264,TRUE,NA,2026-07-10,2026-07-10,2026-07-10,2026-07-07
5265,TRUE,NA,2026-07-09,2026-07-09,2026-06-30,2026-07-07
5266,TRUE,NA,2026-07-03,2026-07-10,NA,2026-07-10
5267,TRUE,NA,2026-07-02,2026-07-10,2026-07-02,2026-07-10
5268,TRUE,NA,2026-07-10,2026-07-10,2026-06-18,2026-06-30
5269,TRUE,NA,2026-07-09,2026-07-09,2026-07-09,2026-07-02
5270,TRUE,NA,2026-07-10,2026-07-03,2026-07-03,2026-07-02
5271,TRUE,NA,2026-06-30,2026-07-09,2026-07-02,2026-07-09
5272,TRUE,NA,2026-07-05,2026-07-09,2026-07-05,2026-07-09
5273,TRUE,NA,2026-07-09,2026-07-09,2026-07-07,2026-07-03
5274,TRUE,NA,2026-06-26,2026-07-05,2026-07-03,2026-07-05
5275,TRUE,NA,2026-07-09,2026-07-07,NA,2026-07-07
5276,TRUE,NA,2026-07-03,2026-07-07,2026-07-05,2026-07-07
5277,TRUE,NA,2026-07-07,2026-07-07,2026-06-25,2026-07-02
5278,TRUE,NA,2026-07-05,2026-07-10,2026-06-26,2026-07-10
5279,TRUE,NA,2026-07-07,2026-07-10,NA,2026-06-19
5280,TRUE,NA,2026-07-10,2026-07-10,2026-06-29,2026-07-10
5281,TRUE,NA,2026-07-07,2026-07-10,2026-06-12,2026-06-26
5282,TRUE,NA,2026-07-10,2026-07-10,2026-06-26,2026-07-02
5283,TRUE,NA,NA,2026-07-10,2026-06-15,2026-07-09
5284,TRUE,NA,2026-07-02,2026-07-09,2026-06-29,2026-07-02
5285,TRUE,NA,2026-07-10,2026-07-10,2026-06-30,2026-07-09
5286,TRUE,NA,2026-07-02,2026-07-09,2026-05-22,2026-06-19
5287,TRUE,NA,2026-07-09,2026-07-09,2026-07-02,2026-07-05
5288,TRUE,NA,2026-06-30,2026-07-09,2026-07-10,2026-07-07
5289,TRUE,NA,2026-07-05,2026-07-07,2026-06-19,2026-07-05
5290,TRUE,NA,2026-07-09,2026-07-09,2026-06-12,2026-07-07
5291,TRUE,NA,2026-07-05,2026-07-07,2026-07-10,2026-06-04
5292,TRUE,NA,2026-07-07,2026-07-07,2026-06-22,2026-06-02
5293,TRUE,NA,NA,2026-07-07,2026-07-09,2026-06-26
5294,TRUE,NA,2026-07-05,2026-07-05,2026-06-30,2026-05-20
5295,TRUE,NA,2026-07-07,2026-07-10,2026-07-03,2026-06-29
5296,TRUE,NA,2026-06-25,2026-07-10,2026-07-10,NA
5297,TRUE,NA,2026-06-29,2026-06-29,2026-07-05,2026-06-29
5298,TRUE,NA,2026-07-10,2026-07-10,2026-07-07,2026-05-25
5299,TRUE,NA,2026-06-29,2026-06-30,2026-06-25,2026-06-04
5300,TRUE,NA,2026-06-12,2026-07-09,2026-07-05,2026-06-02
5301,TRUE,NA,2026-07-10,2026-07-10,2026-07-09,2026-06-03
5302,TRUE,NA,2026-07-10,2026-07-10,2026-06-25,NA
5303,TRUE,NA,2026-07-09,2026-07-09,2026-06-02,NA
5304,TRUE,NA,2026-06-30,2026-07-05,2026-06-26,2026-06-08
5305,TRUE,NA,2026-07-03,2026-07-10,2026-06-12,2026-05-26
5306,TRUE,NA,2026-07-09,2026-07-09,2026-07-10,2026-05-26
5307,TRUE,NA,2026-07-09,2026-07-09,2026-06-26,2026-06-12
5308,TRUE,NA,2026-07-10,2026-07-10,2026-06-03,2026-07-10
5309,TRUE,NA,2026-07-03,2026-07-03,2026-06-30,2026-06-15
5310,TRUE,NA,2026-07-05,2026-07-10,2026-05-25,2026-05-22
5311,TRUE,NA,2026-07-07,2026-07-07,2026-07-09,2026-06-30
5312,TRUE,NA,2026-07-07,2026-07-07,2026-06-18,2026-05-29
5313,TRUE,NA,2026-07-10,2026-07-09,2026-07-03,2026-07-09
5314,TRUE,NA,2026-06-26,2026-07-05,NA,2026-07-10
5315,TRUE,NA,2026-07-08,2026-07-09,2026-07-05,2026-07-03
5316,TRUE,NA,2026-06-30,2026-07-10,2026-07-07,2026-06-08
5317,TRUE,NA,2026-07-05,2026-07-05,2026-06-25,2026-07-05
5318,TRUE,NA,2026-07-09,2026-07-10,2026-05-26,2026-07-07
5319,TRUE,NA,2026-07-05,2026-07-05,NA,2026-07-09
5320,TRUE,NA,2026-07-10,2026-07-10,2026-05-27,2026-06-09
5321,TRUE,NA,2026-06-25,2026-07-09,2026-05-28,2026-07-03
5322,TRUE,NA,2026-07-05,2026-06-08,2026-06-26,2026-06-08
5323,TRUE,NA,2026-07-07,2026-07-09,NA,2026-07-05
5324,TRUE,NA,2026-06-25,2026-06-26,2026-06-29,2026-07-07
5325,TRUE,NA,2026-07-09,2026-07-09,2026-05-29,2026-06-17
5326,TRUE,NA,2026-06-26,2026-07-10,NA,2026-07-10
5327,TRUE,NA,2026-07-03,2026-07-05,2026-06-04,2026-06-19
5328,TRUE,NA,2026-06-29,2026-07-07,2026-06-02,2026-06-03
5329,TRUE,NA,2026-07-10,2026-07-10,NA,2026-06-30
5330,TRUE,NA,NA,NA,NA,NA
5331,TRUE,NA,2026-06-29,2026-07-10,NA,2026-07-09
5332,TRUE,NA,2026-06-30,2026-06-30,NA,2026-06-18
5333,TRUE,NA,NA,2026-07-03,NA,2026-07-03
5334,TRUE,NA,2026-07-09,2026-07-09,NA,2026-07-10
5335,TRUE,NA,2026-07-10,2026-07-10,NA,NA
5336,TRUE,NA,2026-07-10,2026-07-10,NA,2026-07-07
5337,TRUE,NA,NA,NA,2026-07-10,NA
5338,TRUE,NA,2026-07-05,2026-07-05,2026-06-15,2026-06-05
5339,TRUE,NA,2026-07-07,2026-07-07,NA,2026-07-09
5340,TRUE,NA,2026-07-09,2026-07-10,NA,NA
5341,TRUE,NA,2026-07-10,2026-07-10,NA,2026-07-03
5342,TRUE,NA,2026-07-03,2026-07-03,2026-07-09,2026-06-26
5343,TRUE,NA,2026-07-10,2026-07-10,2026-06-18,2026-07-05
5344,TRUE,NA,2026-07-05,2026-07-05,2026-07-03,2026-07-07
5345,TRUE,NA,2026-07-07,2026-07-09,2026-05-20,2026-06-25
5346,TRUE,NA,2026-07-09,2026-07-09,2026-07-08,NA
5347,TRUE,NA,2026-06-29,2026-07-03,2026-07-07,NA
5348,TRUE,NA,2026-07-09,2026-07-09,2026-07-03,NA
5349,TRUE,NA,2026-07-10,2026-07-10,2026-05-25,2026-07-10
5350,TRUE,NA,2026-07-05,2026-07-07,2026-07-05,2026-07-10
5351,TRUE,NA,2026-07-07,2026-07-10,2026-07-07,2026-06-15
5352,TRUE,NA,2026-07-05,2026-06-30,2026-06-25,2026-06-30
5353,TRUE,NA,2026-07-07,2026-07-07,2026-06-26,2026-06-30
5354,TRUE,NA,2026-07-09,2026-07-09,2026-05-20,2026-07-09
5355,TRUE,NA,2026-06-18,2026-06-18,2026-06-29,2026-07-09
5356,TRUE,NA,2026-07-03,2026-07-09,NA,2026-07-03
5357,TRUE,NA,2026-06-26,2026-06-26,2026-06-26,2026-07-03
5358,TRUE,NA,2026-07-05,2026-07-05,2026-06-08,2026-07-05
5359,TRUE,NA,2026-07-07,2026-07-07,2026-06-29,2026-07-07
5360,TRUE,NA,2026-06-25,2026-07-05,2026-05-28,2026-07-07
5361,TRUE,NA,2026-06-29,2026-07-07,2026-06-12,2026-07-10
5362,TRUE,NA,2026-06-08,2026-07-10,2026-07-10,2026-06-15
5363,TRUE,NA,2026-06-08,2026-06-15,2026-06-15,2026-06-05
5364,TRUE,NA,2026-06-08,2026-06-08,2026-05-29,2026-06-30
5365,TRUE,NA,2026-06-26,2026-06-30,2026-06-30,2026-06-26
5366,TRUE,NA,2026-07-10,2026-07-10,2026-06-04,2026-07-09
5367,TRUE,NA,2026-06-29,2026-07-10,2026-07-09,2026-06-29
5368,TRUE,NA,2026-07-10,2026-07-10,2026-06-18,2026-07-03
5369,TRUE,NA,2026-06-30,2026-07-03,2026-07-03,2026-06-03
5370,TRUE,NA,2026-07-10,2026-07-10,NA,2026-07-05
5371,TRUE,NA,2026-07-09,2026-07-09,2026-07-05,2026-07-07
5372,TRUE,NA,2026-07-10,2026-07-09,2026-07-07,2026-06-25
5373,TRUE,NA,2026-07-10,2026-07-10,2026-06-25,2026-06-12
5374,TRUE,NA,2026-06-18,2026-07-03,NA,2026-06-09
5375,TRUE,NA,2026-07-10,2026-07-10,NA,2026-06-15
5376,TRUE,NA,2026-07-07,2026-07-07,2026-05-20,2026-06-03
5377,TRUE,NA,2026-07-09,2026-07-07,NA,2026-06-30
5378,TRUE,NA,2026-07-09,2026-07-10,2026-06-26,2026-07-10
5379,TRUE,NA,2026-07-05,2026-07-10,NA,2026-07-09
5380,TRUE,NA,2026-07-09,2026-07-09,2026-06-29,2026-06-18
5381,TRUE,NA,2026-07-05,2026-07-10,NA,2026-07-03
5382,TRUE,NA,2026-07-07,2026-07-05,NA,2026-06-03
5383,TRUE,NA,2026-07-10,2026-07-09,NA,2026-07-09
5384,TRUE,NA,2026-07-05,2026-07-09,NA,2026-07-07
5385,TRUE,NA,2026-07-07,2026-07-07,NA,2026-06-25
5386,TRUE,NA,2026-07-03,2026-07-09,2026-05-18,2026-06-08
5387,TRUE,NA,2026-06-12,2026-07-10,NA,2026-05-28
5388,TRUE,NA,2026-07-10,2026-07-05,NA,NA
5389,TRUE,NA,2026-06-26,2026-07-07,NA,2026-06-12
5390,TRUE,NA,2026-07-03,2026-07-05,2026-06-05,2026-07-10
5391,TRUE,NA,2026-06-30,2026-07-07,NA,2026-06-15
5392,TRUE,NA,2026-07-05,2026-07-09,NA,2026-06-29
5393,TRUE,NA,2026-07-09,2026-06-29,NA,2026-06-30
5394,TRUE,NA,2026-06-25,2026-06-05,2026-05-18,2026-06-02
5395,TRUE,NA,2026-07-03,2026-06-26,2026-05-29,2026-07-09
5396,TRUE,NA,2026-07-10,2026-06-12,NA,2026-06-18
5397,TRUE,NA,2026-07-10,2026-07-10,2026-06-08,2026-07-10
5398,TRUE,NA,2026-07-07,2026-06-15,2026-06-02,2026-06-15
5399,TRUE,NA,2026-06-30,2026-06-29,2026-06-03,2026-07-05
5400,TRUE,NA,2026-06-30,2026-06-30,2026-06-12,2026-07-07
5401,TRUE,NA,2026-07-09,2026-06-12,2026-07-10,2026-06-25
5402,TRUE,NA,2026-07-10,2026-07-10,2026-06-15,2026-07-09
5403,TRUE,NA,2026-07-03,2026-06-18,NA,2026-06-18
5404,TRUE,NA,2026-07-03,2026-07-03,2026-06-30,2026-07-03
5405,TRUE,NA,2026-07-05,2026-07-10,NA,2026-06-30
5406,TRUE,NA,2026-07-10,2026-07-10,2026-07-09,2026-07-05
5407,TRUE,NA,2026-07-09,2026-07-09,2026-06-18,2026-07-07
5408,TRUE,NA,2026-06-25,2026-06-30,2026-07-03,2026-06-29
5409,TRUE,NA,2026-06-30,2026-07-10,2026-05-26,2026-07-10
5410,TRUE,NA,2026-06-05,2026-07-09,2026-07-05,2026-06-15
5411,TRUE,NA,2026-07-09,2026-07-09,2026-07-07,2026-06-12
5412,TRUE,NA,2026-07-10,2026-07-10,2026-06-25,2026-07-10
5413,TRUE,NA,2026-07-10,2026-07-10,2026-06-02,2026-06-26
5414,TRUE,NA,2026-06-29,2026-07-10,NA,2026-07-10
5415,TRUE,NA,2026-07-10,2026-07-10,NA,2026-06-30
5416,TRUE,NA,2026-07-07,2026-07-07,2026-05-29,2026-07-03
5417,TRUE,NA,2026-07-09,2026-07-09,2026-06-26,2026-07-09
5418,TRUE,NA,2026-07-09,2026-07-10,2026-06-04,2026-07-05
5419,TRUE,NA,2026-07-03,2026-07-10,2026-06-29,2026-07-09
5420,TRUE,NA,2026-07-10,2026-07-10,2026-06-04,2026-06-29
5421,TRUE,NA,2026-07-10,2026-07-10,NA,2026-07-05
5422,TRUE,NA,2026-07-07,2026-07-07,2026-06-03,2026-07-07
5423,TRUE,NA,2026-07-07,2026-07-09,NA,2026-07-05
5424,TRUE,NA,2026-07-05,2026-07-09,NA,2026-07-07
5425,TRUE,NA,2026-07-09,2026-07-10,NA,2026-07-10
5426,TRUE,NA,2026-07-09,2026-07-09,NA,NA
5427,TRUE,NA,2026-07-03,2026-07-05,NA,2026-06-29
5428,TRUE,NA,2026-07-10,2026-07-07,NA,2026-07-10
5429,TRUE,NA,2026-07-05,2026-07-07,NA,2026-06-15
5430,TRUE,NA,2026-07-07,2026-07-09,NA,2026-07-09
5431,TRUE,NA,2026-07-10,2026-07-07,NA,2026-06-30
5432,TRUE,NA,2026-06-25,2026-07-03,NA,2026-07-03
5433,TRUE,NA,2026-07-09,2026-07-10,2026-06-15,2026-07-09
5434,TRUE,NA,2026-06-30,2026-07-05,NA,2026-07-05
5435,TRUE,NA,2026-07-03,2026-07-07,2026-06-30,2026-07-07
5436,TRUE,NA,2026-07-09,2026-07-10,NA,NA
5437,TRUE,NA,2026-07-05,2026-07-10,2026-07-02,2026-07-05
5438,TRUE,NA,2026-07-07,2026-07-09,2026-06-18,2026-07-07
5439,TRUE,NA,2026-07-10,2026-06-30,2026-07-03,2026-07-03
5440,TRUE,NA,NA,NA,NA,NA
5441,TRUE,NA,2026-07-07,2026-07-09,NA,NA
5442,TRUE,NA,2026-07-02,2026-07-09,2026-06-22,2026-07-10
5443,TRUE,NA,2026-07-03,2026-07-07,NA,NA
5444,TRUE,NA,2026-07-09,2026-07-03,2026-06-05,2026-06-26
5445,TRUE,NA,NA,NA,NA,NA
5446,TRUE,NA,2026-07-07,2026-07-10,NA,2026-06-29
5447,TRUE,NA,2026-07-10,2026-07-10,2026-07-10,2026-07-10
5448,TRUE,NA,2026-07-10,2026-07-10,2026-06-26,2026-06-26
5449,TRUE,NA,2026-07-07,2026-07-10,NA,2026-07-10
5450,TRUE,NA,NA,NA,NA,NA
5451,TRUE,NA,2026-07-10,2026-07-09,NA,2026-07-05
5452,TRUE,NA,2026-07-09,2026-07-10,2026-07-09,2026-07-09
5453,TRUE,NA,2026-07-09,2026-07-10,2026-07-10,2026-06-25
5454,TRUE,NA,2026-07-03,2026-07-09,2026-07-03,2026-07-09
5455,TRUE,NA,2026-07-03,2026-07-05,2026-07-10,2026-07-10
5456,TRUE,NA,2026-07-09,2026-07-07,2026-07-05,2026-07-05
5457,TRUE,NA,2026-07-07,2026-07-09,2026-07-07,2026-07-07
5458,TRUE,NA,2026-07-07,2026-07-10,2026-07-09,2026-06-30
5459,TRUE,NA,2026-06-25,2026-07-10,2026-06-18,2026-05-28
5460,TRUE,NA,2026-07-05,2026-07-03,2026-07-09,2026-07-09
5461,TRUE,NA,2026-07-10,2026-07-10,2026-06-18,2026-06-18
5462,TRUE,NA,2026-07-10,2026-07-10,2026-07-05,2026-07-03
5463,TRUE,NA,2026-06-26,2026-07-09,2026-07-07,2026-06-26
5464,TRUE,NA,2026-06-30,2026-07-10,2026-07-05,2026-07-10
5465,TRUE,NA,2026-06-30,2026-07-03,2026-07-07,2026-07-07
5466,TRUE,NA,2026-07-09,2026-07-09,2026-06-25,2026-06-25
5467,TRUE,NA,2026-07-10,2026-07-10,2026-06-03,2026-06-30
5468,TRUE,NA,2026-07-03,2026-07-07,2026-05-29,2026-06-19
5469,TRUE,NA,2026-07-03,2026-07-09,2026-06-26,2026-07-09
5470,TRUE,NA,2026-07-05,2026-07-05,2026-06-04,2026-06-18
5471,TRUE,NA,2026-07-07,2026-07-07,2026-06-29,2026-07-03
5472,TRUE,NA,2026-07-09,2026-07-09,2026-06-04,2026-06-25
5473,TRUE,NA,2026-06-25,2026-07-05,2026-06-29,2026-07-05
5474,TRUE,NA,2026-07-03,2026-07-07,2026-06-04,2026-07-07
5475,TRUE,NA,2026-07-10,2026-06-26,2026-06-02,2026-06-25
5476,TRUE,NA,2026-07-10,2026-07-10,2026-06-03,2026-06-09
5477,TRUE,NA,2026-07-07,2026-07-07,2026-05-29,2026-06-15
5478,TRUE,NA,2026-07-10,2026-06-25,NA,2026-06-03
5479,TRUE,NA,2026-06-30,2026-06-30,2026-06-04,2026-06-10
5480,TRUE,NA,2026-07-10,2026-06-26,2026-06-02,2026-06-26
5481,TRUE,NA,2026-07-09,2026-07-10,2026-06-03,2026-06-16
5482,TRUE,NA,2026-07-10,2026-07-10,NA,2026-06-29
5483,TRUE,NA,2026-07-09,2026-07-03,NA,2026-06-04
5484,TRUE,NA,2026-07-05,2026-06-30,NA,2026-06-02
5485,TRUE,NA,2026-07-09,2026-07-05,NA,2026-06-03
5486,TRUE,NA,2026-07-10,2026-07-10,NA,2026-06-05
5487,TRUE,NA,2026-07-09,2026-07-09,NA,2026-06-02
5488,TRUE,NA,2026-07-10,2026-07-03,NA,2026-06-03
5489,TRUE,NA,2026-07-10,2026-07-10,2026-06-05,2026-06-05
5490,TRUE,NA,2026-07-07,2026-07-05,2026-05-22,2026-06-04
5491,TRUE,NA,2026-07-09,2026-07-09,NA,2026-06-02
5492,TRUE,NA,2026-07-10,2026-07-07,NA,2026-06-03
5493,TRUE,NA,2026-07-09,2026-07-03,NA,2026-06-08
5494,TRUE,NA,2026-07-09,2026-07-10,2026-06-05,2026-06-05
5495,TRUE,NA,2026-07-05,2026-07-10,NA,NA
5496,TRUE,NA,2026-07-10,2026-07-10,2026-06-08,2026-06-12
5497,TRUE,NA,2026-07-09,2026-06-30,2026-05-26,2026-06-09
5498,TRUE,NA,2026-07-07,2026-07-05,2026-06-05,2026-06-15
5499,TRUE,NA,2026-07-07,2026-07-09,2026-06-12,2026-06-12
5500,TRUE,NA,2026-06-29,2026-07-09,2026-07-10,2026-07-10
5501,TRUE,NA,2026-07-10,2026-07-10,2026-06-08,2026-06-15
5502,TRUE,NA,2026-07-07,2026-07-03,NA,2026-06-17
5503,TRUE,NA,2026-07-03,2026-07-05,2026-06-10,2026-06-30
5504,TRUE,NA,2026-06-30,2026-07-10,2026-06-12,2026-06-12
5505,TRUE,NA,2026-07-05,2026-07-10,2026-07-10,2026-07-10
5506,TRUE,NA,2026-07-09,2026-07-09,2026-06-15,2026-06-18
5507,TRUE,NA,2026-06-29,2026-06-30,2026-07-10,2026-07-10
5508,TRUE,NA,2026-07-03,2026-07-03,2026-06-30,2026-06-30
5509,TRUE,NA,2026-05-25,2026-07-09,2026-07-05,2026-07-05
5510,TRUE,NA,2026-07-05,2026-07-09,2026-07-09,2026-07-09
5511,TRUE,NA,2026-07-07,2026-07-07,2026-06-18,2026-07-10
5512,TRUE,NA,2026-06-25,2026-07-03,2026-07-10,2026-07-09
5513,TRUE,NA,2026-06-08,2026-07-05,2026-06-18,2026-06-18
5514,TRUE,NA,2026-05-25,2026-07-07,2026-07-10,2026-07-05
5515,TRUE,NA,2026-05-25,2026-07-07,2026-07-07,2026-07-07
5516,TRUE,NA,2026-06-12,2026-07-02,2026-07-05,2026-07-09
5517,TRUE,NA,2026-07-10,2026-07-10,2026-07-09,2026-07-07
5518,TRUE,NA,2026-06-15,2026-06-29,2026-06-25,2026-07-03
5519,TRUE,NA,2026-06-29,2026-06-29,2026-07-09,2026-06-15
5520,TRUE,NA,2026-06-30,2026-06-30,2026-06-25,2026-07-05
5521,TRUE,NA,2026-06-05,2026-07-10,2026-07-05,2026-07-10
5522,TRUE,NA,2026-07-09,2026-07-10,2026-07-07,2026-06-25
5523,TRUE,NA,2026-06-18,2026-06-29,2026-07-05,2026-06-29
5524,TRUE,NA,2026-07-03,2026-07-03,2026-07-07,2026-06-30
5525,TRUE,NA,2026-05-28,2026-07-10,2026-06-29,2026-07-10
5526,TRUE,NA,2026-07-05,2026-07-09,NA,2026-07-09
5527,TRUE,NA,2026-07-07,2026-07-09,2026-06-29,2026-06-26
5528,TRUE,NA,2026-06-25,2026-07-03,2026-06-26,2026-07-03
5529,TRUE,NA,2026-05-29,2026-07-03,2026-05-26,2026-06-29
5530,TRUE,NA,2026-05-29,2026-07-09,2026-06-29,2026-07-09
5531,TRUE,NA,2026-06-12,2026-07-10,2026-05-28,2026-07-07
5532,TRUE,NA,2026-07-10,2026-07-10,2026-06-29,2026-07-03
5533,TRUE,NA,2026-06-26,2026-06-26,NA,NA
5534,TRUE,NA,2026-06-03,2026-07-05,NA,2026-07-05
5535,TRUE,NA,2026-06-30,2026-07-07,2026-05-29,2026-07-07
5536,TRUE,NA,NA,2026-07-09,NA,2026-06-25
5537,TRUE,NA,NA,NA,NA,NA
5538,TRUE,NA,2026-06-18,2026-07-10,NA,NA
5539,TRUE,NA,2026-07-03,2026-07-03,2026-06-03,2026-06-29
5540,TRUE,NA,NA,NA,NA,NA
5541,TRUE,NA,2026-07-05,2026-07-05,2026-07-10,2026-06-26
5542,TRUE,NA,NA,NA,NA,NA
5543,TRUE,NA,2026-06-25,2026-07-09,NA,2026-06-29
5544,TRUE,NA,NA,NA,NA,NA
5545,TRUE,NA,2026-06-03,2026-07-03,2026-05-27,NA
5546,TRUE,NA,NA,NA,2026-07-09,NA
5547,TRUE,NA,NA,NA,NA,NA
5548,TRUE,NA,2026-06-26,2026-07-07,2026-07-03,NA
5549,TRUE,NA,NA,2026-06-25,NA,NA
5550,TRUE,NA,2026-06-29,2026-06-29,2026-07-05,NA
5551,TRUE,NA,2026-07-10,2026-07-10,2026-07-07,NA
5552,TRUE,NA,2026-05-29,2026-06-15,2026-06-25,2026-06-05
5553,TRUE,NA,NA,NA,NA,NA
5554,TRUE,NA,2026-06-04,2026-06-30,2026-06-03,NA
5555,TRUE,NA,NA,NA,NA,NA
5556,TRUE,NA,2026-07-09,2026-07-09,NA,NA
5557,TRUE,NA,2026-06-08,2026-06-18,2026-06-26,NA
5558,TRUE,NA,2026-07-03,2026-07-03,2026-06-02,NA
5559,TRUE,NA,2026-05-27,2026-06-08,2026-06-29,2026-06-08
5560,TRUE,NA,2026-07-05,2026-07-05,2026-05-22,NA
5561,TRUE,NA,2026-07-07,2026-07-10,2026-06-05,2026-05-20
5562,TRUE,NA,2026-06-15,2026-07-10,2026-06-05,2026-06-12
5563,TRUE,NA,2026-06-08,2026-07-10,NA,2026-07-10
5564,TRUE,NA,2026-06-10,2026-06-30,2026-05-27,2026-06-15
5565,TRUE,NA,2026-06-12,2026-06-08,2026-05-28,2026-05-25
5566,TRUE,NA,2026-07-10,2026-07-09,2026-05-26,2026-06-30
5567,TRUE,NA,2026-07-10,2026-07-10,2026-05-26,NA
5568,TRUE,NA,2026-06-15,2026-07-09,2026-06-08,2026-07-09
5569,TRUE,NA,2026-06-30,2026-06-29,2026-06-08,2026-06-18
5570,TRUE,NA,2026-06-30,2026-07-05,2026-05-28,2026-07-03
5571,TRUE,NA,2026-07-09,2026-07-10,2026-06-12,NA
5572,TRUE,NA,2026-07-09,2026-07-09,2026-07-10,2026-07-05
5573,TRUE,NA,2026-07-03,2026-07-07,2026-06-15,2026-07-07
5574,TRUE,NA,2026-07-03,2026-07-03,2026-06-15,2026-06-25
5575,TRUE,NA,2026-07-05,2026-05-27,2026-06-30,2026-05-27
5576,TRUE,NA,2026-07-07,2026-07-09,2026-06-10,2026-06-10
5577,TRUE,NA,2026-07-07,2026-07-07,2026-07-09,2026-05-25
5578,TRUE,NA,2026-07-10,2026-07-10,2026-06-18,2026-05-22
5579,TRUE,NA,2026-07-10,2026-06-29,2026-07-03,2026-06-26
5580,TRUE,NA,2026-06-15,2026-07-05,2026-05-26,2026-05-29
5581,TRUE,NA,2026-06-30,2026-07-07,2026-07-05,2026-06-29
5582,TRUE,NA,2026-06-30,2026-06-25,2026-07-07,2026-06-04
5583,TRUE,NA,2026-07-09,2026-07-09,2026-06-25,2026-06-02
5584,TRUE,NA,2026-07-02,2026-06-26,2026-06-02,2026-06-03
5585,TRUE,NA,2026-07-03,2026-07-03,2026-06-03,2026-05-26
5586,TRUE,NA,2026-06-19,2026-06-03,2026-06-12,NA
5587,TRUE,NA,2026-07-05,2026-07-05,2026-07-10,2026-05-29
5588,TRUE,NA,2026-07-07,2026-07-07,2026-06-26,2026-05-28
5589,TRUE,NA,2026-07-10,2026-07-10,2026-06-04,2026-06-04
5590,TRUE,NA,2026-06-25,2026-06-15,2026-06-30,2026-06-02
5591,TRUE,NA,2026-05-26,2026-06-08,2026-06-12,2026-06-03
5592,TRUE,NA,2026-06-30,2026-06-30,2026-07-10,2026-05-29
5593,TRUE,NA,2026-05-29,2026-05-25,2026-06-18,NA
5594,TRUE,NA,2026-07-09,2026-07-09,2026-07-03,2026-06-04
5595,TRUE,NA,2026-07-10,2026-07-10,2026-06-30,2026-06-02
5596,TRUE,NA,2026-07-03,2026-07-10,2026-07-05,2026-06-04
5597,TRUE,NA,2026-06-29,2026-06-15,2026-07-09,2026-06-02
5598,TRUE,NA,2026-07-05,2026-07-05,2026-06-30,2026-06-03
5599,TRUE,NA,2026-07-07,2026-07-07,2026-07-03,2026-05-27
5600,TRUE,NA,2026-07-09,2026-07-09,2026-07-02,2026-05-28
5601,TRUE,NA,2026-06-02,2026-07-09,2026-07-05,2026-05-20
5602,TRUE,NA,2026-06-03,2026-07-03,2026-07-07,NA
5603,TRUE,NA,2026-05-27,2026-07-03,2026-06-26,NA
5604,TRUE,NA,2026-05-28,2026-07-05,2026-07-05,2026-05-29
5605,TRUE,NA,2026-07-07,2026-07-07,2026-06-29,2026-05-25
5606,TRUE,NA,2026-05-22,2026-07-07,2026-07-10,2026-06-05
5607,TRUE,NA,2026-07-09,2026-06-29,2026-06-15,2026-06-02
5608,TRUE,NA,2026-06-18,2026-06-05,2026-06-26,2026-06-03
5609,TRUE,NA,2026-07-03,2026-06-04,2026-06-30,NA
5610,TRUE,NA,2026-06-12,2026-06-12,2026-07-10,NA
5611,TRUE,NA,2026-07-05,2026-06-26,2026-07-10,2026-05-29
5612,TRUE,NA,2026-07-07,2026-06-26,2026-06-18,NA
5613,TRUE,NA,2026-06-25,2026-06-29,2026-07-03,2026-06-08
5614,TRUE,NA,2026-06-10,2026-06-29,2026-06-30,2026-06-02
5615,TRUE,NA,2026-05-27,2026-06-08,2026-07-09,2026-06-03
5616,TRUE,NA,2026-07-10,2026-07-10,2026-07-09,2026-07-10
5617,TRUE,NA,2026-06-18,2026-06-18,2026-07-03,2026-07-10
5618,TRUE,NA,2026-06-26,2026-06-19,2026-07-10,2026-06-15
5619,TRUE,NA,2026-06-05,2026-07-10,2026-07-05,2026-06-30
5620,TRUE,NA,2026-06-29,2026-06-15,2026-07-07,2026-06-30
5621,TRUE,NA,2026-07-09,2026-07-09,2026-07-07,2026-07-09
5622,TRUE,NA,2026-06-04,2026-06-30,2026-06-26,2026-07-09
5623,TRUE,NA,2026-06-02,2026-06-02,2026-07-09,2026-07-03
5624,TRUE,NA,2026-06-05,2026-07-09,2026-07-10,2026-07-10
5625,TRUE,NA,2026-06-04,2026-06-18,2026-07-03,2026-07-05
5626,TRUE,NA,2026-07-07,2026-07-07,2026-06-26,2026-07-07
5627,TRUE,NA,2026-06-04,2026-06-08,2026-07-05,2026-07-07
5628,TRUE,NA,2026-06-03,2026-07-05,2026-07-07,2026-06-25
5629,TRUE,NA,2026-06-12,2026-07-07,2026-07-09,2026-07-10
5630,TRUE,NA,2026-07-10,2026-07-10,2026-06-18,2026-06-18
5631,TRUE,NA,2026-06-15,2026-07-10,2026-07-03,2026-07-10
5632,TRUE,NA,2026-05-22,2026-06-15,NA,2026-06-30
5633,TRUE,NA,2026-06-30,2026-06-30,2026-07-05,2026-07-05
5634,TRUE,NA,2026-06-12,2026-06-30,2026-07-07,2026-07-09
5635,TRUE,NA,2026-07-10,2026-07-09,2026-06-25,2026-06-29
5636,TRUE,NA,2026-06-18,2026-07-09,2026-06-29,2026-07-09
5637,TRUE,NA,2026-07-03,2026-07-03,2026-07-10,2026-06-18
5638,TRUE,NA,2026-06-30,2026-07-03,2026-06-15,2026-07-05
5639,TRUE,NA,2026-07-05,2026-07-05,NA,2026-07-07
5640,TRUE,NA,2026-07-09,2026-07-10,2026-06-30,2026-07-05
5641,TRUE,NA,2026-06-25,2026-07-07,NA,2026-07-07
5642,TRUE,NA,2026-07-03,2026-06-25,2026-07-09,2026-06-29
5643,TRUE,NA,2026-07-10,2026-06-30,2026-06-18,2026-05-27
5644,TRUE,NA,2026-07-05,2026-07-10,2026-07-03,2026-06-10
5645,TRUE,NA,2026-07-10,2026-07-10,NA,2026-06-26
5646,TRUE,NA,2026-07-10,2026-07-10,2026-07-05,2026-06-05
5647,TRUE,NA,2026-06-15,2026-07-10,2026-07-07,2026-06-29
5648,TRUE,NA,2026-07-09,2026-07-10,2026-06-25,2026-07-10
5649,TRUE,NA,2026-06-30,2026-07-09,NA,2026-06-29
5650,TRUE,NA,2026-07-09,2026-07-10,NA,2026-06-04
5651,TRUE,NA,2026-07-09,2026-07-09,NA,2026-06-30
5652,TRUE,NA,2026-07-05,2026-07-10,NA,2026-06-03
5653,TRUE,NA,2026-07-07,2026-07-09,2026-06-26,2026-07-09
5654,TRUE,NA,2026-07-10,2026-07-10,NA,2026-06-18
5655,TRUE,NA,2026-07-10,2026-07-10,2026-06-29,2026-07-03
5656,TRUE,NA,2026-07-07,2026-07-07,NA,2026-06-12
5657,TRUE,NA,2026-07-10,2026-07-10,2026-06-05,2026-07-10
5658,TRUE,NA,2026-06-30,2026-07-07,NA,2026-07-07
5659,TRUE,NA,2026-07-09,2026-07-09,2026-06-05,2026-06-25
5660,TRUE,NA,2026-07-10,2026-07-09,NA,2026-06-30
5661,TRUE,NA,2026-07-03,2026-07-05,NA,NA
5662,TRUE,NA,2026-07-10,2026-07-10,NA,2026-07-09
5663,TRUE,NA,2026-07-05,2026-06-29,NA,2026-06-18
5664,TRUE,NA,2026-07-07,2026-07-10,2026-06-08,2026-07-03
5665,TRUE,NA,2026-07-09,2026-07-07,NA,NA
5666,TRUE,NA,2026-07-05,2026-07-05,2026-06-08,2026-07-05
5667,TRUE,NA,2026-07-09,2026-07-09,2026-06-12,2026-07-07
5668,TRUE,NA,2026-06-26,2026-06-29,2026-07-10,2026-06-25
5669,TRUE,NA,2026-07-05,2026-07-09,2026-06-15,2026-07-10
5670,TRUE,NA,2026-07-07,2026-06-29,2026-07-10,2026-05-18
5671,TRUE,NA,2026-06-26,2026-07-03,2026-06-30,2026-05-20
5672,TRUE,NA,2026-07-07,2026-07-07,NA,2026-06-30
5673,TRUE,NA,2026-06-29,2026-07-05,2026-07-09,2026-06-26
5674,TRUE,NA,2026-06-10,2026-07-07,2026-06-18,2026-07-09
5675,TRUE,NA,2026-06-29,2026-07-10,2026-07-09,2026-06-29
5676,TRUE,NA,2026-07-10,2026-06-15,2026-06-18,2026-07-03
5677,TRUE,NA,2026-07-10,2026-06-15,2026-07-05,2026-05-28
5678,TRUE,NA,2026-07-10,2026-06-30,2026-07-07,2026-07-05
5679,TRUE,NA,2026-06-30,2026-06-19,2026-07-05,2026-07-07
5680,TRUE,NA,NA,2026-07-09,2026-07-07,2026-06-25
5681,TRUE,NA,2026-07-09,2026-06-18,2026-06-25,2026-06-08
5682,TRUE,NA,2026-07-09,2026-07-03,NA,2026-06-08
5683,TRUE,NA,2026-07-09,2026-06-19,2026-05-18,2026-06-04
5684,TRUE,NA,2026-06-18,2026-07-10,2026-06-26,2026-06-12
5685,TRUE,NA,2026-07-05,2026-07-10,2026-05-26,2026-07-10
5686,TRUE,NA,2026-07-10,2026-07-10,2026-06-29,2026-07-10
5687,TRUE,NA,2026-07-07,2026-06-30,NA,2026-06-29
5688,TRUE,NA,2026-07-07,2026-06-30,2026-06-29,2026-06-30
5689,TRUE,NA,2026-06-30,2026-07-09,2026-06-04,2026-06-30
5690,TRUE,NA,2026-07-10,2026-07-10,NA,2026-07-10
5691,TRUE,NA,NA,NA,NA,NA
5692,TRUE,NA,2026-07-10,2026-07-10,NA,2026-07-03
5693,TRUE,NA,2026-07-03,2026-07-05,2026-05-22,2026-07-03
5694,TRUE,NA,NA,2026-07-07,NA,2026-07-05
5695,TRUE,NA,2026-07-09,2026-07-10,2026-06-02,2026-07-09
5696,TRUE,NA,NA,2026-07-10,NA,NA
5697,TRUE,NA,2026-07-09,2026-07-09,NA,2026-07-03
5698,TRUE,NA,NA,NA,NA,NA
5699,TRUE,NA,2026-07-05,2026-07-05,NA,2026-07-05
5700,TRUE,NA,2026-07-10,2026-07-10,NA,2026-07-07
5701,TRUE,NA,NA,2026-07-09,NA,NA
5702,TRUE,NA,2026-07-07,2026-07-07,NA,2026-06-26
5703,TRUE,NA,2026-06-30,2026-07-03,2026-05-28,2026-06-29
5704,TRUE,NA,2026-06-29,2026-07-05,NA,2026-06-29
5705,TRUE,NA,2026-07-09,2026-07-09,2026-05-26,2026-06-08
5706,TRUE,NA,2026-06-26,2026-07-07,2026-05-22,2026-06-26
5707,TRUE,NA,2026-07-03,2026-07-03,NA,NA
5708,TRUE,NA,2026-06-29,2026-06-29,2026-05-28,2026-07-10
5709,TRUE,NA,2026-07-05,2026-07-05,NA,2026-07-10
5710,TRUE,NA,2026-07-10,2026-07-10,2026-06-02,2026-06-15
5711,TRUE,NA,2026-06-25,2026-06-26,2026-06-03,2026-06-30
5712,TRUE,NA,2026-06-15,2026-06-26,2026-05-29,2026-06-30
5713,TRUE,NA,2026-06-30,2026-06-30,2026-06-05,2026-07-09
5714,TRUE,NA,2026-07-10,2026-07-10,2026-06-04,2026-07-09
5715,TRUE,NA,2026-07-09,2026-07-09,2026-06-02,2026-07-03
5716,TRUE,NA,2026-06-26,2026-06-26,2026-06-03,2026-07-03
5717,TRUE,NA,2026-07-03,2026-07-10,2026-05-29,2026-07-10
5718,TRUE,NA,2026-06-29,2026-06-29,2026-06-05,2026-07-07
5719,TRUE,NA,2026-07-09,2026-07-09,2026-06-04,2026-07-07
5720,TRUE,NA,2026-07-07,2026-07-07,2026-06-08,2026-06-30
5721,TRUE,NA,2026-07-03,2026-07-03,2026-06-03,2026-06-25
5722,TRUE,NA,2026-06-25,2026-07-09,NA,2026-07-09
5723,TRUE,NA,2026-07-05,2026-07-05,2026-07-10,2026-06-17
5724,TRUE,NA,2026-07-07,2026-07-10,2026-06-09,2026-07-10
5725,TRUE,NA,2026-07-10,2026-07-10,2026-06-15,2026-07-10
5726,TRUE,NA,2026-06-25,2026-07-05,2026-06-30,2026-07-05
5727,TRUE,NA,2026-06-26,2026-07-10,2026-06-10,2026-07-07
5728,TRUE,NA,2026-06-30,2026-06-30,2026-07-10,2026-06-30
5729,TRUE,NA,2026-06-29,2026-07-09,2026-06-17,2026-07-09
5730,TRUE,NA,2026-07-09,2026-07-09,2026-07-03,2026-07-09
5731,TRUE,NA,2026-07-10,2026-07-10,2026-06-30,2026-07-03
5732,TRUE,NA,2026-07-03,2026-07-09,2026-07-05,2026-07-03
5733,TRUE,NA,2026-06-29,2026-07-05,2026-07-09,2026-07-05
5734,TRUE,NA,2026-07-05,2026-07-07,2026-06-22,2026-07-07
5735,TRUE,NA,2026-07-07,2026-07-07,2026-07-03,2026-07-07
5736,TRUE,NA,2026-07-09,2026-07-09,2026-06-19,2026-06-29
5737,TRUE,NA,2026-06-25,2026-07-07,2026-07-05,2026-07-10
5738,TRUE,NA,2026-07-03,2026-07-03,2026-07-07,2026-06-25
5739,TRUE,NA,2026-06-19,2026-07-10,2026-06-22,2026-06-15
5740,TRUE,NA,2026-07-05,2026-07-05,2026-06-26,2026-06-30
5741,TRUE,NA,2026-07-07,2026-07-07,2026-05-18,2026-06-26
5742,TRUE,NA,2026-06-26,2026-07-08,2026-06-29,2026-07-09
5743,TRUE,NA,2026-06-25,2026-07-10,2026-07-10,2026-07-10
5744,TRUE,NA,2026-06-29,2026-07-09,2026-06-09,2026-07-03
5745,TRUE,NA,2026-06-08,2026-06-19,2026-06-26,2026-06-29
5746,TRUE,NA,NA,NA,NA,NA
5747,TRUE,NA,2026-06-08,2026-07-07,2026-06-29,2026-07-07
5748,TRUE,NA,2026-07-10,2026-07-10,2026-07-10,2026-07-10
5749,TRUE,NA,NA,2026-07-10,NA,NA
5750,TRUE,NA,2026-07-10,2026-07-10,2026-07-03,2026-07-03
5751,TRUE,NA,NA,NA,NA,NA
5752,TRUE,NA,2026-06-15,2026-07-05,2026-07-05,2026-07-05
5753,TRUE,NA,2026-07-09,2026-07-09,2026-07-10,2026-07-09
5754,TRUE,NA,2026-06-17,2026-07-09,2026-06-22,2026-06-26
5755,TRUE,NA,2026-07-10,2026-07-10,NA,NA
5756,TRUE,NA,NA,NA,NA,NA
5757,TRUE,NA,2026-07-05,2026-07-05,2026-07-05,2026-07-05
5758,TRUE,NA,2026-07-07,2026-07-07,2026-07-09,2026-07-07
5759,TRUE,NA,2026-06-25,2026-07-05,2026-06-25,2026-06-25
5760,TRUE,NA,2026-07-09,2026-07-10,2026-07-03,2026-06-26
5761,TRUE,NA,2026-06-17,2026-06-25,2026-06-19,2026-06-08
5762,TRUE,NA,2026-07-03,2026-07-03,2026-07-05,2026-06-29
5763,TRUE,NA,2026-06-19,2026-06-30,2026-07-07,2026-05-28
5764,TRUE,NA,2026-07-05,2026-07-05,2026-06-26,2026-07-10
5765,TRUE,NA,2026-07-07,2026-07-09,NA,2026-06-09
5766,TRUE,NA,2026-06-29,2026-06-29,2026-06-29,2026-06-29
5767,TRUE,NA,2026-06-02,2026-07-03,2026-06-08,2026-06-30
5768,TRUE,NA,2026-06-08,2026-07-10,NA,2026-06-10
5769,TRUE,NA,2026-05-22,2026-07-05,2026-06-26,2026-07-09
5770,TRUE,NA,2026-06-05,2026-07-10,2026-06-12,2026-06-17
5771,TRUE,NA,2026-07-10,2026-07-10,2026-06-29,2026-07-03
5772,TRUE,NA,2026-06-09,2026-07-10,2026-06-15,2026-06-19
5773,TRUE,NA,2026-06-29,2026-07-09,2026-06-30,2026-07-05
5774,TRUE,NA,2026-06-30,2026-06-30,2026-06-10,2026-07-07
5775,TRUE,NA,2026-07-10,2026-07-10,NA,2026-06-25
5776,TRUE,NA,2026-07-09,2026-07-09,2026-06-17,NA
5777,TRUE,NA,2026-06-17,2026-07-10,2026-06-18,2026-06-08
5778,TRUE,NA,2026-07-03,2026-07-07,2026-06-19,2026-05-22
5779,TRUE,NA,2026-06-19,2026-07-05,NA,2026-05-20
5780,TRUE,NA,2026-07-10,2026-07-10,NA,2026-07-10
5781,TRUE,NA,2026-07-07,2026-07-10,2026-06-25,2026-06-09
5782,TRUE,NA,2026-07-03,2026-07-09,NA,2026-06-29
5783,TRUE,NA,2026-06-30,2026-07-10,2026-05-20,2026-06-30
5784,TRUE,NA,2026-07-05,2026-07-10,NA,2026-06-10
5785,TRUE,NA,2026-07-09,2026-07-10,NA,2026-07-09
5786,TRUE,NA,2026-06-25,2026-07-09,2026-06-26,2026-06-17
5787,TRUE,NA,2026-07-10,2026-07-10,2026-05-25,2026-07-03
5788,TRUE,NA,2026-07-10,2026-07-10,2026-06-29,2026-06-19
5789,TRUE,NA,2026-07-05,2026-07-09,NA,2026-07-05
5790,TRUE,NA,2026-07-07,2026-07-09,NA,2026-07-07
5791,TRUE,NA,2026-06-30,2026-07-07,NA,2026-06-25
5792,TRUE,NA,2026-07-09,2026-07-09,NA,2026-05-27
5793,TRUE,NA,2026-07-09,2026-07-09,2026-06-05,2026-06-05
5794,TRUE,NA,2026-07-03,2026-07-07,NA,2026-05-27
5795,TRUE,NA,2026-07-03,2026-07-07,2026-05-26,2026-06-08
5796,TRUE,NA,2026-07-05,2026-07-05,NA,2026-06-26
5797,TRUE,NA,2026-07-07,2026-07-07,NA,2026-06-03
5798,TRUE,NA,2026-07-07,2026-07-07,2026-05-27,2026-06-29
5799,TRUE,NA,2026-06-25,2026-07-10,2026-05-28,2026-06-09
5800,TRUE,NA,2026-07-10,2026-06-26,2026-06-08,2026-06-08
5801,TRUE,NA,2026-06-09,2026-06-29,NA,2026-06-04
5802,TRUE,NA,2026-06-15,2026-06-30,NA,2026-06-10
5803,TRUE,NA,2026-06-30,2026-07-10,2026-06-12,2026-07-10
5804,TRUE,NA,2026-06-26,2026-07-09,2026-06-09,2026-07-10
5805,TRUE,NA,2026-07-09,2026-06-29,2026-06-15,2026-06-15
5806,TRUE,NA,2026-06-29,2026-07-03,2026-06-02,2026-06-30
5807,TRUE,NA,2026-07-03,2026-06-09,2026-06-10,2026-06-30
5808,TRUE,NA,2026-07-10,2026-07-10,NA,2026-07-09
5809,TRUE,NA,2026-07-05,2026-07-07,2026-06-17,2026-07-09
5810,TRUE,NA,2026-07-07,2026-07-03,2026-06-18,2026-07-03
5811,TRUE,NA,2026-06-30,2026-07-02,2026-06-19,2026-07-03
5812,TRUE,NA,2026-06-10,2026-07-05,2026-05-20,2026-07-05
5813,TRUE,NA,2026-07-09,2026-07-09,NA,2026-07-07
5814,TRUE,NA,2026-06-17,2026-06-19,2026-06-25,2026-07-07
5815,TRUE,NA,2026-07-03,2026-07-05,2026-05-20,2026-06-25
5816,TRUE,NA,2026-06-26,2026-07-07,2026-05-25,2026-05-18
5817,TRUE,NA,2026-07-05,2026-07-05,2026-05-22,NA
5818,TRUE,NA,2026-07-07,2026-07-07,NA,2026-05-20
5819,TRUE,NA,2026-06-25,2026-07-10,2026-06-26,2026-06-26
5820,TRUE,NA,2026-07-10,2026-06-09,2026-05-22,2026-06-26
5821,TRUE,NA,2026-06-09,2026-06-29,NA,2026-06-29
5822,TRUE,NA,2026-06-15,2026-06-30,2026-05-20,2026-06-29
5823,TRUE,NA,2026-07-10,2026-06-10,NA,2026-06-05
5824,TRUE,NA,2026-06-26,2026-07-09,2026-05-26,2026-05-28
5825,TRUE,NA,2026-07-09,2026-07-10,NA,2026-06-05
5826,TRUE,NA,2026-06-30,2026-07-03,2026-05-25,2026-06-08
5827,TRUE,NA,2026-07-03,2026-06-19,2026-05-27,NA
5828,TRUE,NA,2026-07-09,2026-07-05,2026-05-28,2026-05-29
5829,TRUE,NA,2026-07-10,2026-07-10,2026-06-05,2026-07-10
5830,TRUE,NA,2026-07-07,2026-07-09,2026-05-27,2026-06-09
5831,TRUE,NA,2026-06-25,2026-06-17,2026-05-28,2026-06-15
5832,TRUE,NA,2026-07-05,2026-07-03,2026-05-29,2026-06-30
5833,TRUE,NA,2026-07-10,2026-07-10,NA,2026-07-10
5834,TRUE,NA,2026-07-09,2026-07-09,2026-06-04,2026-07-09
5835,TRUE,NA,2026-07-10,2026-07-07,2026-06-02,2026-06-17
5836,TRUE,NA,2026-07-05,2026-07-03,2026-06-08,2026-07-03
5837,TRUE,NA,2026-07-10,2026-07-10,2026-07-10,2026-07-10
5838,TRUE,NA,2026-07-09,2026-07-09,2026-06-02,2026-07-09
5839,TRUE,NA,2026-07-10,2026-07-10,2026-06-12,2026-07-07
5840,TRUE,NA,2026-07-10,2026-07-10,2026-06-30,2026-07-03
5841,TRUE,NA,2026-06-29,2026-06-26,2026-06-15,2026-07-10
5842,TRUE,NA,2026-07-09,2026-07-09,2026-07-09,2026-07-09
5843,TRUE,NA,2026-07-10,2026-07-07,2026-06-10,2026-07-07
5844,TRUE,NA,2026-07-10,2026-07-09,2026-07-03,2026-07-03
5845,TRUE,NA,2026-07-09,2026-07-09,2026-06-17,2026-06-26
5846,TRUE,NA,2026-07-05,2026-07-05,2026-07-05,2026-07-09
5847,TRUE,NA,2026-07-07,2026-07-07,2026-07-07,2026-07-07
5848,TRUE,NA,2026-07-09,2026-07-05,2026-06-25,2026-06-25
5849,TRUE,NA,2026-07-09,2026-07-07,2026-06-04,2026-06-26
5850,TRUE,NA,2026-07-07,2026-07-07,2026-06-22,2026-06-22
5851,TRUE,NA,2026-07-03,2026-06-29,2026-06-03,2026-07-07
5852,TRUE,NA,2026-07-10,2026-07-10,NA,2026-05-18
5853,TRUE,NA,2026-07-07,2026-06-26,2026-06-26,2026-06-26
5854,TRUE,NA,2026-07-10,2026-07-10,NA,2026-06-05
5855,TRUE,NA,2026-07-10,2026-07-10,2026-06-29,2026-06-29
5856,TRUE,NA,2026-06-26,2026-06-26,NA,2026-06-05
5857,TRUE,NA,2026-07-09,2026-07-09,2026-05-18,2026-06-04
5858,TRUE,NA,2026-06-30,2026-06-30,2026-06-05,2026-06-02
5859,TRUE,NA,2026-07-09,2026-07-09,NA,2026-06-03
5860,TRUE,NA,2026-07-09,2026-07-09,NA,2026-05-22
5861,TRUE,NA,2026-07-10,2026-07-10,2026-06-05,2026-06-08
5862,TRUE,NA,2026-07-07,2026-07-10,2026-05-20,2026-07-10
5863,TRUE,NA,2026-07-05,2026-07-05,NA,2026-06-08
5864,TRUE,NA,2026-07-07,2026-07-10,NA,2026-07-10
5865,TRUE,NA,2026-07-07,2026-07-07,2026-06-08,2026-06-30
5866,TRUE,NA,2026-07-09,2026-07-09,2026-07-10,2026-06-15
5867,TRUE,NA,2026-07-02,2026-07-09,2026-05-22,2026-07-09
5868,TRUE,NA,2026-07-03,2026-07-03,2026-06-12,2026-06-15
5869,TRUE,NA,2026-07-03,2026-07-09,2026-07-10,2026-07-09
5870,TRUE,NA,2026-07-05,2026-07-05,2026-06-15,2026-06-17
5871,TRUE,NA,2026-07-07,2026-07-10,2026-07-09,2026-07-05
5872,TRUE,NA,2026-06-25,2026-07-10,2026-06-30,2026-07-10
5873,TRUE,NA,2026-06-29,2026-07-05,2026-07-03,2026-07-05
5874,TRUE,NA,2026-06-22,2026-07-07,2026-07-09,2026-07-07
5875,TRUE,NA,2026-06-22,2026-06-30,2026-07-05,2026-06-30
5876,TRUE,NA,2026-05-20,2026-07-09,2026-07-10,2026-06-15
5877,TRUE,NA,2026-06-26,2026-07-09,2026-06-25,2026-07-09
5878,TRUE,NA,2026-06-26,2026-07-03,2026-07-05,2026-06-26
5879,TRUE,NA,2026-06-29,2026-07-03,2026-07-07,2026-07-03
5880,TRUE,NA,2026-06-29,2026-07-10,2026-06-25,2026-07-10
5881,TRUE,NA,2026-06-19,2026-07-07,2026-07-10,2026-07-05
5882,TRUE,NA,2026-06-25,2026-07-07,2026-06-26,2026-07-07
5883,TRUE,NA,2026-06-03,2026-07-10,2026-07-03,2026-06-30
5884,TRUE,NA,2026-06-22,2026-06-22,2026-06-30,2026-06-15
5885,TRUE,NA,2026-05-29,2026-07-09,2026-07-05,2026-07-09
5886,TRUE,NA,2026-05-25,2026-06-30,2026-07-09,2026-06-10
5887,TRUE,NA,2026-06-26,2026-07-10,2026-06-29,2026-07-10
5888,TRUE,NA,2026-06-02,2026-07-09,2026-07-03,2026-06-26
5889,TRUE,NA,2026-06-29,2026-07-05,2026-06-22,2026-07-10
5890,TRUE,NA,2026-07-10,2026-07-07,2026-07-05,2026-07-07
5891,TRUE,NA,2026-05-27,2026-06-25,2026-07-07,2026-06-25
5892,TRUE,NA,2026-07-10,2026-07-10,2026-06-26,2026-07-09
5893,TRUE,NA,2026-06-30,2026-07-10,2026-05-26,2026-06-22
5894,TRUE,NA,2026-06-15,2026-07-03,2026-06-29,2026-07-09
5895,TRUE,NA,2026-07-09,2026-06-17,2026-05-25,2026-06-17
5896,TRUE,NA,2026-06-10,2026-07-05,2026-06-04,2026-07-05
5897,TRUE,NA,2026-07-09,2026-07-09,2026-06-26,2026-07-07
5898,TRUE,NA,2026-07-10,2026-07-09,2026-06-03,2026-07-05
5899,TRUE,NA,2026-07-05,2026-07-03,2026-06-29,2026-07-07
5900,TRUE,NA,2026-07-07,2026-07-08,NA,2026-06-25
5901,TRUE,NA,2026-07-05,2026-07-05,2026-05-29,2026-06-05
5902,TRUE,NA,2026-07-07,2026-07-07,2026-05-26,2026-06-22
5903,TRUE,NA,2026-07-09,2026-07-07,2026-06-04,2026-06-26
5904,TRUE,NA,2026-07-10,2026-07-10,2026-06-02,2026-06-05
5905,TRUE,NA,2026-07-03,2026-07-07,2026-06-03,2026-06-29
5906,TRUE,NA,2026-06-26,2026-06-25,2026-05-28,2026-05-28
5907,TRUE,NA,2026-07-05,2026-06-30,2026-05-28,2026-06-29
5908,TRUE,NA,2026-07-07,2026-06-22,2026-06-05,2026-06-08
5909,TRUE,NA,2026-07-09,2026-07-09,NA,2026-07-10
5910,TRUE,NA,2026-05-29,2026-06-10,2026-05-29,2026-06-08
5911,TRUE,NA,2026-07-03,2026-07-03,2026-05-29,2026-07-10
5912,TRUE,NA,2026-07-10,2026-07-10,2026-06-04,2026-07-10
5913,TRUE,NA,2026-07-10,2026-07-10,2026-06-04,2026-06-12
5914,TRUE,NA,2026-07-10,2026-07-07,2026-06-05,2026-07-09
5915,TRUE,2026-05-20,2026-06-30,2026-06-30,2026-06-08,2026-06-30
5916,TRUE,2026-05-20,2026-06-29,2026-06-30,2026-05-22,2026-07-09
5917,TRUE,2026-05-20,2026-07-10,2026-07-09,NA,2026-07-09
5918,TRUE,2026-05-20,2026-06-10,2026-07-09,2026-06-12,2026-07-03
5919,TRUE,2026-05-20,2026-07-10,2026-07-03,2026-06-09,2026-07-03
5920,TRUE,2026-05-21,2026-06-26,2026-07-10,2026-06-15,2026-07-05
5921,TRUE,2026-05-21,2026-07-05,2026-07-05,2026-06-08,2026-07-07
5922,TRUE,2026-05-21,2026-07-09,2026-07-10,2026-06-10,2026-07-10
5923,TRUE,2026-05-21,2026-07-05,2026-07-07,2026-05-26,2026-06-25
5924,TRUE,2026-05-22,2026-07-09,2026-06-25,2026-06-17,2026-06-22
5925,TRUE,2026-05-26,2026-06-22,2026-07-10,2026-06-18,2026-07-10
5926,TRUE,2026-05-26,2026-07-05,2026-06-22,2026-06-19,2026-06-19
5927,TRUE,2026-05-26,2026-07-10,2026-07-09,2026-06-25,2026-07-09
5928,TRUE,2026-05-26,2026-07-05,2026-07-10,2026-06-10,2026-06-30
5929,TRUE,2026-05-26,2026-07-07,2026-07-03,2026-06-22,2026-07-03
5930,TRUE,2026-05-26,2026-07-10,2026-07-10,2026-06-17,2026-07-09
5931,TRUE,2026-05-26,2026-06-05,2026-07-05,2026-06-18,2026-07-05
5932,TRUE,2026-05-27,2026-07-09,2026-07-07,2026-06-26,2026-07-07
5933,TRUE,2026-05-27,2026-06-30,2026-07-09,2026-06-04,2026-06-25
5934,TRUE,2026-05-27,2026-07-03,2026-07-10,2026-06-28,2026-07-05
5935,TRUE,2026-05-28,2026-07-09,2026-07-09,2026-07-10,2026-07-07
5936,TRUE,2026-05-29,2026-07-05,2026-06-25,2026-06-16,2026-06-25
5937,TRUE,2026-05-29,2026-07-07,2026-07-05,2026-06-12,2026-06-05
5938,TRUE,2026-05-29,2026-07-10,2026-07-10,2026-06-30,2026-06-26
5939,TRUE,2026-05-29,2026-07-05,2026-07-10,2026-06-15,NA
5940,TRUE,2026-05-30,2026-07-07,2026-07-07,2026-07-09,2026-06-29
5941,TRUE,2026-05-30,2026-06-30,2026-06-30,2026-06-10,2026-06-26
5942,TRUE,2026-06-02,2026-07-10,2026-06-30,2026-07-03,NA
5943,TRUE,2026-06-03,2026-07-10,2026-07-10,2026-07-10,2026-07-10
5944,TRUE,2026-06-05,2026-07-10,2026-07-10,2026-07-10,2026-07-10
5945,TRUE,2026-06-05,2026-07-03,2026-07-03,2026-07-07,NA
5946,TRUE,2026-06-05,2026-06-30,2026-07-03,2026-06-30,2026-06-30
5947,TRUE,2026-06-05,2026-07-09,2026-07-10,2026-06-30,2026-06-30
5948,TRUE,2026-06-05,2026-07-10,2026-07-10,2026-07-09,2026-07-09
5949,TRUE,2026-06-05,2026-07-10,2026-07-10,2026-07-09,2026-07-09
5950,TRUE,2026-06-05,2026-07-10,2026-07-03,2026-07-03,2026-07-03
5951,TRUE,2026-06-05,2026-07-05,2026-07-05,2026-07-03,2026-07-03
5952,TRUE,2026-06-05,2026-07-07,2026-07-09,2026-07-05,2026-07-05
5953,TRUE,2026-06-05,2026-07-09,2026-07-09,2026-07-07,2026-07-07
5954,TRUE,2026-06-05,2026-07-09,2026-07-09,2026-07-07,2026-07-07
5955,TRUE,2026-06-05,2026-07-09,2026-07-03,2026-06-25,2026-06-25
5956,TRUE,2026-06-05,2026-07-03,2026-07-05,2026-06-25,2026-06-25
5957,TRUE,2026-06-05,2026-07-05,2026-07-07,2026-06-22,2026-06-22
5958,TRUE,2026-06-05,2026-07-07,2026-07-07,2026-06-22,2026-06-22
5959,TRUE,2026-06-05,2026-07-07,2026-07-10,NA,NA
5960,TRUE,2026-06-05,2026-07-07,2026-06-29,2026-06-26,2026-06-26
5961,TRUE,2026-06-05,2026-06-29,2026-06-29,2026-06-26,2026-06-26
5962,TRUE,2026-06-05,2026-07-10,2026-07-10,2026-06-29,2026-06-29
5963,TRUE,2026-06-05,2026-06-29,2026-06-29,2026-06-29,2026-06-29
5964,TRUE,2026-06-05,2026-06-22,2026-07-10,2026-07-10,2026-07-10
5965,TRUE,2026-06-05,2026-06-30,2026-06-30,2026-06-05,2026-06-12
5966,TRUE,2026-06-06,2026-06-26,2026-07-10,NA,2026-07-10
5967,TRUE,2026-06-06,2026-07-09,2026-07-10,2026-06-30,2026-06-30
5968,TRUE,2026-06-06,2026-06-29,2026-07-10,2026-06-09,2026-06-09
5969,TRUE,2026-06-06,2026-07-03,2026-07-09,2026-07-09,2026-07-09
5970,TRUE,2026-06-06,NA,2026-06-30,NA,NA
5971,TRUE,2026-06-06,2026-07-05,2026-07-09,2026-07-03,2026-07-09
5972,TRUE,2026-06-06,2026-07-07,2026-07-09,2026-06-08,2026-07-10
5973,FALSE,2026-06-09,NA,NA,NA,NA
5974,FALSE,2026-06-09,NA,NA,NA,NA
5975,FALSE,2026-06-09,NA,NA,NA,NA
5976,FALSE,2026-06-09,NA,NA,NA,NA
5977,FALSE,2026-06-10,NA,NA,NA,NA
5978,FALSE,2026-06-10,NA,NA,NA,NA
5979,FALSE,2026-06-10,NA,NA,NA,NA
5980,FALSE,2026-06-16,NA,NA,NA,NA
5981,FALSE,2026-06-16,NA,NA,NA,NA
5982,FALSE,2026-06-18,NA,NA,NA,NA
5983,FALSE,2026-06-19,NA,NA,NA,NA
5984,FALSE,2026-06-20,NA,NA,NA,NA
5985,FALSE,2026-06-20,NA,NA,NA,NA
5986,FALSE,2026-06-20,NA,NA,NA,NA
5987,FALSE,2026-06-26,NA,NA,NA,NA
5988,FALSE,2026-06-26,NA,NA,NA,NA
5989,FALSE,2026-06-26,NA,NA,NA,NA
5990,FALSE,2026-06-27,NA,NA,NA,NA
5991,FALSE,2026-06-27,NA,NA,NA,NA
